model,features,RMSE,RMSE_std,MAE,MAPE,n_seeds,batteryml_published_RMSE,note
Dummy,expert,398.8227857367373,0.0,238.988435857944,0.2820162010115599,1.0,398,
Variance model,expert,136.12960217167205,0.0,109.06491376120123,0.15393312102343973,1.0,136,
Discharge model,expert,329.04839915571506,0.0,139.9311831907725,0.16532950812779196,1.0,329,
Full model,expert,166.7930666045712,0.0,113.4409994191428,0.1599151697470599,1.0,167,
Ridge (QdLinear),QdLinear,115.78977362378599,0.0,80.41337955381907,0.10506367223412354,1.0,116,
PCR (QdLinear),QdLinear,123.1125359207812,0.0,83.97665072820762,0.10947125122456476,1.0,90,
PLSR (QdLinear),QdLinear,103.65314079603901,0.0,73.9638553567966,0.10072428554261403,1.0,104,
Gaussian process (QdLinear),QdLinear,153.96701552092398,0.0,108.59363591617941,0.15579874666182197,1.0,154,
XGBoost (QdLinear),QdLinear,333.66453166542186,0.0,155.50150665922254,0.18905653119033558,1.0,334,
Random forest (QdLinear),QdLinear,173.52985997110983,10.389283205602684,109.9024078707645,0.14062383424233685,10.0,168±9,
MLP (QdLinear),QdLinear,,,,,,149±3,"not re-run (BatteryML torch MLP, 5000 epochs); see our MLP in exp1"
