feature,introduced_in_set,formula,unit,source_signal,observation_window,physical_interpretation,leakage_assessment
dq_min_log,A,"log10|min_V ΔQ(V)|, ΔQ = smooth(Q_{T-1}(V) - Q_9(V))",log10 Ah,Qdlin,"cycles 10, T",Largest local capacity loss along the discharge curve,"Uses cycles 1..T only (Window-enforced, unit-tested)"
dq_var_log,A,log10 Var_V[ΔQ(V)] (unbiased),log10 Ah²,Qdlin,"cycles 10, T",Non-uniformity of discharge-curve change; Severson's single best predictor,"Uses cycles 1..T only (Window-enforced, unit-tested)"
dq_skew_log,A,log10 |skewness of ΔQ(V)|,log10 (-),Qdlin,"cycles 10, T",Asymmetry of curve change,"Uses cycles 1..T only (Window-enforced, unit-tested)"
dq_kurt_log,A,log10 kurtosis of ΔQ(V),log10 (-),Qdlin,"cycles 10, T",Peakedness of curve change,"Uses cycles 1..T only (Window-enforced, unit-tested)"
qd_early,A,Qd at index 4 (BatteryML indexes Qd[2:99][2]),Ah,Qd,cycle 5,Initial usable capacity,"Uses cycles 1..T only (Window-enforced, unit-tested)"
qd_max_minus_early,A,max(Qd_2..98) - qd_early,Ah,Qd,cycles 3-99,Early capacity rise (LFP break-in). Sensitive to logging spikes (b1c18),"Uses cycles 1..T only (Window-enforced, unit-tested)"
qd_slope,A,"OLS slope of Qd_k vs k, k = 2..98",Ah/cycle,Qd,cycles 3-99,Early fade rate,"Uses cycles 1..T only (Window-enforced, unit-tested)"
qd_intercept,A,OLS intercept of the same fit,Ah,Qd,cycles 3-99,Fitted initial capacity,"Uses cycles 1..T only (Window-enforced, unit-tested)"
t_early_chg_log,A,log mean_{k=0..3} Σ dt[I<0] (BatteryML 'Average early charge time'),log min,"I, t",cycles 1-4,"Actually the discharge(+CV-hold) duration, mislabelled in BatteryML; protocol-dependent","Uses cycles 1..T only (Window-enforced, unit-tested)"
temp_avg_log,A,log mean_{k=2..T-1} mean_t T,log °C,T,cycles 3-T,Average cell temperature (BatteryML 'Integral of temperature'),"Uses cycles 1..T only (Window-enforced, unit-tested)"
ir_min,A,min_{k=2..T-1} IR_k,Ω,IR,cycles 3-T,Lowest internal resistance (0 for batch-1 artefact cells),"Uses cycles 1..T only (Window-enforced, unit-tested)"
ir_change,A,IR_{T-1} - IR_2,Ω,IR,"cycles 3, T",Early resistance growth,"Uses cycles 1..T only (Window-enforced, unit-tested)"
qd_ref,B,Qd_1 (cleaned),Ah,Qd,cycle 2,Initial discharge capacity,"Uses cycles 1..T only (Window-enforced, unit-tested)"
qc_ref,B,Qc_1 (cleaned),Ah,Qc,cycle 2,Initial charge capacity,"Uses cycles 1..T only (Window-enforced, unit-tested)"
qd_mean,B,mean_W Qd,Ah,Qd,W,Average early capacity,"Uses cycles 1..T only (Window-enforced, unit-tested)"
qd_std,B,std_W Qd,Ah,Qd,W,Capacity variability over early life,"Uses cycles 1..T only (Window-enforced, unit-tested)"
qd_retention,B,median(Qd_{T-5..T-1}) / median(Qd_{1..3}),-,Qd,"cycles 2-4, T-4..T",Capacity retained at cycle T relative to cycle 2,"Uses cycles 1..T only (Window-enforced, unit-tested)"
qd_max_minus_ref,B,max_{k≥1} Qd_k - Qd_1,Ah,Qd,W,"Early capacity rise, spike-robust","Uses cycles 1..T only (Window-enforced, unit-tested)"
qd_slope,B,"OLS slope of Qd vs k over k = 1..T-1, per 100 cycles",Ah/100 cyc,Qd,W,Average fade rate,"Uses cycles 1..T only (Window-enforced, unit-tested)"
qd_slope_late,B,OLS slope over k = T/2..T-1,Ah/100 cyc,Qd,second half of W,Recent fade trend,"Uses cycles 1..T only (Window-enforced, unit-tested)"
ce_mean,B,mean_W Qd_k/Qc_k,-,"Qd, Qc",W,Coulombic efficiency (side-reaction losses),"Uses cycles 1..T only (Window-enforced, unit-tested)"
ce_std,B,std_W Qd_k/Qc_k,-,"Qd, Qc",W,Early-cycle instability,"Uses cycles 1..T only (Window-enforced, unit-tested)"
ce_slope,B,OLS slope of CE vs k,1/100 cyc,"Qd, Qc",W,CE trend,"Uses cycles 1..T only (Window-enforced, unit-tested)"
v_dis_avg_mean,B,mean_W (∫V dQ / ΔQ) over discharge points (I < -0.1 A),V,"V, Qd, I",W,"Mean discharge voltage, falls with polarisation / resistance","Uses cycles 1..T only (Window-enforced, unit-tested)"
v_dis_avg_std,B,std_W of the same,V,"V, Qd, I",W,Voltage-curve variability across cycles,"Uses cycles 1..T only (Window-enforced, unit-tested)"
e_dis_mean,B,mean_W ∫V dQ (discharge),Wh,"V, Qd, I",W,Area under the discharge voltage curve (energy),"Uses cycles 1..T only (Window-enforced, unit-tested)"
v_q10_last,B,V where Q_{T-1}(V) = 0.1 Q_{T-1}(2.0 V),V,Qdlin,cycle T,"Voltage quantile, early discharge","Uses cycles 1..T only (Window-enforced, unit-tested)"
v_q50_last,B,V at 50 % of delivered capacity,V,Qdlin,cycle T,Mid-discharge voltage (plateau),"Uses cycles 1..T only (Window-enforced, unit-tested)"
v_q90_last,B,V at 90 % of delivered capacity,V,Qdlin,cycle T,End-of-discharge voltage,"Uses cycles 1..T only (Window-enforced, unit-tested)"
i_chg_mean,B,mean_W time-weighted mean charge current (I > 0.05 A),A,"I, t",W,Charging aggressiveness (fast-charge protocol),"Uses cycles 1..T only (Window-enforced, unit-tested)"
i_chg_std,B,mean_W time-weighted std of charge current,A,"I, t",W,Multi-step protocol current variability,"Uses cycles 1..T only (Window-enforced, unit-tested)"
i_max,B,max_W |I|,A,I,W,Peak current (highest C-rate step),"Uses cycles 1..T only (Window-enforced, unit-tested)"
t_chg_mean,B,mean_W Σ dt[I > 0.05 A],min,"I, t",W,Charge duration,"Uses cycles 1..T only (Window-enforced, unit-tested)"
t_dis_mean,B,mean_W Σ dt[I < -0.1 A],min,"I, t",W,Discharge duration (≈ capacity / 4C current),"Uses cycles 1..T only (Window-enforced, unit-tested)"
t_cv_mean,B,mean_W Σ dt[I > 0.05 A and V ≥ 3.595 V],min,"I, V, t",W,Constant-voltage duration,"Uses cycles 1..T only (Window-enforced, unit-tested)"
temp_mean,B,mean_W mean_t T,°C,T,W,Average temperature,"Uses cycles 1..T only (Window-enforced, unit-tested)"
temp_max,B,max_W max_t T (Hampel),°C,T,W,Peak temperature,"Uses cycles 1..T only (Window-enforced, unit-tested)"
temp_range,B,mean_W (max_t T - min_t T),°C,T,W,Within-cycle self-heating,"Uses cycles 1..T only (Window-enforced, unit-tested)"
temp_std,B,std_W mean_t T,°C,T,W,Temperature variability across cycles,"Uses cycles 1..T only (Window-enforced, unit-tested)"
ir_ref,B,IR_1 (IR ≤ 0 treated as missing),Ω,IR,cycle 2,Initial internal resistance,"Uses cycles 1..T only (Window-enforced, unit-tested)"
ir_min,B,min_W IR (IR ≤ 0 missing),Ω,IR,W,Lowest internal resistance,"Uses cycles 1..T only (Window-enforced, unit-tested)"
ir_change,B,median(IR_{T-5..T-1}) - median(IR_{1..3}),Ω,IR,W,Early resistance growth,"Uses cycles 1..T only (Window-enforced, unit-tested)"
qd_curvature,C,quadratic coefficient of Qd vs k/100 over k = 1..T-1,Ah/(100 cyc)²,Qd,W,Capacity-fade acceleration,"Uses cycles 1..T only (Window-enforced, unit-tested)"
qd_slope_last10,C,OLS slope over the last 10 cycles,Ah/100 cyc,Qd,cycles T-9..T,Rolling (recent) fade rate,"Uses cycles 1..T only (Window-enforced, unit-tested)"
qd_resid_std_last10,C,std of residuals of that fit,Ah,Qd,cycles T-9..T,Rolling capacity noise,"Uses cycles 1..T only (Window-enforced, unit-tested)"
dq_var_log,C,as Set A (cycle 10 vs T),log10 Ah²,Qdlin,"cycles 10, T",Curve-shape change,"Uses cycles 1..T only (Window-enforced, unit-tested)"
dq_min_log,C,as Set A,log10 Ah,Qdlin,"cycles 10, T",Curve-shape change,"Uses cycles 1..T only (Window-enforced, unit-tested)"
dq_mean,C,mean_V ΔQ(V),Ah,Qdlin,"cycles 10, T",Average curve shift,"Uses cycles 1..T only (Window-enforced, unit-tested)"
dq_rms,C,sqrt(mean_V ΔQ(V)²),Ah,Qdlin,"cycles 10, T",Curve-shape distance (L2),"Uses cycles 1..T only (Window-enforced, unit-tested)"
dv_q50,C,v_q50(T) - v_q50(10),V,Qdlin,"cycles 10, T",Change in mid-discharge voltage,"Uses cycles 1..T only (Window-enforced, unit-tested)"
dv_dis_avg,C,"level(v_dis_avg, end) - level(v_dis_avg, ref)",V,"V, Qd, I",W,Polarisation growth,"Uses cycles 1..T only (Window-enforced, unit-tested)"
dqdv_peak_shift,C,V of max -dQ/dV at cycle T minus at cycle 10,V,Qdlin,"cycles 10, T","Peak shift; at 4C peaks are polarisation-broadened, interpret relatively","Uses cycles 1..T only (Window-enforced, unit-tested)"
dqdv_peak_ratio,C,height of max -dQ/dV at T / at 10,-,Qdlin,"cycles 10, T",Peak attenuation (loss of active material),"Uses cycles 1..T only (Window-enforced, unit-tested)"
t_chg_slope,C,OLS slope of charge duration,min/100 cyc,"I, t",W,Charge duration trend,"Uses cycles 1..T only (Window-enforced, unit-tested)"
t_dis_slope,C,OLS slope of discharge duration,min/100 cyc,"I, t",W,Discharge duration trend (∝ fade),"Uses cycles 1..T only (Window-enforced, unit-tested)"
t_cv_slope,C,OLS slope of CV duration,min/100 cyc,"I, V, t",W,CV duration trend (∝ resistance),"Uses cycles 1..T only (Window-enforced, unit-tested)"
ir_slope,C,OLS slope of cleaned IR,Ω/100 cyc,IR,W,Resistance growth rate,"Uses cycles 1..T only (Window-enforced, unit-tested)"
temp_slope,C,OLS slope of cycle-mean temperature,°C/100 cyc,T,W,Thermal trend,"Uses cycles 1..T only (Window-enforced, unit-tested)"
