cell_id,partition,batteryml_label,legacy_label_n_cycles,n_cycles_recorded,legacy_minus_batteryml
b1c1,train,2160.0,2158.0,2158,-2.0
b1c3,train,1434.0,1432.0,1432,-2.0
b1c5,train,1074.0,1072.0,1072,-2.0
b1c7,train,870.0,868.0,868,-2.0
b1c11,train,788.0,786.0,786,-2.0
b1c15,train,719.0,717.0,717,-2.0
b1c17,train,857.0,855.0,855,-2.0
b1c19,train,788.0,786.0,786,-2.0
b1c21,train,559.0,557.0,557,-2.0
b1c24,train,1017.0,1015.0,1015,-2.0
b1c26,train,870.0,868.0,868,-2.0
b1c28,train,860.0,858.0,858,-2.0
b1c30,train,709.0,707.0,707,-2.0
b1c32,train,731.0,729.0,729,-2.0
b1c34,train,742.0,740.0,740,-2.0
b1c36,train,704.0,702.0,702,-2.0
b1c38,train,617.0,615.0,615,-2.0
b1c40,train,966.0,964.0,964,-2.0
b1c42,train,702.0,700.0,700,-2.0
b1c44,train,616.0,614.0,614,-2.0
b2c0,train,300.0,325.0,325,25.0
b2c2,train,438.0,463.0,463,25.0
b2c4,train,444.0,470.0,470,26.0
b2c6,train,511.0,544.0,544,33.0
b2c11,train,477.0,504.0,504,27.0
b2c13,train,483.0,519.0,519,36.0
b2c17,train,494.0,524.0,524,30.0
b2c19,train,461.0,488.0,488,27.0
b2c21,train,489.0,519.0,519,30.0
b2c23,train,527.0,561.0,561,34.0
b2c25,train,461.0,486.0,486,25.0
b2c27,train,468.0,494.0,494,26.0
b2c29,train,498.0,521.0,521,23.0
b2c31,train,492.0,518.0,518,26.0
b2c33,train,520.0,545.0,545,25.0
b2c35,train,463.0,485.0,485,22.0
b2c37,train,478.0,501.0,501,23.0
b2c39,train,459.0,479.0,479,20.0
b2c41,train,429.0,451.0,451,22.0
b2c43,train,462.0,486.0,486,24.0
b2c45,train,487.0,513.0,513,26.0
b1c0,test,1852.0,1850.0,1850,-2.0
b1c2,test,2237.0,2235.0,2235,-2.0
b1c4,test,1709.0,1707.0,1707,-2.0
b1c6,test,636.0,634.0,634,-2.0
b1c9,test,1054.0,1052.0,1052,-2.0
b1c14,test,880.0,878.0,878,-2.0
b1c16,test,862.0,860.0,860,-2.0
b1c18,test,691.0,689.0,689,-2.0
b1c20,test,534.0,532.0,532,-2.0
b1c23,test,1014.0,1012.0,1012,-2.0
b1c25,test,854.0,852.0,852,-2.0
b1c27,test,842.0,840.0,840,-2.0
b1c29,test,917.0,915.0,915,-2.0
b1c31,test,876.0,874.0,874,-2.0
b1c33,test,757.0,755.0,755,-2.0
b1c35,test,703.0,701.0,701,-2.0
b1c37,test,648.0,646.0,646,-2.0
b1c39,test,625.0,623.0,623,-2.0
b1c41,test,1051.0,1049.0,1049,-2.0
b1c43,test,651.0,649.0,649,-2.0
b1c45,test,599.0,597.0,597,-2.0
b2c3,test,335.0,360.0,360,25.0
b2c5,test,480.0,506.0,506,26.0
b2c10,test,561.0,595.0,595,34.0
b2c12,test,458.0,490.0,490,32.0
b2c14,test,485.0,508.0,508,23.0
b2c18,test,487.0,522.0,522,35.0
b2c20,test,502.0,530.0,530,28.0
b2c22,test,513.0,539.0,539,26.0
b2c24,test,495.0,523.0,523,28.0
b2c26,test,471.0,497.0,497,26.0
b2c28,test,509.0,540.0,540,31.0
b2c30,test,481.0,506.0,506,25.0
b2c32,test,519.0,543.0,543,24.0
b2c34,test,499.0,525.0,525,26.0
b2c36,test,535.0,559.0,559,24.0
b2c38,test,465.0,486.0,486,21.0
b2c40,test,499.0,529.0,529,30.0
b2c42,test,466.0,491.0,491,25.0
b2c44,test,457.0,478.0,478,21.0
b2c46,test,429.0,448.0,448,19.0
b2c47,test,713.0,744.0,744,31.0
