max_depth,n_estimators,learning_rate,test_RMSE
2,50,0.05,178.0348799052176
2,50,0.1,112.29255238439659
2,50,0.3,102.12568817266501
2,100,0.05,113.08107391934871
2,100,0.1,106.47707006029354
2,100,0.3,101.52496361011526
2,300,0.05,101.91788116948038
2,300,0.1,105.96367691896346
2,300,0.3,101.77531980940778
3,50,0.05,164.70913790414616
3,50,0.1,103.2742437979762
3,50,0.3,112.67165030034793
3,100,0.05,102.2935979484402
3,100,0.1,104.5071759779585
3,100,0.3,112.8128137951453
3,300,0.05,104.6941636955199
3,300,0.1,105.57946136830834
3,300,0.3,112.8128137951453
4,50,0.05,158.4614949399367
4,50,0.1,110.48078035462918
4,50,0.3,124.47246554826374
4,100,0.05,110.38815856399954
4,100,0.1,123.17008590687257
4,100,0.3,124.5082243523855
4,300,0.05,123.86385284461603
4,300,0.1,124.51922315785325
4,300,0.3,124.50822272980068
6,50,0.05,162.30954131525397
6,50,0.1,118.00738060003154
6,50,0.3,125.92045472336379
6,100,0.05,115.66499982406832
6,100,0.1,130.07534503629088
6,100,0.3,125.92231130585951
6,300,0.05,129.7849120326913
6,300,0.1,131.87156044247084
6,300,0.3,125.92231130585951
