cell_id,partition,c1,soc_switch,c2,protocol,protocol_seen_in_train
b1c1,train,3.6,80.0,3.6,3.6C(80%)-3.6C,False
b1c3,train,4.0,80.0,4.0,4C(80%)-4C,False
b1c5,train,4.4,80.0,4.4,4.4C(80%)-4.4C,False
b1c7,train,4.8,80.0,4.8,4.8C(80%)-4.8C,False
b1c11,train,5.4,50.0,3.0,5.4C(50%)-3C,False
b1c15,train,5.4,60.0,3.0,5.4C(60%)-3C,False
b1c17,train,5.4,60.0,3.6,5.4C(60%)-3.6C,False
b1c19,train,5.4,70.0,3.0,5.4C(70%)-3C,False
b1c21,train,5.4,80.0,5.4,5.4C(80%)-5.4C,False
b1c24,train,6.0,40.0,3.0,6C(40%)-3C,False
b1c26,train,6.0,40.0,3.6,6C(40%)-3.6C,False
b1c28,train,6.0,50.0,3.0,6C(50%)-3C,False
b1c30,train,6.0,50.0,3.6,6C(50%)-3.6C,False
b1c32,train,6.0,60.0,3.0,6C(60%)-3C,False
b1c34,train,7.0,30.0,3.6,7C(30%)-3.6C,False
b1c36,train,7.0,40.0,3.0,7C(40%)-3C,False
b1c38,train,7.0,40.0,3.6,7C(40%)-3.6C,False
b1c40,train,8.0,15.0,3.6,8C(15%)-3.6C,False
b1c42,train,8.0,25.0,3.6,8C(25%)-3.6C,False
b1c44,train,8.0,35.0,3.6,8C(35%)-3.6C,False
b2c0,train,1.0,4.0,6.0,1C(4%)-6C,False
b2c2,train,2.0,2.0,5.0,2C(2%)-5C,False
b2c4,train,3.6,22.0,5.5,3.6C(22%)-5.5C,False
b2c6,train,3.6,30.0,6.0,3.6C(30%)-6C,False
b2c11,train,4.0,13.0,5.0,4C(13%)-5C,False
b2c13,train,4.0,40.0,6.0,4C(40%)-6C,False
b2c17,train,4.4,24.0,5.0,4.4C(24%)-5C,False
b2c19,train,4.4,55.0,6.0,4.4C(55%)-6C,False
b2c21,train,4.65,19.0,4.85,4.65C(19%)-4.85C,False
b2c23,train,4.65,69.0,6.0,4.65C(69%)-6C,False
b2c25,train,4.8,80.0,4.8,4.8C(80%)-4.8C,False
b2c27,train,4.9,27.0,4.75,4.9C(27%)-4.75C,False
b2c29,train,4.9,69.0,4.25,4.9C(69%)-4.25C,False
b2c31,train,5.2,37.0,4.5,5.2C(37%)-4.5C,False
b2c33,train,5.2,58.0,4.0,5.2C(58%)-4C,False
b2c35,train,5.2,71.0,3.0,5.2C(71%)-3C,False
b2c37,train,5.6,38.0,4.25,5.6C(38%)-4.25C,False
b2c39,train,5.6,58.0,3.5,5.6C(58%)-3.5C,False
b2c41,train,5.6,65.0,3.0,5.6C(65%)-3C,False
b2c43,train,6.0,31.0,4.25,6C(31%)-4.25C,False
b2c45,train,6.0,4.0,4.75,6C(4%)-4.75C,False
b1c0,test,3.6,80.0,3.6,3.6C(80%)-3.6C,True
b1c2,test,3.6,80.0,3.6,3.6C(80%)-3.6C,True
b1c4,test,4.0,80.0,4.0,4C(80%)-4C,True
b1c6,test,4.8,80.0,4.8,4.8C(80%)-4.8C,True
b1c9,test,5.4,40.0,3.6,5.4C(40%)-3.6C,False
b1c14,test,5.4,60.0,3.0,5.4C(60%)-3C,True
b1c16,test,5.4,60.0,3.6,5.4C(60%)-3.6C,True
b1c18,test,5.4,70.0,3.0,5.4C(70%)-3C,True
b1c20,test,5.4,80.0,5.4,5.4C(80%)-5.4C,True
b1c23,test,6.0,30.0,3.6,6C(30%)-3.6C,False
b1c25,test,6.0,40.0,3.0,6C(40%)-3C,True
b1c27,test,6.0,40.0,3.6,6C(40%)-3.6C,True
b1c29,test,6.0,50.0,3.0,6C(50%)-3C,True
b1c31,test,6.0,50.0,3.6,6C(50%)-3.6C,True
b1c33,test,6.0,60.0,3.0,6C(60%)-3C,True
b1c35,test,7.0,30.0,3.6,7C(30%)-3.6C,True
b1c37,test,7.0,40.0,3.0,7C(40%)-3C,True
b1c39,test,7.0,40.0,3.6,7C(40%)-3.6C,True
b1c41,test,8.0,15.0,3.6,8C(15%)-3.6C,True
b1c43,test,8.0,25.0,3.6,8C(25%)-3.6C,True
b1c45,test,8.0,35.0,3.6,8C(35%)-3.6C,True
b2c3,test,2.0,7.0,5.5,2C(7%)-5.5C,False
b2c5,test,3.6,2.0,4.85,3.6C(2%)-4.85C,False
b2c10,test,3.6,9.0,5.0,3.6C(9%)-5C,False
b2c12,test,4.0,31.0,5.0,4C(31%)-5C,False
b2c14,test,4.0,4.0,4.85,4C(4%)-4.85C,False
b2c18,test,4.4,47.0,5.5,4.4C(47%)-5.5C,False
b2c20,test,4.4,8.0,4.85,4.4C(8%)-4.85C,False
b2c22,test,4.65,44.0,5.0,4.65C(44%)-5C,False
b2c24,test,4.8,80.0,4.8,4.8C(80%)-4.8C,True
b2c26,test,4.8,80.0,4.8,4.8C(80%)-4.8C,True
b2c28,test,4.9,61.0,4.5,4.9C(61%)-4.5C,False
b2c30,test,5.2,10.0,4.75,5.2C(10%)-4.75C,False
b2c32,test,5.2,50.0,4.25,5.2C(50%)-4.25C,False
b2c34,test,5.2,66.0,3.5,5.2C(66%)-3.5C,False
b2c36,test,5.6,25.0,4.5,5.6C(25%)-4.5C,False
b2c38,test,5.6,47.0,4.0,5.6C(47%)-4C,False
b2c40,test,5.6,5.0,4.75,5.6C(5%)-4.75C,False
b2c42,test,6.0,20.0,4.5,6C(20%)-4.5C,False
b2c44,test,6.0,40.0,4.0,6C(40%)-4C,False
b2c46,test,6.0,52.0,3.5,6C(52%)-3.5C,False
b2c47,test,6.0,60.0,3.0,6C(60%)-3C,True
