config,T=20 CV MAE (Δ),T=50 CV MAE (Δ),T=100 CV MAE (Δ)
full,109.8 (+0.0),97.8 (+0.0),98.3 (+0.0)
degradation_only,128.6 (+18.8),98.0 (+0.2),98.7 (+0.4)
protocol_metadata_only,177.0 (+67.2),176.0 (+78.2),173.3 (+75.0)
drop:capacity_fade,108.0 (-1.8),103.9 (+6.0),100.1 (+1.7)
drop:charging_protocol_proxy,128.6 (+18.8),98.0 (+0.2),98.7 (+0.4)
drop:coulombic_efficiency,107.4 (-2.5),96.3 (-1.5),96.0 (-2.4)
drop:discharge_curve_shape,109.8 (-0.1),100.2 (+2.3),97.7 (-0.6)
drop:internal_resistance,114.0 (+4.2),97.2 (-0.7),100.3 (+2.0)
drop:thermal,119.5 (+9.7),100.8 (+3.0),96.1 (-2.3)
drop:voltage_polarisation,109.1 (-0.8),113.8 (+16.0),107.7 (+9.4)
only:capacity_fade,184.8 (+74.9),172.4 (+74.6),164.0 (+65.7)
only:charging_protocol_proxy,122.2 (+12.4),133.2 (+35.4),137.5 (+39.2)
only:coulombic_efficiency,202.3 (+92.4),220.9 (+123.1),234.2 (+135.9)
only:discharge_curve_shape,155.0 (+45.2),154.9 (+57.1),143.4 (+45.0)
only:internal_resistance,150.6 (+40.8),153.0 (+55.1),174.2 (+75.9)
only:thermal,158.8 (+48.9),203.8 (+106.0),207.4 (+109.1)
only:voltage_polarisation,159.7 (+49.9),110.8 (+12.9),110.1 (+11.8)
