Model,RMSE,95% CI,MAE,MedAE,R2,Bias,nRMSE,MAPE %,CV RMSE
BatteryML Variance model,136.1,"[109, 165]",109.1,88.6,0.876,-4.9,0.188,15.4,-
BatteryML PLSR (QdLinear),103.7,"[72, 136]",74.0,64.1,0.928,-19.0,0.143,10.1,-
"Dummy (train mean, log space)",398.8,"[197, 566]",239.0,139.3,-0.068,-100.4,0.552,28.2,331.0
Ridge,127.2,"[66, 187]",74.9,42.1,0.891,-21.1,0.176,9.1,212.5
PLSR,113.9,"[65, 166]",73.7,50.7,0.913,-13.0,0.158,9.4,206.9
Random forest,166.4 ± 6.1,"[87, 242]",93.3 ± 2.2,46.8 ± 4.5,0.814,-25.1,0.230,11.0,220.9 ± 1.9
XGBoost,151.1 ± 10.5,"[72, 226]",84.9 ± 4.8,48.3 ± 4.9,0.846,-20.2,0.209,10.3,225.2 ± 5.7
MLP,111.7 ± 29.6,"[76, 148]",73.6 ± 15.5,46.3 ± 16.9,0.911,-14.4,0.155,9.8,214.5 ± 42.6
Equal-weight RF+XGB+MLP,129.5 ± 14.0,"[66, 192]",74.1 ± 4.5,41.1 ± 5.6,0.886,-19.9,0.179,9.0,211.5 ± 17.6
Validation-weighted RF+XGB+MLP,126.4 ± 17.8,"[67, 185]",73.4 ± 5.1,40.7 ± 5.9,0.891,-18.6,0.175,9.0,206.7 ± 25.0
Stack RF+XGB+MLP (proposed) ★,120.4 ± 32.6,"[77, 165]",77.1 ± 14.7,46.3 ± 10.2,0.896,+3.4,0.167,10.4,225.8 ± 16.6
Stack Ridge+RF+XGB+MLP (exploratory),110.5 ± 21.8,"[72, 151]",73.0 ± 10.7,50.2 ± 11.6,0.915,+3.0,0.153,9.9,222.4 ± 11.8
