Model,Test RMSE,Test MAE,CV RMSE,mean weights (OOF-fitted)
Random forest,166.4 ± 6.1,93.3 ± 2.2,220.9 ± 1.9,
XGBoost,151.1 ± 10.5,84.9 ± 4.8,225.2 ± 5.7,
MLP,111.7 ± 29.6,73.6 ± 15.5,214.5 ± 42.6,
Stack RF+XGB,159.2 ± 6.7,95.5 ± 3.7,229.1 ± 4.2,"rf=0.75, xgb=0.25, b=+35"
Stack RF+MLP,123.1 ± 35.9,79.3 ± 17.3,216.8 ± 26.0,"rf=0.45, mlp=0.55, b=+21"
Stack XGB+MLP,117.1 ± 30.1,77.2 ± 15.1,227.8 ± 16.4,"xgb=0.44, mlp=0.56, b=+20"
Stack RF+XGB+MLP (proposed),120.4 ± 32.6,77.1 ± 14.7,225.8 ± 16.6,"rf=0.28, xgb=0.17, mlp=0.55, b=+21"
Equal-weight RF+XGB,155.3 ± 6.6,84.4 ± 2.2,221.7 ± 3.1,
Equal-weight RF+XGB+MLP,129.5 ± 14.0,74.1 ± 4.5,211.5 ± 17.6,
Validation-weighted RF+XGB+MLP,126.4 ± 17.8,73.4 ± 5.1,206.7 ± 25.0,"rf=0.32, xgb=0.31, mlp=0.36"
Stack Ridge+RF+XGB+MLP (exploratory),110.5 ± 21.8,73.0 ± 10.7,222.4 ± 11.8,"rf=0.10, xgb=0.05, mlp=0.52, ridge=0.33, b=+19"
