T,Role,Model,Test RMSE,Test MAE,CV RMSE
20,dummy,dummy,398.8,239.0,331.0
20,best individual (CV),plsr,179.8,107.2,182.6
20,final ensemble (CV),stack_rf_xgb,218.0 ± 2.8,122.4 ± 1.6,268.3 ± 2.5
20,proposed stack,stack_rf_xgb_mlp,216.3 ± 21.1,129.0 ± 17.3,272.1 ± 13.7
50,dummy,dummy,398.8,239.0,331.0
50,best individual (CV),plsr,137.7,88.5,207.2
50,final ensemble (CV),stack_rf_xgb_mlp,126.6 ± 40.2,88.6 ± 20.9,230.5 ± 16.1
50,proposed stack,stack_rf_xgb_mlp,126.6 ± 40.2,88.6 ± 20.9,230.5 ± 16.1
100,dummy,dummy,398.8,239.0,331.0
100,best individual (CV),plsr,113.9,73.7,206.9
100,final ensemble (CV),stack_rf_xgb_mlp,120.4 ± 32.6,77.1 ± 14.7,225.8 ± 16.6
100,proposed stack,stack_rf_xgb_mlp,120.4 ± 32.6,77.1 ± 14.7,225.8 ± 16.6
