seed,combiner,rf,xgb,mlp,intercept,ridge
0,valweighted_rf_xgb_mlp,0.2803194425774862,0.3003048589060448,0.41937569851646894,0.0,
0,stack_rf_xgb,0.0,1.0,,27.16376104587462,
0,stack_rf_mlp,0.0,,1.0,35.04816996605878,
0,stack_xgb_mlp,,0.0,1.0,35.04816996605878,
0,stack_rf_xgb_mlp,1.8325767599560138e-14,0.0,0.9999999999999816,35.048169966058886,
0,stack_ridge_rf_xgb_mlp,0.0,3.001658115919618e-13,0.9999999999996998,35.048169966056435,0.0
1,valweighted_rf_xgb_mlp,0.30705164907863836,0.34046485139483484,0.3524834995265268,0.0,
1,stack_rf_xgb,0.0,1.0,,25.036283911728276,
1,stack_rf_mlp,0.12111815231929922,,0.8788818476807007,31.12245915631462,
1,stack_xgb_mlp,,0.386629911312669,0.613370088687331,28.459582317981507,
1,stack_rf_xgb_mlp,0.0,0.3866291666716333,0.6133708333283666,28.459586473920233,
1,stack_ridge_rf_xgb_mlp,4.311366789020024e-13,2.915179905676323e-08,0.11970854260229634,36.93929832702715,0.8802914282454736
2,valweighted_rf_xgb_mlp,0.2933825285306295,0.3097842917184678,0.39683317975090265,0.0,
2,stack_rf_xgb,0.06258843015933813,0.9374115698406618,,23.89100319539198,
2,stack_rf_mlp,1.700397364145373e-13,,0.9999999999998299,29.93878766159558,
2,stack_xgb_mlp,,0.0,1.0,29.93878766159471,
2,stack_rf_xgb_mlp,0.0,0.0,1.0,29.93878766159471,
2,stack_ridge_rf_xgb_mlp,3.197358811493844e-10,7.605629270164587e-13,0.9122160712444537,30.62878756811071,0.0877839284350498
3,valweighted_rf_xgb_mlp,0.3039718991772394,0.3189279636402001,0.3771001371825605,0.0,
3,stack_rf_xgb,0.04787617140156059,0.9521238285984394,,26.17029520716948,
3,stack_rf_mlp,0.0,,1.0,26.54255789166894,
3,stack_xgb_mlp,,0.03310507356828543,0.9668949264317146,26.518619247199556,
3,stack_rf_xgb_mlp,0.0,0.033104901544340155,0.9668950984556598,26.518619371592028,
3,stack_ridge_rf_xgb_mlp,4.984514926636548e-10,2.211743246008091e-09,0.5102468218279246,32.05543385903688,0.4897531754618808
4,valweighted_rf_xgb_mlp,0.28291313468714085,0.28951257128406976,0.42757429402878944,0.0,
4,stack_rf_xgb,0.34599369618418074,0.6540063038158193,,27.1785968065148,
4,stack_rf_mlp,0.0,,1.0,26.78640236257073,
4,stack_xgb_mlp,,1.1042111235787244e-14,0.999999999999989,26.786402362570666,
4,stack_rf_xgb_mlp,0.0,0.0,1.0,26.78640236257073,
4,stack_ridge_rf_xgb_mlp,0.0,0.0,1.0,26.78640236257073,0.0
5,valweighted_rf_xgb_mlp,0.30658145029377354,0.3128314078108768,0.38058714189534965,0.0,
5,stack_rf_xgb,0.2144499005473418,0.7855500994526582,,31.710856421952997,
5,stack_rf_mlp,0.0,,1.0,35.5095548113302,
5,stack_xgb_mlp,,0.0,1.0,35.5095548113302,
5,stack_rf_xgb_mlp,1.1002937306294702e-10,9.531286889129111e-11,0.9999999997946577,35.50955481071203,
5,stack_ridge_rf_xgb_mlp,3.3635777862286054e-08,1.0821930189274305e-08,0.8053016766430171,35.95530482456556,0.19469827889927502
6,valweighted_rf_xgb_mlp,0.31436637014882873,0.32009584173329864,0.36553778811787263,0.0,
6,stack_rf_xgb,0.44417112715184676,0.5558288728481532,,27.029929232342944,
6,stack_rf_mlp,0.1684836601517835,,0.8315163398482165,37.66947278189624,
6,stack_xgb_mlp,,0.17710508129715852,0.8228949187028415,35.58539671472225,
6,stack_rf_xgb_mlp,0.06412204826869486,0.12069344842825991,0.8151845033030453,36.19594035854735,
6,stack_ridge_rf_xgb_mlp,2.3769677599421244e-10,1.561968541156524e-08,0.33078150025915176,38.040111607799474,0.669218483883466
7,valweighted_rf_xgb_mlp,0.2750252457174356,0.30106072651720023,0.42391402776536424,0.0,
7,stack_rf_xgb,7.210743172943163e-13,0.999999999999279,,28.703861143535562,
7,stack_rf_mlp,0.0,,1.0,30.69554085842226,
7,stack_xgb_mlp,,0.0,1.0,30.69554085842226,
7,stack_rf_xgb_mlp,0.0,3.419158381780361e-09,0.9999999965808417,30.69554085161233,
7,stack_ridge_rf_xgb_mlp,0.0,8.305567869880224e-14,0.999999999999917,30.695540858422092,0.0
8,valweighted_rf_xgb_mlp,0.3276041338202047,0.3519357628108642,0.3204601033689312,0.0,
8,stack_rf_xgb,0.0,1.0,,23.20718681521532,
8,stack_rf_mlp,0.5690892791945192,,0.43091072080548076,13.274545488812915,
8,stack_xgb_mlp,,0.6498096733683612,0.3501903266316389,10.511491518513584,
8,stack_rf_xgb_mlp,0.0,0.6498096495877843,0.3501903504122157,10.511490656379701,
8,stack_ridge_rf_xgb_mlp,0.0,5.376820316815219e-14,0.0,37.79899530113639,0.9999999999999463
9,valweighted_rf_xgb_mlp,0.359191388336549,0.3738969276523633,0.2669116840110876,0.0,
9,stack_rf_xgb,0.21875213226589257,0.7812478677341075,,29.8069098461292,
9,stack_rf_mlp,1.0,,0.0,39.11984853667011,
9,stack_xgb_mlp,,1.0,0.0,27.199254477896343,
9,stack_rf_xgb_mlp,0.21876544344155618,0.7812345565584438,0.0,29.807068523250802,
9,stack_ridge_rf_xgb_mlp,8.237993212219913e-05,3.5502082920408204e-05,2.4872541342047596e-15,37.798727800059424,0.999882117984955
