partition,model,RMSE_mean,RMSE_std,MAE_mean,MAE_std,R2_mean,R2_std,MedAE_mean,MedAE_std,Bias_mean,Bias_std,nRMSE_mean,nRMSE_std,nMAE_mean,nMAE_std,MAPE_mean,MAPE_std,MaxAE_mean,MaxAE_std
oof,dummy,331.00282051208086,0.0,213.19097833343926,0.0,-0.04932636270950708,0.0,150.00309232945688,0.0,-52.064138793137985,0.0,0.491279888538782,0.0,0.31642159396434294,0.0,0.29694963026159527,0.0,1560.591217834185,0.0
oof,mean_rf_xgb,229.7220397732401,1.5831145565852518,107.45861383429076,1.155796988118924,0.494558281346878,0.006974353624189636,44.75425084854776,3.5134879479299084,-30.31055520720156,2.0432365722947243,0.34095727015286864,0.0023496849413551925,0.15949186096169712,0.001715453102840856,0.1387397940222666,0.0020726510467883098,1233.4717469250018,10.493597823869816
oof,mean_rf_xgb_mlp,220.33542384551933,9.177553868027962,103.9631953452994,5.363991071486675,0.5343137174236243,0.0396639412147047,51.76273945456812,7.007942726896371,-29.979484327711212,6.401631838310412,0.3270254987571059,0.013621478011480835,0.154303902735204,0.007961324715137327,0.13538403160575063,0.009296144060575771,1202.873377252192,48.311992026584896
oof,mlp,213.66376631299153,25.865375427624688,110.69562294585208,17.48971545962927,0.5570043065407229,0.11287480194261615,63.88796163957934,17.29991035609333,-29.31734256873054,16.695711279075407,0.31712331374285596,0.03838982017566651,0.16429628369461102,0.025958526420677676,0.15110175762699987,0.03245963075262593,1141.6766379065725,137.68228961021694
oof,plsr,207.08234449887806,0.0,102.12374604100664,0.0,0.5892918305708088,0.0,53.842355760848875,0.0,-34.780363338912125,0.0,0.3073550580818853,0.0,0.15157376150019086,0.0,0.13986434158750857,0.0,1153.9396717033756,0.0
oof,rf,234.1313411178772,2.050166988134826,112.41683091322027,1.573348466310971,0.4749553112787133,0.009210272786796904,56.7424808033074,4.657607399145006,-34.878968467470955,2.138568523234214,0.3475016285053926,0.0030428919241792646,0.16685092917180827,0.0023351899478261636,0.14391718144962454,0.002915413823170485,1257.5318361351597,14.552304001357186
oof,ridge,211.51134780605216,0.0,106.35978109861892,0.0,0.5715358001917633,0.0,64.30462315646025,0.0,-37.798995301137175,0.0,0.31392865841471684,0.0,0.15786095514926787,0.0,0.14570488580359603,0.0,1164.372355068521,0.0
oof,stack_rf_mlp,225.27187702490133,19.231403165032237,120.27344676412099,12.971747743716811,0.5107842046172216,0.08326477735958761,69.17881034192622,9.876653394979513,-1.3112283228370338,8.132734856558764,0.3343522646257223,0.028543568265505404,0.1785118490200174,0.019252883633521192,0.17048331653960175,0.02214454985690617,1192.2228596472207,82.55246714531177
oof,stack_rf_xgb,229.89132631477574,3.417541670353562,116.52708111573838,3.864412853545941,0.4937340284932068,0.01501496151916369,62.737194363733806,3.5752464732423457,-0.2028768827449674,0.735670760116809,0.34120852805190427,0.005072372157706913,0.1729514308480044,0.005735625796241804,0.15950010243134494,0.006120398696471673,1209.557057488391,15.293756137443763
oof,stack_rf_xgb_mlp,227.46152609493925,12.546707082932155,120.2389754755186,10.017540838503223,0.5031209229715602,0.0544227786666657,69.66808912014139,10.372589161311812,-0.6872078556902934,7.463023026342299,0.33760217817450433,0.018622031219237552,0.17846068616044972,0.014868200636353617,0.16991727114497207,0.018556794634201124,1189.910090439586,47.95865797339847
oof,stack_ridge_rf_xgb_mlp,225.03342200692038,9.688628296791284,119.23164714547033,7.344283433873142,0.5141914299808656,0.04137357181041211,69.05681223205104,6.372383827632227,-3.364565115814215,6.194688855585837,0.33399834572414333,0.014380023174357165,0.1769655927079454,0.010900507558239172,0.1702353475683144,0.01444519934938534,1183.6870587835608,38.38119117904566
oof,stack_xgb_mlp,227.18831063690726,12.27408974349446,119.93398571134512,9.768490084020112,0.5043689267244409,0.05314286453400841,70.062582691659,10.19293578958282,-0.8994065827329859,7.4716112193526705,0.337196667249971,0.01821740803226442,0.17800801528254961,0.014498555366522755,0.1693730504755849,0.018491881844001634,1188.9370473516476,47.70608477574389
oof,valweighted_rf_xgb_mlp,218.2912241864198,9.986890419947319,103.27781964494207,5.80729926260363,0.5427674981156245,0.042342500162610146,51.797841065500776,6.278742988167578,-29.860662399976075,6.100372452876067,0.3239914636418771,0.014822708775624104,0.15328665672757838,0.008619290101605444,0.13487941328041259,0.009878843141160241,1193.5020403482465,51.320008394380515
oof,xgb,227.92352097006687,2.796390384854636,110.71901245117188,2.8061310577851524,0.502395478697194,0.012192604345789962,50.418966674804686,5.2253892741123105,-25.74214194693217,2.86224231117271,0.3382878786480141,0.004150449094231114,0.16433099878721572,0.0041649063629159875,0.145118346061006,0.003967013827681215,1209.4116577148438,11.649702564367006
test,dummy,398.8227857367373,0.0,238.988435857944,0.0,-0.06764083997469528,0.0,139.25715301682385,0.0,-100.38570412603327,0.0,0.5518947316708829,0.0,0.33071445112298276,0.0,0.2820162010115599,0.0,1614.7428469831762,0.0
test,mean_rf_xgb,148.88360545056779,3.4950852247242943,76.35050599751095,1.3929684700476228,0.85114125413245,0.006974165986187994,34.375174038356064,3.0298646678242616,-36.47002858626024,1.3538389396423205,0.20602653714618455,0.00483653189148365,0.10565455015964746,0.0019276029040888366,0.08217671982915667,0.0015976863885203143,650.4643168649652,22.511290174593643
test,mean_rf_xgb_mlp,89.2222704397198,21.53066624385794,55.87620790194005,8.91125727897169,0.9437663079697808,0.02631069660772396,33.78289228117132,4.045375259694147,-21.043274678586666,9.117273796237477,0.12346661917130348,0.029794338975389065,0.07732202338906403,0.012331481852881652,0.06953257445445775,0.006517820263965913,353.91378489103937,127.43462686111575
test,mlp,136.20845153428556,53.391905896507616,78.49615804745153,20.07352205415833,0.8582491691735212,0.09769433548021267,46.42861364250393,9.542740554327674,9.810233136760484,28.099987033746228,0.18848653963427875,0.0738842228477915,0.10862372369915207,0.02777792910528976,0.09271990558838537,0.015733829439789074,599.1739845433771,316.05101412590915
test,plsr,141.02809291801375,0.0,86.60881459921973,0.0,0.8665014590502883,0.0,50.57148812262437,0.0,24.251700517817245,0.0,0.1951560048287232,0.0,0.11985009433518594,0.0,0.10192317997309344,0.0,606.9806010453863,0.0
test,rf,171.74407584564236,7.166168926119604,84.1962428450423,2.931843133337566,0.8017063688516938,0.016203851590568818,35.36764912254008,2.3421084505929044,-51.71316065036183,3.404278647910741,0.23766107164564523,0.009916612134592712,0.11651155479199293,0.004057112174234053,0.08720731557657921,0.0022921197207159314,783.2691854877429,32.81945451938294
test,ridge,123.23018089705258,0.0,80.74581817641317,0.0,0.8980706100454853,0.0,51.47196485880031,0.0,17.302755779884155,0.0,0.17052708634562977,0.0,0.11173682459916816,0.0,0.09847134980542778,0.0,513.5705711448036,0.0
test,stack_rf_mlp,138.70357510172644,45.320228681151704,82.09824223793586,18.747174074645763,0.8584582930558193,0.08786695882904907,52.94616347963155,10.63929839240305,27.44256748498147,33.153996851018746,0.19193931515510232,0.06271455980390668,0.1136083217684197,0.025942516264212782,0.10275338412817983,0.01630691600152519,621.9616075192016,254.82619105728998
test,stack_rf_xgb,135.10613566686794,6.511181231020689,80.5606802214083,2.9099297603834944,0.8772215170582436,0.011570744003494957,44.2269897370554,3.780547310775247,1.845063100147938,4.993233849032715,0.18696114454246826,0.009010233985795169,0.11148062895124208,0.004026788242104273,0.10181753878674964,0.004065744628734942,524.1531598233671,53.05332503811206
test,stack_rf_xgb_mlp,128.16340582333598,43.533158254341494,77.37016729462168,18.825861332070097,0.8782977719419229,0.08588865023066913,51.16267157150129,11.74662315976835,29.06688975366352,27.48425943083656,0.17735372951731776,0.06024159489579727,0.10706556707766171,0.02605140443303166,0.09849139742049459,0.016152501466855,552.4889415977754,245.1494451103843
test,stack_ridge_rf_xgb_mlp,133.94336911980116,41.59058916567672,83.34462685391753,17.527420831331067,0.8691279280958076,0.08225745810170114,58.43731740505349,10.084415809643787,46.667109340808274,17.776620161439762,0.18535209723012916,0.05755344947311199,0.11533308055301428,0.024254610224239886,0.10581546859487526,0.014388479962146454,570.3538740693523,229.54340231717822
test,stack_xgb_mlp,127.69602174072307,43.482296501168435,77.37816427829763,18.847243659026766,0.8791271844691793,0.08593269147388859,50.732981508789365,11.658232146150844,29.704841117819143,26.862707046783004,0.17670695901651906,0.060171211922146695,0.10707663337908144,0.02608099349870265,0.09846282907368678,0.016171961852114777,545.989083091634,245.96821442759682
test,valweighted_rf_xgb_mlp,85.87770238247397,21.297508767061117,54.575217375089004,9.281924487518184,0.9477575258199771,0.025930637450630317,33.036248136925735,4.605277998573413,-19.120367799027427,10.335420868490154,0.11883837435550415,0.0294716934603989,0.07552170043009253,0.012844414631338797,0.06910818272762788,0.006778843152596039,339.38195487284213,126.52887167593107
test,xgb,134.7047526950235,6.240983514412071,75.03548489525204,3.342235384508173,0.877969246975536,0.011163904576617922,35.609614562988284,3.0680278491413397,-21.22689652215867,3.3763309502512953,0.1864057070011198,0.0086363318376761,0.10383481155812284,0.004625016841268602,0.08751030126204329,0.0034798792198049737,520.7474243164063,29.786862734714543
