T,model,kind,seed,cutoff_cycles,oof_PR_AUC,recall,precision,F1,false_alarm_rate,balanced_acc,n_alarms,TP,FP,FN,TN,ROC_AUC,PR_AUC,prob_threshold,C
20,plsr,regression,0,620.5369421791321,0.7341058872114773,1.0,0.4583333333333333,0.6285714285714286,0.41935483870967744,0.7903225806451613,24,11,13,0,18,0.7976539589442815,0.5344708321981049,,
20,plsr,regression,1,620.5369421791321,0.7341058872114773,1.0,0.4583333333333333,0.6285714285714286,0.41935483870967744,0.7903225806451613,24,11,13,0,18,0.7976539589442815,0.5344708321981049,,
20,plsr,regression,2,620.5369421791321,0.7341058872114773,1.0,0.4583333333333333,0.6285714285714286,0.41935483870967744,0.7903225806451613,24,11,13,0,18,0.7976539589442815,0.5344708321981049,,
20,plsr,regression,3,620.5369421791321,0.7341058872114773,1.0,0.4583333333333333,0.6285714285714286,0.41935483870967744,0.7903225806451613,24,11,13,0,18,0.7976539589442815,0.5344708321981049,,
20,plsr,regression,4,620.5369421791321,0.7341058872114773,1.0,0.4583333333333333,0.6285714285714286,0.41935483870967744,0.7903225806451613,24,11,13,0,18,0.7976539589442815,0.5344708321981049,,
20,plsr,regression,5,620.5369421791321,0.7341058872114773,1.0,0.4583333333333333,0.6285714285714286,0.41935483870967744,0.7903225806451613,24,11,13,0,18,0.7976539589442815,0.5344708321981049,,
20,plsr,regression,6,620.5369421791321,0.7341058872114773,1.0,0.4583333333333333,0.6285714285714286,0.41935483870967744,0.7903225806451613,24,11,13,0,18,0.7976539589442815,0.5344708321981049,,
20,plsr,regression,7,620.5369421791321,0.7341058872114773,1.0,0.4583333333333333,0.6285714285714286,0.41935483870967744,0.7903225806451613,24,11,13,0,18,0.7976539589442815,0.5344708321981049,,
20,plsr,regression,8,620.5369421791321,0.7341058872114773,1.0,0.4583333333333333,0.6285714285714286,0.41935483870967744,0.7903225806451613,24,11,13,0,18,0.7976539589442815,0.5344708321981049,,
20,plsr,regression,9,620.5369421791321,0.7341058872114773,1.0,0.4583333333333333,0.6285714285714286,0.41935483870967744,0.7903225806451613,24,11,13,0,18,0.7976539589442815,0.5344708321981049,,
20,ridge,regression,0,606.4858209977573,0.7364996114996114,1.0,0.4583333333333333,0.6285714285714286,0.41935483870967744,0.7903225806451613,24,11,13,0,18,0.8035190615835777,0.5175960004907373,,
20,ridge,regression,1,606.4858209977573,0.7364996114996114,1.0,0.4583333333333333,0.6285714285714286,0.41935483870967744,0.7903225806451613,24,11,13,0,18,0.8035190615835777,0.5175960004907373,,
20,ridge,regression,2,606.4858209977573,0.7364996114996114,1.0,0.4583333333333333,0.6285714285714286,0.41935483870967744,0.7903225806451613,24,11,13,0,18,0.8035190615835777,0.5175960004907373,,
20,ridge,regression,3,606.4858209977573,0.7364996114996114,1.0,0.4583333333333333,0.6285714285714286,0.41935483870967744,0.7903225806451613,24,11,13,0,18,0.8035190615835777,0.5175960004907373,,
20,ridge,regression,4,606.4858209977573,0.7364996114996114,1.0,0.4583333333333333,0.6285714285714286,0.41935483870967744,0.7903225806451613,24,11,13,0,18,0.8035190615835777,0.5175960004907373,,
20,ridge,regression,5,606.4858209977573,0.7364996114996114,1.0,0.4583333333333333,0.6285714285714286,0.41935483870967744,0.7903225806451613,24,11,13,0,18,0.8035190615835777,0.5175960004907373,,
20,ridge,regression,6,606.4858209977573,0.7364996114996114,1.0,0.4583333333333333,0.6285714285714286,0.41935483870967744,0.7903225806451613,24,11,13,0,18,0.8035190615835777,0.5175960004907373,,
20,ridge,regression,7,606.4858209977573,0.7364996114996114,1.0,0.4583333333333333,0.6285714285714286,0.41935483870967744,0.7903225806451613,24,11,13,0,18,0.8035190615835777,0.5175960004907373,,
20,ridge,regression,8,606.4858209977573,0.7364996114996114,1.0,0.4583333333333333,0.6285714285714286,0.41935483870967744,0.7903225806451613,24,11,13,0,18,0.8035190615835777,0.5175960004907373,,
20,ridge,regression,9,606.4858209977573,0.7364996114996114,1.0,0.4583333333333333,0.6285714285714286,0.41935483870967744,0.7903225806451613,24,11,13,0,18,0.8035190615835777,0.5175960004907373,,
20,rf,regression,0,606.4929520246594,0.7895140389611862,1.0,0.5238095238095238,0.6875000000000001,0.3225806451612903,0.8387096774193549,21,11,10,0,21,0.8181818181818182,0.48569935708973144,,
20,rf,regression,1,588.4999758928999,0.7468102907952532,1.0,0.5238095238095238,0.6875000000000001,0.3225806451612903,0.8387096774193549,21,11,10,0,21,0.812316715542522,0.4704825403354815,,
20,rf,regression,2,591.3742831761566,0.7588946583418056,1.0,0.5238095238095238,0.6875000000000001,0.3225806451612903,0.8387096774193549,21,11,10,0,21,0.812316715542522,0.47416219401513515,,
20,rf,regression,3,588.2287819896179,0.7768439709339753,1.0,0.5238095238095238,0.6875000000000001,0.3225806451612903,0.8387096774193549,21,11,10,0,21,0.809384164222874,0.46615353600647713,,
20,rf,regression,4,599.5953652481882,0.7730007669857293,1.0,0.5238095238095238,0.6875000000000001,0.3225806451612903,0.8387096774193549,21,11,10,0,21,0.8064516129032259,0.46377258362552476,,
20,rf,regression,5,597.7195302801703,0.8048176604097657,1.0,0.5238095238095238,0.6875000000000001,0.3225806451612903,0.8387096774193549,21,11,10,0,21,0.8181818181818182,0.4811676959404232,,
20,rf,regression,6,595.4238990660026,0.7909132350032393,1.0,0.5238095238095238,0.6875000000000001,0.3225806451612903,0.8387096774193549,21,11,10,0,21,0.8240469208211144,0.4899269847799259,,
20,rf,regression,7,590.6654571659302,0.7483117888303646,1.0,0.5238095238095238,0.6875000000000001,0.3225806451612903,0.8387096774193549,21,11,10,0,21,0.809384164222874,0.46615353600647713,,
20,rf,regression,8,605.9824694746275,0.78623636425494,1.0,0.5238095238095238,0.6875000000000001,0.3225806451612903,0.8387096774193549,21,11,10,0,21,0.8181818181818182,0.4908288606818018,,
20,rf,regression,9,603.2401822356247,0.7634472486086815,1.0,0.5238095238095238,0.6875000000000001,0.3225806451612903,0.8387096774193549,21,11,10,0,21,0.8035190615835778,0.4579809005611145,,
20,xgb,regression,0,599.5438842773438,0.7694415286050624,1.0,0.5238095238095238,0.6875000000000001,0.3225806451612903,0.8387096774193549,21,11,10,0,21,0.8269794721407624,0.49609859095153214,,
20,xgb,regression,1,594.5489501953125,0.790908950072484,1.0,0.5238095238095238,0.6875000000000001,0.3225806451612903,0.8387096774193549,21,11,10,0,21,0.8299120234604105,0.5607656232656233,,
20,xgb,regression,2,603.7427368164062,0.7745977182218842,1.0,0.5238095238095238,0.6875000000000001,0.3225806451612903,0.8387096774193549,21,11,10,0,21,0.847507331378299,0.5389754111010795,,
20,xgb,regression,3,597.5172729492188,0.8611675239964713,1.0,0.5238095238095238,0.6875000000000001,0.3225806451612903,0.8387096774193549,21,11,10,0,21,0.8357771260997068,0.5390087111343795,,
20,xgb,regression,4,597.4910888671875,0.7916920954984865,1.0,0.5238095238095238,0.6875000000000001,0.3225806451612903,0.8387096774193549,21,11,10,0,21,0.8445747800586509,0.532481904607573,,
20,xgb,regression,5,604.3596801757812,0.7946399413034752,1.0,0.5238095238095238,0.6875000000000001,0.3225806451612903,0.8387096774193549,21,11,10,0,21,0.8269794721407624,0.5001389949919361,,
20,xgb,regression,6,607.6484375,0.8166743682292065,1.0,0.5238095238095238,0.6875000000000001,0.3225806451612903,0.8387096774193549,21,11,10,0,21,0.8533724340175953,0.637460259585928,,
20,xgb,regression,7,590.5007934570312,0.7984785580899025,1.0,0.55,0.7096774193548387,0.2903225806451613,0.8548387096774194,20,11,9,0,22,0.8357771260997068,0.5535697887970614,,
20,xgb,regression,8,612.6900024414062,0.8083848690991549,1.0,0.5238095238095238,0.6875000000000001,0.3225806451612903,0.8387096774193549,21,11,10,0,21,0.8211143695014662,0.4960067635869775,,
20,xgb,regression,9,605.6796264648438,0.8063917233560091,0.9090909090909091,0.5,0.6451612903225806,0.3225806451612903,0.7932551319648095,20,10,10,1,21,0.8328445747800587,0.5367387588644272,,
20,mlp,regression,0,821.8754379866646,0.5963335334133653,1.0,0.3548387096774194,0.5238095238095238,0.6451612903225806,0.6774193548387097,31,11,20,0,11,0.8533724340175953,0.5813956418280382,,
20,mlp,regression,1,571.2703671227679,0.7476556801957259,0.6363636363636364,0.3888888888888889,0.4827586206896552,0.3548387096774194,0.6407624633431084,18,7,11,4,20,0.7038123167155426,0.3809056567637803,,
20,mlp,regression,2,623.611395312016,0.5098656679937468,0.9090909090909091,0.47619047619047616,0.6249999999999999,0.3548387096774194,0.7771260997067448,21,10,11,1,20,0.8914956011730205,0.6431125618291393,,
20,mlp,regression,3,766.5940539177843,0.5775883403312776,1.0,0.3235294117647059,0.48888888888888893,0.7419354838709677,0.6290322580645161,34,11,23,0,8,0.7771260997067448,0.47415383438110714,,
20,mlp,regression,4,618.5265011003105,0.6848241983580329,0.9090909090909091,0.5263157894736842,0.6666666666666666,0.2903225806451613,0.809384164222874,19,10,9,1,22,0.8123167155425219,0.6226351856699451,,
20,mlp,regression,5,596.5722299541031,0.722185249737987,0.7272727272727273,0.4444444444444444,0.5517241379310345,0.3225806451612903,0.7023460410557185,18,8,10,3,21,0.7243401759530791,0.40557983432134587,,
20,mlp,regression,6,976.079850940738,0.6899746832851653,1.0,0.3235294117647059,0.48888888888888893,0.7419354838709677,0.6290322580645161,34,11,23,0,8,0.8005865102639296,0.5241179170510171,,
20,mlp,regression,7,675.4136236383297,0.5945008833572956,1.0,0.4074074074074074,0.5789473684210525,0.5161290322580645,0.7419354838709677,27,11,16,0,15,0.7595307917888563,0.47368139107269536,,
20,mlp,regression,8,753.0595705977806,0.6803963317788202,1.0,0.3548387096774194,0.5238095238095238,0.6451612903225806,0.6774193548387097,31,11,20,0,11,0.7565982404692082,0.41609585231876256,,
20,mlp,regression,9,1035.3711935962845,0.5328939172073056,1.0,0.28205128205128205,0.44000000000000006,0.9032258064516129,0.5483870967741935,39,11,28,0,3,0.686217008797654,0.37540999305705186,,
20,mean_rf_xgb_mlp,regression,0,667.6945706933374,0.7448837594820759,1.0,0.4583333333333333,0.6285714285714286,0.41935483870967744,0.7903225806451613,24,11,13,0,18,0.8387096774193549,0.5324836712994607,,
20,mean_rf_xgb_mlp,regression,1,584.7226980380756,0.7812421938472358,1.0,0.55,0.7096774193548387,0.2903225806451613,0.8548387096774194,20,11,9,0,22,0.8035190615835778,0.46654919180953525,,
20,mean_rf_xgb_mlp,regression,2,606.9010710242686,0.7681577782628203,1.0,0.5,0.6666666666666666,0.3548387096774194,0.8225806451612903,22,11,11,0,20,0.8914956011730206,0.6508082826264644,,
20,mean_rf_xgb_mlp,regression,3,658.5024024536923,0.7035010029652886,1.0,0.4583333333333333,0.6285714285714286,0.41935483870967744,0.7903225806451613,24,11,13,0,18,0.8357771260997068,0.5378752513708889,,
20,mean_rf_xgb_mlp,regression,4,582.4607428101849,0.787941269625259,0.9090909090909091,0.5263157894736842,0.6666666666666666,0.2903225806451613,0.809384164222874,19,10,9,1,22,0.8357771260997068,0.6247242609471713,,
20,mean_rf_xgb_mlp,regression,5,592.7707723981997,0.8033591224491268,0.9090909090909091,0.5,0.6451612903225806,0.3225806451612903,0.7932551319648095,20,10,10,1,21,0.7917888563049854,0.4551658781534943,,
20,mean_rf_xgb_mlp,regression,6,642.8651306995513,0.7574218802753694,1.0,0.5,0.6666666666666666,0.3548387096774194,0.8225806451612903,22,11,11,0,20,0.8651026392961876,0.5762674491284117,,
20,mean_rf_xgb_mlp,regression,7,592.5550211890586,0.7962646063209973,1.0,0.55,0.7096774193548387,0.2903225806451613,0.8548387096774194,20,11,9,0,22,0.7888563049853372,0.44438098373153256,,
20,mean_rf_xgb_mlp,regression,8,621.0231874377732,0.7967059468248101,1.0,0.5,0.6666666666666666,0.3548387096774194,0.8225806451612903,22,11,11,0,20,0.7829912023460411,0.43482299785775724,,
20,mean_rf_xgb_mlp,regression,9,662.6033244271495,0.7550482355104204,1.0,0.4583333333333333,0.6285714285714286,0.41935483870967744,0.7903225806451613,24,11,13,0,18,0.8269794721407624,0.501456869037083,,
20,stack_rf_xgb_mlp,regression,0,800.7163589719531,0.5364631817639336,1.0,0.3333333333333333,0.5,0.7096774193548387,0.6451612903225806,33,11,22,0,9,0.8504398826979473,0.5598197210426312,,
20,stack_rf_xgb_mlp,regression,1,600.1976943529156,0.7337176910391197,0.45454545454545453,0.35714285714285715,0.4,0.2903225806451613,0.5821114369501467,14,5,9,6,22,0.7038123167155426,0.3809056567637803,,
20,stack_rf_xgb_mlp,regression,2,661.8410385594224,0.7725538548752835,1.0,0.5238095238095238,0.6875000000000001,0.3225806451612903,0.8387096774193549,21,11,10,0,21,0.847507331378299,0.5389754111010795,,
20,stack_rf_xgb_mlp,regression,3,685.0264302655788,0.7438117671310949,1.0,0.4583333333333333,0.6285714285714286,0.41935483870967744,0.7903225806451613,24,11,13,0,18,0.8387096774193549,0.5430508818666714,,
20,stack_rf_xgb_mlp,regression,4,637.3376456342286,0.734777774746262,0.9090909090909091,0.5263157894736842,0.6666666666666666,0.2903225806451613,0.809384164222874,19,10,9,1,22,0.844574780058651,0.6564524258304163,,
20,stack_rf_xgb_mlp,regression,5,625.9629306925191,0.7260945403802547,0.7272727272727273,0.42105263157894735,0.5333333333333333,0.3548387096774194,0.686217008797654,19,8,11,3,20,0.7243401759530791,0.40557983432134587,,
20,stack_rf_xgb_mlp,regression,6,603.9437770623342,0.7515585187577668,1.0,0.55,0.7096774193548387,0.2903225806451613,0.8548387096774194,20,11,9,0,22,0.8504398826979472,0.5631593080122492,,
20,stack_rf_xgb_mlp,regression,7,726.5751554969086,0.5827298338443729,1.0,0.4074074074074074,0.5789473684210525,0.5161290322580645,0.7419354838709677,27,11,16,0,15,0.7624633431085044,0.4763551878641392,,
20,stack_rf_xgb_mlp,regression,8,671.5160103211326,0.7729767385823286,1.0,0.5,0.6666666666666666,0.3548387096774194,0.8225806451612903,22,11,11,0,20,0.8035190615835778,0.4596819772621912,,
20,stack_rf_xgb_mlp,regression,9,669.9771761391941,0.7815334835849485,1.0,0.5238095238095238,0.6875000000000001,0.3225806451612903,0.8387096774193549,21,11,10,0,21,0.8211143695014663,0.5023034971564383,,
20,logit_all,classifier,0,,0.6346676427287883,0.9090909090909091,0.5,0.6451612903225806,0.3225806451612903,0.7932551319648095,20,10,10,1,21,0.8035190615835778,0.47984464287940226,0.4873338833335892,0.001
20,logit_degradation,classifier,0,,0.631211597439219,0.9090909090909091,0.47619047619047616,0.6249999999999999,0.3548387096774194,0.7771260997067448,21,10,11,1,20,0.8152492668621701,0.5595560141612773,0.3914461903758265,0.03162277660168379
20,logit_protocol,classifier,0,,0.6360238447111837,1.0,0.3235294117647059,0.48888888888888893,0.7419354838709677,0.6290322580645161,34,11,23,0,8,0.8064516129032258,0.648203230461295,0.49582486592829733,0.001
50,plsr,regression,0,550.316321260824,0.8221830199384379,0.9090909090909091,0.625,0.7407407407407406,0.1935483870967742,0.8577712609970675,16,10,6,1,25,0.9120234604105573,0.7938796052432417,,
50,plsr,regression,1,550.316321260824,0.8221830199384379,0.9090909090909091,0.625,0.7407407407407406,0.1935483870967742,0.8577712609970675,16,10,6,1,25,0.9120234604105573,0.7938796052432417,,
50,plsr,regression,2,550.316321260824,0.8221830199384379,0.9090909090909091,0.625,0.7407407407407406,0.1935483870967742,0.8577712609970675,16,10,6,1,25,0.9120234604105573,0.7938796052432417,,
50,plsr,regression,3,550.316321260824,0.8221830199384379,0.9090909090909091,0.625,0.7407407407407406,0.1935483870967742,0.8577712609970675,16,10,6,1,25,0.9120234604105573,0.7938796052432417,,
50,plsr,regression,4,550.316321260824,0.8221830199384379,0.9090909090909091,0.625,0.7407407407407406,0.1935483870967742,0.8577712609970675,16,10,6,1,25,0.9120234604105573,0.7938796052432417,,
50,plsr,regression,5,550.316321260824,0.8221830199384379,0.9090909090909091,0.625,0.7407407407407406,0.1935483870967742,0.8577712609970675,16,10,6,1,25,0.9120234604105573,0.7938796052432417,,
50,plsr,regression,6,550.316321260824,0.8221830199384379,0.9090909090909091,0.625,0.7407407407407406,0.1935483870967742,0.8577712609970675,16,10,6,1,25,0.9120234604105573,0.7938796052432417,,
50,plsr,regression,7,550.316321260824,0.8221830199384379,0.9090909090909091,0.625,0.7407407407407406,0.1935483870967742,0.8577712609970675,16,10,6,1,25,0.9120234604105573,0.7938796052432417,,
50,plsr,regression,8,550.316321260824,0.8221830199384379,0.9090909090909091,0.625,0.7407407407407406,0.1935483870967742,0.8577712609970675,16,10,6,1,25,0.9120234604105573,0.7938796052432417,,
50,plsr,regression,9,550.316321260824,0.8221830199384379,0.9090909090909091,0.625,0.7407407407407406,0.1935483870967742,0.8577712609970675,16,10,6,1,25,0.9120234604105573,0.7938796052432417,,
50,ridge,regression,0,549.6233706610551,0.8055686377114948,0.9090909090909091,0.625,0.7407407407407406,0.1935483870967742,0.8577712609970675,16,10,6,1,25,0.9178885630498533,0.8069026932663297,,
50,ridge,regression,1,549.6233706610551,0.8055686377114948,0.9090909090909091,0.625,0.7407407407407406,0.1935483870967742,0.8577712609970675,16,10,6,1,25,0.9178885630498533,0.8069026932663297,,
50,ridge,regression,2,549.6233706610551,0.8055686377114948,0.9090909090909091,0.625,0.7407407407407406,0.1935483870967742,0.8577712609970675,16,10,6,1,25,0.9178885630498533,0.8069026932663297,,
50,ridge,regression,3,549.6233706610551,0.8055686377114948,0.9090909090909091,0.625,0.7407407407407406,0.1935483870967742,0.8577712609970675,16,10,6,1,25,0.9178885630498533,0.8069026932663297,,
50,ridge,regression,4,549.6233706610551,0.8055686377114948,0.9090909090909091,0.625,0.7407407407407406,0.1935483870967742,0.8577712609970675,16,10,6,1,25,0.9178885630498533,0.8069026932663297,,
50,ridge,regression,5,549.6233706610551,0.8055686377114948,0.9090909090909091,0.625,0.7407407407407406,0.1935483870967742,0.8577712609970675,16,10,6,1,25,0.9178885630498533,0.8069026932663297,,
50,ridge,regression,6,549.6233706610551,0.8055686377114948,0.9090909090909091,0.625,0.7407407407407406,0.1935483870967742,0.8577712609970675,16,10,6,1,25,0.9178885630498533,0.8069026932663297,,
50,ridge,regression,7,549.6233706610551,0.8055686377114948,0.9090909090909091,0.625,0.7407407407407406,0.1935483870967742,0.8577712609970675,16,10,6,1,25,0.9178885630498533,0.8069026932663297,,
50,ridge,regression,8,549.6233706610551,0.8055686377114948,0.9090909090909091,0.625,0.7407407407407406,0.1935483870967742,0.8577712609970675,16,10,6,1,25,0.9178885630498533,0.8069026932663297,,
50,ridge,regression,9,549.6233706610551,0.8055686377114948,0.9090909090909091,0.625,0.7407407407407406,0.1935483870967742,0.8577712609970675,16,10,6,1,25,0.9178885630498533,0.8069026932663297,,
50,rf,regression,0,512.3017655887088,0.820253775047008,0.8181818181818182,0.5294117647058824,0.6428571428571428,0.25806451612903225,0.780058651026393,17,9,8,2,23,0.8093841642228738,0.5779294569067296,,
50,rf,regression,1,512.7298691664096,0.7951643803147561,0.8181818181818182,0.5294117647058824,0.6428571428571428,0.25806451612903225,0.780058651026393,17,9,8,2,23,0.8181818181818182,0.5863967288820662,,
50,rf,regression,2,510.9870363900214,0.8072352984255904,0.8181818181818182,0.5294117647058824,0.6428571428571428,0.25806451612903225,0.780058651026393,17,9,8,2,23,0.812316715542522,0.5789375214228587,,
50,rf,regression,3,511.28197510907154,0.7642261716979761,0.8181818181818182,0.5294117647058824,0.6428571428571428,0.25806451612903225,0.780058651026393,17,9,8,2,23,0.81524926686217,0.5824007248860621,,
50,rf,regression,4,513.3698076962064,0.7823944646561851,0.8181818181818182,0.5294117647058824,0.6428571428571428,0.25806451612903225,0.780058651026393,17,9,8,2,23,0.8123167155425219,0.5844416946689674,,
50,rf,regression,5,511.996745484389,0.7961422714712187,0.8181818181818182,0.5294117647058824,0.6428571428571428,0.25806451612903225,0.780058651026393,17,9,8,2,23,0.8093841642228738,0.5779294569067296,,
50,rf,regression,6,509.4140877483192,0.7689208059619381,0.8181818181818182,0.5294117647058824,0.6428571428571428,0.25806451612903225,0.780058651026393,17,9,8,2,23,0.812316715542522,0.5789375214228587,,
50,rf,regression,7,516.3197327724489,0.7634761280907898,0.8181818181818182,0.5294117647058824,0.6428571428571428,0.25806451612903225,0.780058651026393,17,9,8,2,23,0.8240469208211143,0.593701923687261,,
50,rf,regression,8,508.6154497211808,0.761360509115927,0.8181818181818182,0.5294117647058824,0.6428571428571428,0.25806451612903225,0.780058651026393,17,9,8,2,23,0.8240469208211144,0.5908810886083613,,
50,rf,regression,9,508.9741488152416,0.8330214170688518,0.8181818181818182,0.5294117647058824,0.6428571428571428,0.25806451612903225,0.780058651026393,17,9,8,2,23,0.8123167155425219,0.5813926603699331,,
50,xgb,regression,0,534.9751586914062,0.7401350971410632,0.8181818181818182,0.5,0.6206896551724137,0.2903225806451613,0.7639296187683285,18,9,9,2,22,0.8621700879765395,0.6767454913507546,,
50,xgb,regression,1,537.050048828125,0.8811559140893506,0.8181818181818182,0.5294117647058824,0.6428571428571428,0.25806451612903225,0.780058651026393,17,9,8,2,23,0.8885630498533723,0.735464283191556,,
50,xgb,regression,2,527.4197387695312,0.7634726126986189,0.9090909090909091,0.5263157894736842,0.6666666666666666,0.2903225806451613,0.809384164222874,19,10,9,1,22,0.879765395894428,0.7178134501663913,,
50,xgb,regression,3,530.3654174804688,0.7429203104166567,0.7272727272727273,0.47058823529411764,0.5714285714285714,0.2903225806451613,0.718475073313783,17,8,9,3,22,0.8563049853372433,0.6974288337924702,,
50,xgb,regression,4,521.7966918945312,0.7866850236598135,0.7272727272727273,0.47058823529411764,0.5714285714285714,0.2903225806451613,0.718475073313783,17,8,9,3,22,0.8651026392961876,0.7044053315105947,,
50,xgb,regression,5,545.33935546875,0.8303547642833357,0.9090909090909091,0.5263157894736842,0.6666666666666666,0.2903225806451613,0.809384164222874,19,10,9,1,22,0.912023460410557,0.8145532245532247,,
50,xgb,regression,6,539.0874633789062,0.8815882484543427,0.8181818181818182,0.5294117647058824,0.6428571428571428,0.25806451612903225,0.780058651026393,17,9,8,2,23,0.8885630498533723,0.7238110772799768,,
50,xgb,regression,7,550.3340454101562,0.839233041701529,0.9090909090909091,0.5263157894736842,0.6666666666666666,0.2903225806451613,0.809384164222874,19,10,9,1,22,0.9002932551319647,0.7365108302274078,,
50,xgb,regression,8,543.3682250976562,0.8140539153737911,0.9090909090909091,0.5555555555555556,0.6896551724137931,0.25806451612903225,0.8255131964809385,18,10,8,1,23,0.879765395894428,0.7019047619047619,,
50,xgb,regression,9,541.1646728515625,0.7320371459620637,0.9090909090909091,0.5263157894736842,0.6666666666666666,0.2903225806451613,0.809384164222874,19,10,9,1,22,0.879765395894428,0.6854613746324977,,
50,mlp,regression,0,543.6699774300206,0.7135328174331934,0.7272727272727273,0.47058823529411764,0.5714285714285714,0.2903225806451613,0.718475073313783,17,8,9,3,22,0.7712609970674487,0.5014877546695728,,
50,mlp,regression,1,580.404633877401,0.7235558999167349,1.0,0.4583333333333333,0.6285714285714286,0.41935483870967744,0.7903225806451613,24,11,13,0,18,0.8739002932551321,0.7276334776334776,,
50,mlp,regression,2,524.6885936086976,0.7119133584607932,1.0,0.5789473684210527,0.7333333333333334,0.25806451612903225,0.8709677419354839,19,11,8,0,23,0.8475073313782991,0.616436164142328,,
50,mlp,regression,3,528.546890949404,0.7707902425477613,0.8181818181818182,0.6428571428571429,0.7200000000000001,0.16129032258064516,0.8284457478005866,14,9,5,2,26,0.906158357771261,0.6706972320608684,,
50,mlp,regression,4,519.0791602955844,0.8963042034995816,0.9090909090909091,0.5882352941176471,0.7142857142857143,0.22580645161290322,0.841642228739003,17,10,7,1,24,0.8533724340175953,0.6157062634335362,,
50,mlp,regression,5,538.3390834467341,0.7320702640030371,0.9090909090909091,0.47619047619047616,0.6249999999999999,0.3548387096774194,0.7771260997067448,21,10,11,1,20,0.8592375366568914,0.5983135551317369,,
50,mlp,regression,6,514.2903217814093,0.7327069424260932,0.8181818181818182,0.6,0.6923076923076923,0.1935483870967742,0.812316715542522,15,9,6,2,25,0.8592375366568916,0.6467401285583104,,
50,mlp,regression,7,535.7650510337113,0.8033044340213125,0.9090909090909091,0.5555555555555556,0.6896551724137931,0.25806451612903225,0.8255131964809385,18,10,8,1,23,0.8504398826979472,0.5997006269522454,,
50,mlp,regression,8,526.3446095192421,0.8531086186161374,0.8181818181818182,0.5,0.6206896551724137,0.2903225806451613,0.7639296187683285,18,9,9,2,22,0.8563049853372434,0.6666999886367475,,
50,mlp,regression,9,634.4742168549406,0.835047440482223,1.0,0.4074074074074074,0.5789473684210525,0.5161290322580645,0.7419354838709677,27,11,16,0,15,0.8387096774193548,0.592223388613763,,
50,mean_rf_xgb_mlp,regression,0,513.9040409598492,0.801274076063992,0.7272727272727273,0.5714285714285714,0.64,0.1935483870967742,0.7668621700879765,14,8,6,3,25,0.8416422287390029,0.6088217484270116,,
50,mean_rf_xgb_mlp,regression,1,527.0826156901135,0.8230772728671889,0.8181818181818182,0.5,0.6206896551724137,0.2903225806451613,0.7639296187683285,18,9,9,2,22,0.87683284457478,0.6835513370202366,,
50,mean_rf_xgb_mlp,regression,2,503.6036369282346,0.7609740982640142,0.7272727272727273,0.6153846153846154,0.6666666666666667,0.16129032258064516,0.782991202346041,13,8,5,3,26,0.8592375366568914,0.6254403172584991,,
50,mean_rf_xgb_mlp,regression,3,502.5907309840957,0.784287817691179,0.7272727272727273,0.6666666666666666,0.6956521739130435,0.12903225806451613,0.7991202346041055,12,8,4,3,27,0.8651026392961877,0.6197067638244108,,
50,mean_rf_xgb_mlp,regression,4,507.479117941396,0.8818099675767743,0.7272727272727273,0.5,0.5925925925925926,0.25806451612903225,0.7346041055718475,16,8,8,3,23,0.8563049853372433,0.655740107845371,,
50,mean_rf_xgb_mlp,regression,5,517.0907369785622,0.8459226133098314,0.7272727272727273,0.47058823529411764,0.5714285714285714,0.2903225806451613,0.718475073313783,17,8,9,3,22,0.8504398826979471,0.6233348868037863,,
50,mean_rf_xgb_mlp,regression,6,504.9162289257651,0.7779386113419726,0.8181818181818182,0.6,0.6923076923076923,0.1935483870967742,0.812316715542522,15,9,6,2,25,0.8533724340175952,0.6071935313646544,,
50,mean_rf_xgb_mlp,regression,7,512.9030215369366,0.8575803119464063,0.7272727272727273,0.5714285714285714,0.64,0.1935483870967742,0.7668621700879765,14,8,6,3,25,0.8651026392961876,0.642915662768604,,
50,mean_rf_xgb_mlp,regression,8,514.4655832156246,0.8607930759716473,0.9090909090909091,0.5555555555555556,0.6896551724137931,0.25806451612903225,0.8255131964809385,18,10,8,1,23,0.8826979472140762,0.6852147852147853,,
50,mean_rf_xgb_mlp,regression,9,540.8467118441107,0.8399714502198974,0.9090909090909091,0.5263157894736842,0.6666666666666666,0.2903225806451613,0.809384164222874,19,10,9,1,22,0.847507331378299,0.6504528863887152,,
50,stack_rf_xgb_mlp,regression,0,548.5371140604276,0.7211827072259404,0.7272727272727273,0.5333333333333333,0.6153846153846153,0.22580645161290322,0.750733137829912,15,8,7,3,24,0.7712609970674487,0.5014877546695728,,
50,stack_rf_xgb_mlp,regression,1,551.2425390854744,0.7372916508033712,0.8181818181818182,0.5294117647058824,0.6428571428571428,0.25806451612903225,0.780058651026393,17,9,8,2,23,0.8181818181818182,0.5863967288820662,,
50,stack_rf_xgb_mlp,regression,2,551.7639202126531,0.7567803753202913,0.8181818181818182,0.5,0.6206896551724137,0.2903225806451613,0.7639296187683285,18,9,9,2,22,0.8357771260997068,0.5953079328079328,,
50,stack_rf_xgb_mlp,regression,3,580.7079559674984,0.7603580467274629,0.8181818181818182,0.6,0.6923076923076923,0.1935483870967742,0.812316715542522,15,9,6,2,25,0.906158357771261,0.6706972320608684,,
50,stack_rf_xgb_mlp,regression,4,553.4433672694735,0.8526974386245727,0.8181818181818182,0.5294117647058824,0.6428571428571428,0.25806451612903225,0.780058651026393,17,9,8,2,23,0.8475073313782991,0.6143714870987599,,
50,stack_rf_xgb_mlp,regression,5,544.8949206759007,0.7380843804826556,0.8181818181818182,0.5625,0.6666666666666666,0.22580645161290322,0.7961876832844575,16,9,7,2,24,0.8621700879765395,0.5907910271546635,,
50,stack_rf_xgb_mlp,regression,6,522.7469840353092,0.7205389848246991,0.6363636363636364,0.6363636363636364,0.6363636363636364,0.12903225806451613,0.7536656891495601,11,7,4,4,27,0.8592375366568916,0.6467401285583104,,
50,stack_rf_xgb_mlp,regression,7,575.5420499675544,0.7967294610151752,0.9090909090909091,0.5555555555555556,0.6896551724137931,0.25806451612903225,0.8255131964809385,18,10,8,1,23,0.8387096774193548,0.6007728382728382,,
50,stack_rf_xgb_mlp,regression,8,564.3514858193131,0.8457892048366396,0.8181818181818182,0.47368421052631576,0.6,0.3225806451612903,0.747800586510264,19,9,10,2,21,0.8680351906158358,0.6913523564709336,,
50,stack_rf_xgb_mlp,regression,9,668.0575820893547,0.8318256622604449,1.0,0.4074074074074074,0.5789473684210525,0.5161290322580645,0.7419354838709677,27,11,16,0,15,0.8445747800586509,0.6215021906198377,,
50,logit_all,classifier,0,,0.7164375675432729,0.6363636363636364,0.5833333333333334,0.6086956521739131,0.16129032258064516,0.7375366568914955,12,7,5,4,26,0.873900293255132,0.693754937872585,0.5050933436878056,0.001
50,logit_degradation,classifier,0,,0.6987793329207526,0.6363636363636364,0.5833333333333334,0.6086956521739131,0.16129032258064516,0.7375366568914955,12,7,5,4,26,0.8563049853372434,0.6801077663306765,0.5051007757884411,0.001
50,logit_protocol,classifier,0,,0.6360238447111837,1.0,0.3235294117647059,0.48888888888888893,0.7419354838709677,0.6290322580645161,34,11,23,0,8,0.8064516129032258,0.648203230461295,0.49582486592829733,0.001
100,plsr,regression,0,553.5437213091853,0.7408630793747998,1.0,0.6111111111111112,0.7586206896551725,0.22580645161290322,0.8870967741935484,18,11,7,0,24,0.9384164222873901,0.815177751541388,,
100,plsr,regression,1,553.5437213091853,0.7408630793747998,1.0,0.6111111111111112,0.7586206896551725,0.22580645161290322,0.8870967741935484,18,11,7,0,24,0.9384164222873901,0.815177751541388,,
100,plsr,regression,2,553.5437213091853,0.7408630793747998,1.0,0.6111111111111112,0.7586206896551725,0.22580645161290322,0.8870967741935484,18,11,7,0,24,0.9384164222873901,0.815177751541388,,
100,plsr,regression,3,553.5437213091853,0.7408630793747998,1.0,0.6111111111111112,0.7586206896551725,0.22580645161290322,0.8870967741935484,18,11,7,0,24,0.9384164222873901,0.815177751541388,,
100,plsr,regression,4,553.5437213091853,0.7408630793747998,1.0,0.6111111111111112,0.7586206896551725,0.22580645161290322,0.8870967741935484,18,11,7,0,24,0.9384164222873901,0.815177751541388,,
100,plsr,regression,5,553.5437213091853,0.7408630793747998,1.0,0.6111111111111112,0.7586206896551725,0.22580645161290322,0.8870967741935484,18,11,7,0,24,0.9384164222873901,0.815177751541388,,
100,plsr,regression,6,553.5437213091853,0.7408630793747998,1.0,0.6111111111111112,0.7586206896551725,0.22580645161290322,0.8870967741935484,18,11,7,0,24,0.9384164222873901,0.815177751541388,,
100,plsr,regression,7,553.5437213091853,0.7408630793747998,1.0,0.6111111111111112,0.7586206896551725,0.22580645161290322,0.8870967741935484,18,11,7,0,24,0.9384164222873901,0.815177751541388,,
100,plsr,regression,8,553.5437213091853,0.7408630793747998,1.0,0.6111111111111112,0.7586206896551725,0.22580645161290322,0.8870967741935484,18,11,7,0,24,0.9384164222873901,0.815177751541388,,
100,plsr,regression,9,553.5437213091853,0.7408630793747998,1.0,0.6111111111111112,0.7586206896551725,0.22580645161290322,0.8870967741935484,18,11,7,0,24,0.9384164222873901,0.815177751541388,,
100,ridge,regression,0,538.8428415330732,0.7615090396146297,1.0,0.6470588235294118,0.7857142857142858,0.1935483870967742,0.9032258064516129,17,11,6,0,25,0.9618768328445747,0.8729732388823299,,
100,ridge,regression,1,538.8428415330732,0.7615090396146297,1.0,0.6470588235294118,0.7857142857142858,0.1935483870967742,0.9032258064516129,17,11,6,0,25,0.9618768328445747,0.8729732388823299,,
100,ridge,regression,2,538.8428415330732,0.7615090396146297,1.0,0.6470588235294118,0.7857142857142858,0.1935483870967742,0.9032258064516129,17,11,6,0,25,0.9618768328445747,0.8729732388823299,,
100,ridge,regression,3,538.8428415330732,0.7615090396146297,1.0,0.6470588235294118,0.7857142857142858,0.1935483870967742,0.9032258064516129,17,11,6,0,25,0.9618768328445747,0.8729732388823299,,
100,ridge,regression,4,538.8428415330732,0.7615090396146297,1.0,0.6470588235294118,0.7857142857142858,0.1935483870967742,0.9032258064516129,17,11,6,0,25,0.9618768328445747,0.8729732388823299,,
100,ridge,regression,5,538.8428415330732,0.7615090396146297,1.0,0.6470588235294118,0.7857142857142858,0.1935483870967742,0.9032258064516129,17,11,6,0,25,0.9618768328445747,0.8729732388823299,,
100,ridge,regression,6,538.8428415330732,0.7615090396146297,1.0,0.6470588235294118,0.7857142857142858,0.1935483870967742,0.9032258064516129,17,11,6,0,25,0.9618768328445747,0.8729732388823299,,
100,ridge,regression,7,538.8428415330732,0.7615090396146297,1.0,0.6470588235294118,0.7857142857142858,0.1935483870967742,0.9032258064516129,17,11,6,0,25,0.9618768328445747,0.8729732388823299,,
100,ridge,regression,8,538.8428415330732,0.7615090396146297,1.0,0.6470588235294118,0.7857142857142858,0.1935483870967742,0.9032258064516129,17,11,6,0,25,0.9618768328445747,0.8729732388823299,,
100,ridge,regression,9,538.8428415330732,0.7615090396146297,1.0,0.6470588235294118,0.7857142857142858,0.1935483870967742,0.9032258064516129,17,11,6,0,25,0.9618768328445747,0.8729732388823299,,
100,rf,regression,0,500.7907389443504,0.6813734253362737,0.9090909090909091,0.625,0.7407407407407406,0.1935483870967742,0.8577712609970675,16,10,6,1,25,0.9149560117302054,0.7569125319125319,,
100,rf,regression,1,503.2411801595413,0.7222709498472435,0.9090909090909091,0.5555555555555556,0.6896551724137931,0.25806451612903225,0.8255131964809385,18,10,8,1,23,0.903225806451613,0.7105921855921856,,
100,rf,regression,2,503.0355454563274,0.6798930896122404,0.9090909090909091,0.5555555555555556,0.6896551724137931,0.25806451612903225,0.8255131964809385,18,10,8,1,23,0.903225806451613,0.73216909353273,,
100,rf,regression,3,510.3185835821752,0.7429407427306587,0.9090909090909091,0.5555555555555556,0.6896551724137931,0.25806451612903225,0.8255131964809385,18,10,8,1,23,0.8944281524926687,0.7090856039385451,,
100,rf,regression,4,503.73827875271854,0.7041803802860858,0.9090909090909091,0.5882352941176471,0.7142857142857143,0.22580645161290322,0.841642228739003,17,10,7,1,24,0.9061583577712611,0.7143800643800644,,
100,rf,regression,5,508.2407023945801,0.7722019577061594,0.9090909090909091,0.5555555555555556,0.6896551724137931,0.25806451612903225,0.8255131964809385,18,10,8,1,23,0.8973607038123168,0.7006383693549469,,
100,rf,regression,6,497.9264525457123,0.7345308286484757,0.8181818181818182,0.6,0.6923076923076923,0.1935483870967742,0.812316715542522,15,9,6,2,25,0.9149560117302054,0.7646825396825397,,
100,rf,regression,7,506.9814959951243,0.736620856476562,0.9090909090909091,0.5555555555555556,0.6896551724137931,0.25806451612903225,0.8255131964809385,18,10,8,1,23,0.9208211143695015,0.8114620228256593,,
100,rf,regression,8,504.3988312760071,0.6768361966919021,0.9090909090909091,0.5882352941176471,0.7142857142857143,0.22580645161290322,0.841642228739003,17,10,7,1,24,0.8973607038123168,0.7027544351073763,,
100,rf,regression,9,504.35572919112366,0.7009173034935972,0.9090909090909091,0.5882352941176471,0.7142857142857143,0.22580645161290322,0.841642228739003,17,10,7,1,24,0.9149560117302054,0.750960150960151,,
100,xgb,regression,0,524.8677978515625,0.6370693373042997,0.9090909090909091,0.5882352941176471,0.7142857142857143,0.22580645161290322,0.841642228739003,17,10,7,1,24,0.903225806451613,0.7269964883601248,,
100,xgb,regression,1,542.5485229492188,0.6884194703522435,0.9090909090909091,0.5882352941176471,0.7142857142857143,0.22580645161290322,0.841642228739003,17,10,7,1,24,0.9296187683284458,0.7386705399863294,,
100,xgb,regression,2,532.8135375976562,0.7078712665689619,0.9090909090909091,0.625,0.7407407407407406,0.1935483870967742,0.8577712609970675,16,10,6,1,25,0.9061583577712611,0.7599844599844601,,
100,xgb,regression,3,528.9362182617188,0.6838358595186327,0.9090909090909091,0.5882352941176471,0.7142857142857143,0.22580645161290322,0.841642228739003,17,10,7,1,24,0.903225806451613,0.7296814296814297,,
100,xgb,regression,4,518.847412109375,0.6409510495188244,0.8181818181818182,0.6428571428571429,0.7200000000000001,0.16129032258064516,0.8284457478005866,14,9,5,2,26,0.8973607038123168,0.6868370191899603,,
100,xgb,regression,5,515.125244140625,0.8082302286636651,0.8181818181818182,0.6428571428571429,0.7200000000000001,0.16129032258064516,0.8284457478005866,14,9,5,2,26,0.9325513196480938,0.8183236252754971,,
100,xgb,regression,6,522.6525268554688,0.6439672560014175,0.8181818181818182,0.6,0.6923076923076923,0.1935483870967742,0.812316715542522,15,9,6,2,25,0.9354838709677419,0.8125031830914184,,
100,xgb,regression,7,547.271240234375,0.6648160896060056,1.0,0.6470588235294118,0.7857142857142858,0.1935483870967742,0.9032258064516129,17,11,6,0,25,0.9149560117302052,0.7232076301595018,,
100,xgb,regression,8,540.2859497070312,0.6265740028068644,0.9090909090909091,0.5555555555555556,0.6896551724137931,0.25806451612903225,0.8255131964809385,18,10,8,1,23,0.9296187683284458,0.7659172831421636,,
100,xgb,regression,9,536.2816162109375,0.6374808931669833,0.9090909090909091,0.5555555555555556,0.6896551724137931,0.25806451612903225,0.8255131964809385,18,10,8,1,23,0.9208211143695015,0.7667650531286896,,
100,mlp,regression,0,528.5198651144931,0.730866439325086,1.0,0.5789473684210527,0.7333333333333334,0.25806451612903225,0.8709677419354839,19,11,8,0,23,0.9090909090909092,0.7086129779311598,,
100,mlp,regression,1,555.144961184532,0.7119056382214277,1.0,0.5789473684210527,0.7333333333333334,0.25806451612903225,0.8709677419354839,19,11,8,0,23,0.8211143695014663,0.5071909010869045,,
100,mlp,regression,2,515.2707449879648,0.6298243865083759,0.6363636363636364,0.5384615384615384,0.5833333333333334,0.1935483870967742,0.721407624633431,13,7,6,4,25,0.8445747800586509,0.5704156954156955,,
100,mlp,regression,3,813.8714691652486,0.5204116994765491,1.0,0.34375,0.5116279069767442,0.6774193548387096,0.6612903225806452,32,11,21,0,10,0.9237536656891496,0.7823953823953824,,
100,mlp,regression,4,542.8055625081402,0.672144207333283,1.0,0.5,0.6666666666666666,0.3548387096774194,0.8225806451612903,22,11,11,0,20,0.8651026392961877,0.6038858802016697,,
100,mlp,regression,5,550.6643443826614,0.6257167177998668,1.0,0.5,0.6666666666666666,0.3548387096774194,0.8225806451612903,22,11,11,0,20,0.9032258064516129,0.7369128643192815,,
100,mlp,regression,6,641.3819249933924,0.745081174762395,0.9090909090909091,0.45454545454545453,0.6060606060606061,0.3870967741935484,0.7609970674486803,22,10,12,1,19,0.9032258064516128,0.6727419264968671,,
100,mlp,regression,7,519.3578773647654,0.7298455046354206,1.0,0.5789473684210527,0.7333333333333334,0.25806451612903225,0.8709677419354839,19,11,8,0,23,0.9413489736070382,0.7913534697625607,,
100,mlp,regression,8,681.9490046914094,0.5982144186345866,1.0,0.4782608695652174,0.6470588235294118,0.3870967741935484,0.8064516129032258,23,11,12,0,19,0.8826979472140764,0.6336088154269972,,
100,mlp,regression,9,634.5486626373506,0.741615824651539,1.0,0.4583333333333333,0.6285714285714286,0.41935483870967744,0.7903225806451613,24,11,13,0,18,0.8973607038123167,0.6881294144452039,,
100,mean_rf_xgb_mlp,regression,0,502.94826003086473,0.690880034997682,0.8181818181818182,0.6923076923076923,0.7500000000000001,0.12903225806451613,0.8445747800586512,13,9,4,2,27,0.9266862170087977,0.7762487512487514,,
100,mean_rf_xgb_mlp,regression,1,512.7135112589649,0.7063562254738724,0.8181818181818182,0.6,0.6923076923076923,0.1935483870967742,0.812316715542522,15,9,6,2,25,0.9149560117302052,0.747271029623971,,
100,mean_rf_xgb_mlp,regression,2,509.7723600291677,0.6569007225022263,0.8181818181818182,0.6428571428571429,0.7200000000000001,0.16129032258064516,0.8284457478005866,14,9,5,2,26,0.9032258064516129,0.7126243639401534,,
100,mean_rf_xgb_mlp,regression,3,607.3545121121407,0.6350361996345161,1.0,0.5,0.6666666666666666,0.3548387096774194,0.8225806451612903,22,11,11,0,20,0.9266862170087977,0.7745244654335564,,
100,mean_rf_xgb_mlp,regression,4,515.9569291731963,0.6657535741569355,0.9090909090909091,0.5263157894736842,0.6666666666666666,0.2903225806451613,0.809384164222874,19,10,9,1,22,0.9178885630498534,0.7564697928334293,,
100,mean_rf_xgb_mlp,regression,5,507.25761180306046,0.6917978515170023,0.8181818181818182,0.6428571428571429,0.7200000000000001,0.16129032258064516,0.8284457478005866,14,9,5,2,26,0.9325513196480939,0.7878768891926787,,
100,mean_rf_xgb_mlp,regression,6,561.4659878427809,0.7369596881814926,1.0,0.5789473684210527,0.7333333333333334,0.25806451612903225,0.8709677419354839,19,11,8,0,23,0.9442815249266862,0.8033928489810843,,
100,mean_rf_xgb_mlp,regression,7,504.5208476468583,0.6838909922943537,0.8181818181818182,0.6428571428571429,0.7200000000000001,0.16129032258064516,0.8284457478005866,14,9,5,2,26,0.9296187683284458,0.7826321339479235,,
100,mean_rf_xgb_mlp,regression,8,558.2338658691866,0.6050021640357776,0.9090909090909091,0.5882352941176471,0.7142857142857143,0.22580645161290322,0.841642228739003,17,10,7,1,24,0.9208211143695015,0.7589728453364818,,
100,mean_rf_xgb_mlp,regression,9,544.8460501244654,0.7016854386215288,0.9090909090909091,0.5555555555555556,0.6896551724137931,0.25806451612903225,0.8255131964809385,18,10,8,1,23,0.9296187683284458,0.8063112326270221,,
100,stack_rf_xgb_mlp,regression,0,552.977051090762,0.7474585147517477,1.0,0.5789473684210527,0.7333333333333334,0.25806451612903225,0.8709677419354839,19,11,8,0,23,0.9090909090909092,0.7086129779311598,,
100,stack_rf_xgb_mlp,regression,1,543.2484011790044,0.7415807250393717,0.9090909090909091,0.5882352941176471,0.7142857142857143,0.22580645161290322,0.841642228739003,17,10,7,1,24,0.903225806451613,0.7550395237561014,,
100,stack_rf_xgb_mlp,regression,2,545.3225107701701,0.6343476701808192,0.6363636363636364,0.5384615384615384,0.5833333333333334,0.1935483870967742,0.721407624633431,13,7,6,4,25,0.8445747800586509,0.5704156954156955,,
100,stack_rf_xgb_mlp,regression,3,741.2270590415578,0.6990319362601971,1.0,0.44,0.6111111111111112,0.45161290322580644,0.7741935483870968,25,11,14,0,17,0.9208211143695015,0.7630813630813632,,
100,stack_rf_xgb_mlp,regression,4,562.4374229011382,0.7407201637035733,0.9090909090909091,0.5882352941176471,0.7142857142857143,0.22580645161290322,0.841642228739003,17,10,7,1,24,0.8973607038123168,0.6868370191899603,,
100,stack_rf_xgb_mlp,regression,5,542.3011165880611,0.6728217878980816,1.0,0.55,0.7096774193548387,0.2903225806451613,0.8548387096774194,20,11,9,0,22,0.9032258064516129,0.7369128643192815,,
100,stack_rf_xgb_mlp,regression,6,529.1160339160582,0.7417227613656185,0.9090909090909091,0.7142857142857143,0.8,0.12903225806451613,0.8900293255131966,14,10,4,1,27,0.9032258064516129,0.7132014669564076,,
100,stack_rf_xgb_mlp,regression,7,550.4722043377405,0.7374065992487044,1.0,0.5238095238095238,0.6875000000000001,0.3225806451612903,0.8387096774193549,21,11,10,0,21,0.9413489736070382,0.7913534697625607,,
100,stack_rf_xgb_mlp,regression,8,563.3240142899487,0.7074037307230584,0.9090909090909091,0.5555555555555556,0.6896551724137931,0.25806451612903225,0.8255131964809385,18,10,8,1,23,0.9325513196480939,0.747232313141404,,
100,stack_rf_xgb_mlp,regression,9,607.9809863835424,0.65187696325323,1.0,0.5238095238095238,0.6875000000000001,0.3225806451612903,0.8387096774193549,21,11,10,0,21,0.9178885630498534,0.7607004107004107,,
100,logit_all,classifier,0,,0.708625583100373,0.6363636363636364,0.5384615384615384,0.5833333333333334,0.1935483870967742,0.721407624633431,13,7,6,4,25,0.8826979472140764,0.7308027756557169,0.5003507130024801,0.001
100,logit_degradation,classifier,0,,0.6760508865550882,0.8181818181818182,0.6,0.6923076923076923,0.1935483870967742,0.812316715542522,15,9,6,2,25,0.8680351906158358,0.674214191605496,0.49838806903759614,0.001
100,logit_protocol,classifier,0,,0.6360238447111837,1.0,0.3235294117647059,0.48888888888888893,0.7419354838709677,0.6290322580645161,34,11,23,0,8,0.8064516129032258,0.648203230461295,0.49582486592829733,0.001
