T,model,kind,recall_mean,recall_std,precision_mean,precision_std,F1_mean,F1_std,false_alarm_rate_mean,false_alarm_rate_std,balanced_acc_mean,balanced_acc_std,ROC_AUC_mean,ROC_AUC_std,PR_AUC_mean,PR_AUC_std,n_alarms_mean,n_alarms_std,oof_PR_AUC_mean,oof_PR_AUC_std
20,logit_all,classifier,0.9090909090909091,,0.5,,0.6451612903225806,,0.3225806451612903,,0.7932551319648095,,0.8035190615835778,,0.47984464287940226,,20.0,,0.6346676427287883,
20,logit_degradation,classifier,0.9090909090909091,,0.47619047619047616,,0.6249999999999999,,0.3548387096774194,,0.7771260997067448,,0.8152492668621701,,0.5595560141612773,,21.0,,0.631211597439219,
20,logit_protocol,classifier,1.0,,0.3235294117647059,,0.48888888888888893,,0.7419354838709677,,0.6290322580645161,,0.8064516129032258,,0.648203230461295,,34.0,,0.6360238447111837,
20,mean_rf_xgb_mlp,regression,0.9818181818181818,0.03833063830507128,0.5001315789473685,0.03480210877832087,0.661689708141321,0.030310194911715233,0.35161290322580646,0.053655806236019996,0.8151026392961876,0.025117149404437662,0.8260997067448681,0.035083196537970054,0.5224534835961799,0.07603860977032398,21.7,1.8885620632287066,0.7694525795563403,0.030549136850673852
20,mlp,regression,0.9181818181818182,0.13173978860172217,0.38820345313404336,0.0761644444260308,0.5370493619105234,0.06981106614934103,0.5516129032258064,0.21421880923721281,0.6832844574780059,0.07779709775590045,0.7765395894428153,0.06483820197960292,0.4897087868292883,0.09926973770865492,27.2,7.714344503009385,0.6336218485658722,0.08189064284136785
20,plsr,regression,1.0,0.0,0.4583333333333333,0.0,0.6285714285714286,0.0,0.4193548387096774,0.0,0.7903225806451613,0.0,0.7976539589442815,0.0,0.5344708321981049,0.0,24.0,0.0,0.7341058872114773,0.0
20,rf,regression,1.0,0.0,0.5238095238095238,0.0,0.6875000000000001,0.0,0.3225806451612903,0.0,0.8387096774193548,0.0,0.8131964809384165,0.006342572120237857,0.4746328189042092,0.011632664909654662,21.0,0.0,0.7738790023124941,0.01936157806824219
20,ridge,regression,1.0,0.0,0.4583333333333333,0.0,0.6285714285714286,0.0,0.4193548387096774,0.0,0.7903225806451613,0.0,0.8035190615835777,0.0,0.5175960004907373,0.0,24.0,0.0,0.7364996114996114,0.0
20,stack_rf_xgb_mlp,regression,0.909090909090909,0.18181818181818185,0.46012043998886104,0.07684807660045007,0.6058862883013987,0.10087837868609124,0.3870967741935484,0.13343735103215973,0.7609970674486803,0.09383909657674594,0.804692082111437,0.05523101409387592,0.5086283901220943,0.08162337980468541,22.0,5.14241620684717,0.7136217384705364,0.08398643641474646
20,xgb,regression,0.9909090909090909,0.028747978728803466,0.5240476190476191,0.011795797621262998,0.685483870967742,0.015789435651170355,0.3193548387096774,0.010200895677962505,0.8357771260997067,0.015777138212677407,0.835483870967742,0.010200895677962538,0.5391244806886518,0.04166935366056669,20.8,0.42163702135578407,0.8012377276472137,0.02555419204992896
50,logit_all,classifier,0.6363636363636364,,0.5833333333333334,,0.6086956521739131,,0.16129032258064516,,0.7375366568914955,,0.873900293255132,,0.693754937872585,,12.0,,0.7164375675432729,
50,logit_degradation,classifier,0.6363636363636364,,0.5833333333333334,,0.6086956521739131,,0.16129032258064516,,0.7375366568914955,,0.8563049853372434,,0.6801077663306765,,12.0,,0.6987793329207526,
50,logit_protocol,classifier,1.0,,0.3235294117647059,,0.48888888888888893,,0.7419354838709677,,0.6290322580645161,,0.8064516129032258,,0.648203230461295,,34.0,,0.6360238447111837,
50,mean_rf_xgb_mlp,regression,0.7818181818181819,0.07666127661014255,0.5577368005231782,0.06018866630408234,0.647565919116144,0.04277990012913386,0.2258064516129032,0.058894898656469484,0.7780058651026394,0.034582560352084395,0.859824046920821,0.012879506621310363,0.6402372026916074,0.028393899138614526,15.6,2.3664319132398464,0.8233629295252903,0.0404739724764756
50,mlp,regression,0.890909090909091,0.09389050536260403,0.5278114813176733,0.07565961555801247,0.6574218935933999,0.05958556109359943,0.2967741935483871,0.10731161247203999,0.797067448680352,0.04741310666003083,0.8516129032258064,0.03375478529993394,0.6235638579832586,0.06023498742710267,19.0,4.0,0.7772334221406868,0.06601905596470432
50,plsr,regression,0.909090909090909,0.0,0.625,0.0,0.7407407407407406,0.0,0.1935483870967742,0.0,0.8577712609970675,0.0,0.9120234604105573,0.0,0.7938796052432417,0.0,16.0,0.0,0.8221830199384378,0.0
50,rf,regression,0.8181818181818181,0.0,0.5294117647058824,0.0,0.6428571428571428,0.0,0.25806451612903225,0.0,0.780058651026393,0.0,0.8149560117302052,0.005433799456378254,0.5832948777761827,0.005545372446145083,17.0,0.0,0.7892195221850241,0.025411499241591584
50,ridge,regression,0.909090909090909,0.0,0.625,0.0,0.7407407407407406,0.0,0.1935483870967742,0.0,0.8577712609970675,0.0,0.9178885630498532,0.0,0.8069026932663297,0.0,16.0,0.0,0.8055686377114949,0.0
50,stack_rf_xgb_mlp,regression,0.8181818181818181,0.09582659576267819,0.5327667672598013,0.06408173999302345,0.6385729092444156,0.03686048188599591,0.267741935483871,0.10206561268889709,0.7752199413489737,0.02875836388427262,0.8451612903225806,0.035049134512678715,0.6119419676595783,0.05245940082907816,17.3,4.083843505544474,0.7761277912121253,0.051564347055598335
50,xgb,regression,0.8454545454545455,0.07484296384986948,0.5160818713450293,0.02734642899387927,0.6405582922824301,0.040961040120511494,0.2806451612903226,0.015582125533537047,0.7824046920821115,0.03843644000515355,0.8812316715542521,0.01722483889218581,0.7194098658609636,0.03888993671858193,18.0,0.9428090415820631,0.8011636073780565,0.05662736516878941
100,logit_all,classifier,0.6363636363636364,,0.5384615384615384,,0.5833333333333334,,0.1935483870967742,,0.721407624633431,,0.8826979472140764,,0.7308027756557169,,13.0,,0.708625583100373,
100,logit_degradation,classifier,0.8181818181818182,,0.6,,0.6923076923076923,,0.1935483870967742,,0.812316715542522,,0.8680351906158358,,0.674214191605496,,15.0,,0.6760508865550882,
100,logit_protocol,classifier,1.0,,0.3235294117647059,,0.48888888888888893,,0.7419354838709677,,0.6290322580645161,,0.8064516129032258,,0.648203230461295,,34.0,,0.6360238447111837,
100,mean_rf_xgb_mlp,regression,0.8818181818181818,0.07484296384986949,0.596993312844706,0.059560245492428394,0.7072915245673868,0.027632385822597288,0.2193548387096774,0.07100031836223303,0.8312316715542523,0.01773661623941708,0.9246334310850439,0.011149695697054828,0.7706324353165052,0.0280505382046906,16.5,2.9533408577782247,0.6774262891415387,0.03800399886442987
100,mlp,regression,0.9545454545454545,0.11539050160399862,0.5010193301168702,0.07367785710588436,0.6509985431804857,0.07254784100348215,0.3548387096774194,0.13515919451587668,0.7998533724340176,0.06928400315545016,0.889149560117302,0.036543977284508436,0.6695247327481721,0.09176107059008154,21.5,4.8362060428489695,0.670562601134853,0.07521424975227425
100,plsr,regression,1.0,0.0,0.6111111111111112,0.0,0.7586206896551725,0.0,0.2258064516129032,0.0,0.8870967741935484,0.0,0.9384164222873901,0.0,0.8151777515413879,0.0,18.0,0.0,0.7408630793747998,0.0
100,rf,regression,0.9,0.02874797872880342,0.5767483660130719,0.024743985335948362,0.7024181437974542,0.01766297932081116,0.2354838709677419,0.026557180720921437,0.832258064516129,0.013081940189557443,0.9067448680351907,0.009149058812744932,0.735363699728673,0.03556222717494845,17.2,1.0327955589886444,0.7151765730829198,0.03177931328982047
100,ridge,regression,1.0,0.0,0.6470588235294118,0.0,0.7857142857142858,0.0,0.1935483870967742,0.0,0.9032258064516128,0.0,0.9618768328445746,0.0,0.8729732388823299,0.0,17.0,0.0,0.7615090396146297,0.0
100,stack_rf_xgb_mlp,regression,0.9272727272727274,0.1117520540277926,0.5601339812578203,0.06941063647792202,0.6930681798117838,0.06061195944271663,0.26774193548387093,0.08742140483517352,0.8297653958944281,0.04858884449605246,0.9073313782991204,0.02620037625454701,0.7233387104254345,0.061823151840214884,18.5,3.5355339059327378,0.7074370852424402,0.04169572563901754
100,xgb,regression,0.8909090909090909,0.05749595745760687,0.603359010270775,0.03458646966851684,0.7180930206447448,0.028710470761789002,0.2096774193548387,0.034842691926923984,0.8406158357771261,0.0253217499967061,0.9173020527859238,0.014152071218653996,0.7528886711999575,0.04069287890580906,16.3,1.494434118097326,0.6739215453507897,0.05425752171448455
