T,config,model,cv_rmse,cv_mae,test_rmse,test_mae,n_features,d_cv_rmse,d_cv_mae,d_test_rmse,d_test_mae
20,degradation_only,plsr,218.86710283152163,126.09346831794558,254.63176531729283,128.3226768012105,39.0,36.30018442498735,16.611313355717826,74.81364610173677,21.074345159147356
20,degradation_only,rf,281.02549594086827,128.69468886429033,268.59522946627175,134.85704010634467,39.0,16.614999643187275,14.761145447346081,47.37880854922534,16.410024924200428
20,degradation_only,xgb,280.021861423939,131.09299400763783,263.4724169380715,138.7662854875837,39.0,22.008063216145217,25.003045555052708,39.56897334768354,24.985795520600817
20,drop:capacity_fade,plsr,205.9030900040112,107.8988281495602,162.38182651797487,107.04087411617894,33.0,23.33617159747692,-1.5833268126675506,-17.436292697581194,-0.20745752588419464
20,drop:capacity_fade,rf,261.76210306799015,111.30702200264626,221.8620103627387,117.8740484408781,33.0,-2.6483932296908392,-2.626521414297983,0.6455894456922806,-0.5729667412661428
20,drop:capacity_fade,xgb,257.8924496275442,104.93464598616934,226.94504441803102,113.60763162279886,33.0,-0.12134858024961659,-1.155302466415776,3.041600827643066,-0.17285834418402146
20,drop:charging_protocol_proxy,plsr,218.86710283152163,126.09346831794558,254.63176531729283,128.3226768012105,39.0,36.30018442498735,16.611313355717826,74.81364610173677,21.074345159147356
20,drop:charging_protocol_proxy,rf,281.02549594086827,128.69468886429033,268.59522946627175,134.85704010634467,39.0,16.614999643187275,14.761145447346081,47.37880854922534,16.410024924200428
20,drop:charging_protocol_proxy,xgb,280.021861423939,131.09299400763783,263.4724169380715,138.7662854875837,39.0,22.008063216145217,25.003045555052708,39.56897334768354,24.985795520600817
20,drop:coulombic_efficiency,plsr,174.031649720111,102.90825921538769,183.4253033474657,106.49946362029699,43.0,-8.53526868642328,-6.573895746840066,3.6071841319096336,-0.7488680217661425
20,drop:coulombic_efficiency,rf,264.28082297480375,113.5239813182618,223.79992211489966,119.72848446273696,43.0,-0.1296733228772382,-0.40956209868244287,2.583501197853252,1.2814692805927166
20,drop:coulombic_efficiency,xgb,258.30478124596317,105.7220997383924,227.86650664430638,115.7144034249442,43.0,0.2909830381693723,-0.3678487141927178,3.9630630539184324,1.9339134579613102
20,drop:discharge_curve_shape,plsr,190.8540308060169,108.61391179161963,183.0039424705302,108.9696835667651,40.0,8.287112399482623,-0.8682431706081246,3.1858232549741388,1.7213519247019633
20,drop:discharge_curve_shape,rf,264.722819978942,113.88226763495209,218.73711971044904,115.96886229997348,40.0,0.3123236812610344,-0.05127578199216032,-2.47930120659737,-2.478152882170761
20,drop:discharge_curve_shape,xgb,257.464429705282,106.83678876675242,229.03219621910023,116.11168198358445,40.0,-0.5493685025118111,0.7468403141673008,5.128752628712277,2.3311920166015625
20,drop:internal_resistance,plsr,175.9452172604333,116.44053160582877,183.47918163673458,111.35454799041617,42.0,-6.621701146100975,6.958376643601014,3.6610624211785137,4.10621634835303
20,drop:internal_resistance,rf,267.7098519633203,116.66749014869326,225.66570188919005,117.24470905944439,42.0,3.2993556656393253,2.7339467317490147,4.44928097214364,-1.2023061226998522
20,drop:internal_resistance,xgb,260.13381125086454,108.99914178615661,227.74868539991792,114.9511219811818,42.0,2.120013043070742,2.909193333571494,3.8452418095299663,1.1706320141989153
20,drop:thermal,plsr,185.4547741036406,113.10103845696956,175.8204376330069,111.32637426732401,41.0,2.8878556971063176,3.6188834947418087,-3.997681582549177,4.078042625260878
20,drop:thermal,rf,273.42195372607375,128.03940235557363,225.36143846760922,127.09723513797663,41.0,9.01145742839276,14.105858938629382,4.145017550562812,8.650219955832384
20,drop:thermal,xgb,266.7361086219504,117.45982050701855,231.37209074821692,122.10684494745163,41.0,8.722310414156595,11.36987205443343,7.468647157828968,8.32635498046875
20,drop:voltage_polarisation,plsr,175.60121770160694,105.06549373388229,185.86843850554305,117.69727962344352,38.0,-6.965700704927343,-4.416661228345461,6.050319289986987,10.448947981380385
20,drop:voltage_polarisation,rf,258.88622197635783,114.17146466871118,219.058851591908,119.6355133551835,38.0,-5.524274321323162,0.23792125176693446,-2.157569325138411,1.1884981730392639
20,drop:voltage_polarisation,xgb,256.72463036079375,107.99811485724722,225.0495275847993,115.70686461433532,38.0,-1.2891678470000443,1.9081664046620972,1.1460839944113559,1.9263746473524321
20,full,plsr,182.56691840653428,109.48215496222775,179.81811921555607,107.24833164206314,46.0,0.0,0.0,0.0,0.0
20,full,rf,264.410496297681,113.93354341694425,221.2164209170464,118.44701518214424,46.0,0.0,0.0,0.0,0.0
20,full,xgb,258.0137982077938,106.08994845258512,223.90344359038795,113.78048996698288,46.0,0.0,0.0,0.0,0.0
20,only:capacity_fade,plsr,301.8888980428796,169.94918338055814,373.5121973693866,228.5522314183602,13.0,119.3219796363453,60.467028418330386,193.69407815383056,121.30389977629707
20,only:capacity_fade,rf,332.08250799684174,192.95951352928748,359.7233957312654,198.55453138311395,13.0,67.67201169916075,79.02597011234323,138.50697481421898,80.10751620096971
20,only:capacity_fade,xgb,331.2974261293662,191.37321509384526,363.7736350428104,201.91731649731832,13.0,73.28362792157242,85.28326664126014,139.87019145242243,88.13682653033544
20,only:charging_protocol_proxy,plsr,218.94561999965484,121.45234549228267,143.63058864368386,116.94552894968282,7.0,36.37870159312055,11.970190530054921,-36.1875305718722,9.697197307619689
20,only:charging_protocol_proxy,rf,242.6663739549971,126.1970265988191,218.65064012757264,140.35679212199696,7.0,-21.74412234268388,12.263483181874847,-2.565780789473763,21.90977693985272
20,only:charging_protocol_proxy,xgb,242.930036731403,118.95165246482787,251.25212001651656,150.20188806927393,7.0,-15.083761476390805,12.861704012242754,27.348676426128605,36.42139810229105
20,only:coulombic_efficiency,plsr,363.96558993868484,224.2826191812256,374.18658086633184,230.21602833943493,3.0,181.39867153215056,114.80046421899786,194.36846165077577,122.96769669737179
20,only:coulombic_efficiency,rf,327.92633888481186,193.26395626723902,362.03057643170604,206.9214567936689,3.0,63.51584258713086,79.33041285029478,140.81415551465963,88.47444161152467
20,only:coulombic_efficiency,xgb,330.2313492627545,189.29489309419463,376.9675399641562,212.58063373868427,3.0,72.21755105496072,83.20494464160952,153.06409637376822,98.80014377170139
20,only:discharge_curve_shape,plsr,289.1080426948749,165.3459634516741,337.78116231361724,190.74288335465468,6.0,106.5411242883406,55.86380848944634,157.96304309806118,83.49455171259154
20,only:discharge_curve_shape,rf,286.49580659794333,146.99226462650014,328.14958095446093,185.5181596025499,6.0,22.085310300262336,33.0587212095559,106.93316003741452,67.07114442040566
20,only:discharge_curve_shape,xgb,287.5340145837735,152.74973129644627,325.4919999816479,176.93539622473338,6.0,29.520216375979714,46.65978284386115,101.58855639125994,63.1549062577505
20,only:internal_resistance,plsr,286.20579217593394,158.65665937105965,355.4413929543641,205.23290138937267,4.0,103.63887376939965,49.17450440883189,175.62327373880805,97.98456974730954
20,only:internal_resistance,rf,287.46399551042714,149.93190054580654,298.0051784450776,167.6285096828567,4.0,23.053499212746146,35.998357128862295,76.7887575280312,49.18149450071246
20,only:internal_resistance,xgb,277.0252127699036,143.24664356262704,282.42372487323706,163.8960665748233,4.0,19.011414562109792,37.15669511004192,58.52028128284911,50.11557660784041
20,only:thermal,plsr,291.92916996914147,160.98810830905487,319.27753311303377,181.74481899298146,5.0,109.36225156260718,51.50595334682711,139.4594138974777,74.49648735091833
20,only:thermal,rf,315.9086512432098,153.90456433402633,323.7216773240734,164.1892323089447,5.0,51.498154945528825,39.971020917082086,102.50525640702702,45.742217126800455
20,only:thermal,xgb,319.7942191480875,161.41788414435658,287.46913855698585,163.7884494842045,5.0,61.78042094029371,55.32793569177146,63.5656949665979,50.00795951722162
20,only:voltage_polarisation,plsr,308.2894332810044,171.04389594852935,355.76240812901705,185.3362376900786,8.0,125.72251487447011,61.5617409863016,175.94428891346098,78.08790604801547
20,only:voltage_polarisation,rf,307.23421344937606,149.13797021284213,347.7026906383549,185.11918003780423,8.0,42.823717151695064,35.20442679589789,126.4862697213085,66.67216485565999
20,only:voltage_polarisation,xgb,311.57020323549335,158.88394661259846,340.07572633545755,188.09242514958456,8.0,53.556405027699554,52.793998160013345,116.1722827450696,74.31193518260167
20,protocol_metadata_only,plsr,331.29689263406044,186.32775003798005,344.47945587061656,194.87079623593425,3.0,148.72997422752616,76.8455950757523,164.6613366550605,87.62246459387111
20,protocol_metadata_only,rf,312.27397757202317,169.59027164320273,273.7790819992529,157.49345450523688,3.0,47.86348127434218,55.65672822625848,52.56266108220652,39.04643932309264
20,protocol_metadata_only,xgb,309.675937893104,175.08149334667175,279.22041077824116,168.69423445444258,3.0,51.662139685310194,68.99154489408663,55.31696718785321,54.913744487459695
50,degradation_only,plsr,211.60876274522545,93.51486423647528,154.660978971612,97.87340015738398,39.0,4.376434190556978,-1.7182561208972942,16.94512247700112,9.348891256271031
50,degradation_only,rf,228.976365967514,93.98974566301706,236.25963985051098,133.73177763090837,39.0,2.0409373618936115,-0.7612958337063986,31.980340474840148,14.449111946008273
50,degradation_only,xgb,244.3087219875607,106.575370974657,185.24556185511224,102.93776545448908,39.0,5.510334868915095,3.063504350863809,31.087463718975243,13.56162443615139
50,drop:capacity_fade,plsr,217.4863475268374,100.27143706750962,148.87263724863286,93.16046967277147,33.0,10.254018972168922,5.038316710137053,11.15678075402198,4.635960771658517
50,drop:capacity_fade,rf,225.68345678326935,98.89470563574694,195.56379132688826,113.23434413990974,33.0,-1.251971822351038,4.143664139023485,-8.715508048782567,-6.048321544990358
50,drop:capacity_fade,xgb,259.63122444149957,112.43786869204142,111.43454227339778,71.26161314949157,33.0,20.832837322853976,8.926002068248224,-42.72355586273922,-18.114527868846125
50,drop:charging_protocol_proxy,plsr,211.60876274522545,93.51486423647528,154.660978971612,97.87340015738398,39.0,4.376434190556978,-1.7182561208972942,16.94512247700112,9.348891256271031
50,drop:charging_protocol_proxy,rf,228.976365967514,93.98974566301706,236.25963985051098,133.73177763090837,39.0,2.0409373618936115,-0.7612958337063986,31.980340474840148,14.449111946008273
50,drop:charging_protocol_proxy,xgb,244.3087219875607,106.575370974657,185.24556185511224,102.93776545448908,39.0,5.510334868915095,3.063504350863809,31.087463718975243,13.56162443615139
50,drop:coulombic_efficiency,plsr,207.39799485878495,93.14020376773293,139.2093082479042,84.26085211986572,43.0,0.16566630411648475,-2.0929165896396427,1.4934517532933285,-4.263656781247235
50,drop:coulombic_efficiency,rf,225.88032909679873,94.92575946737037,203.69576318438547,118.93632950655956,43.0,-1.0550995088216553,0.17471797064690975,-0.5835361912853614,-0.3463361783405361
50,drop:coulombic_efficiency,xgb,233.70818188526405,100.79756251389419,150.75744169695753,88.35460214766245,43.0,-5.090205233381539,-2.714304109899004,-3.400656439179471,-1.0215388706752435
50,drop:discharge_curve_shape,plsr,210.1482547461113,101.5270819098584,168.24451284141227,99.79984426403651,40.0,2.9159261914428214,6.2939615524858255,30.528656346801398,11.275335362923556
50,drop:discharge_curve_shape,rf,225.39508626494583,92.85075080479002,207.8464355475885,121.08867996138417,40.0,-1.540342340674556,-1.900290691933435,3.5671361719176673,1.8060142764840776
50,drop:discharge_curve_shape,xgb,248.41535883308006,106.15732034822788,140.07828435279262,82.87576536148313,40.0,9.61697171443447,2.645453724434688,-14.079813783344377,-6.500375656854558
50,drop:internal_resistance,plsr,207.0735767287564,97.64231499832488,131.25963729544915,88.69746606375371,42.0,-0.15875182591207704,2.4091946409523075,-6.456219199161723,0.17295716264075622
50,drop:internal_resistance,rf,224.51620916456474,94.90012135000647,204.2628968735402,119.71556041273351,42.0,-2.4192194410556453,0.14907985328301265,-0.016402502130631547,0.4328947278334141
50,drop:internal_resistance,xgb,232.51375297841437,98.9095972572885,151.77403567289448,91.69225444490947,42.0,-6.284634140231219,-4.6022693665047,-2.3840624632425147,2.316113426571775
50,drop:thermal,plsr,220.04590836369502,100.6737151698088,99.10182850834683,74.47305069983265,41.0,12.81357980902655,5.440594812436231,-38.61402798626405,-14.051458201280298
50,drop:thermal,rf,223.70386477867928,98.36367616505436,188.5339652389495,113.04964689832936,41.0,-3.2315638269411124,3.612634668330898,-15.74533413672134,-6.233018786570739
50,drop:thermal,xgb,238.27970459663717,103.5014988348736,154.59935787467512,88.85961284334697,41.0,-0.5186825220084188,-0.010367788919595,0.44125973853812184,-0.5165281749907251
50,drop:voltage_polarisation,plsr,210.85308414025647,92.94867639500063,131.83140074516393,93.70806120716352,38.0,3.6207555855880003,-2.284443962371938,-5.884455749446943,5.183552306050572
50,drop:voltage_polarisation,rf,282.809825293501,126.3597934464098,204.0725223118649,107.71853400383708,38.0,55.87439668788059,31.608751949686337,-0.20677706380593008,-11.564131681063017
50,drop:voltage_polarisation,xgb,275.9140484055578,122.19836351348131,160.67417553895135,96.21820165240575,38.0,37.11566128691223,18.686496889688115,6.516077402814346,6.842060634068062
50,full,plsr,207.23232855466847,95.23312035737257,137.71585649461088,88.52450890111295,46.0,0.0,0.0,0.0,0.0
50,full,rf,226.9354286056204,94.75104149672346,204.27929937567083,119.2826656849001,46.0,0.0,0.0,0.0,0.0
50,full,xgb,238.7983871186456,103.5118666237932,154.158098136137,89.37614101833769,46.0,0.0,0.0,0.0,0.0
50,only:capacity_fade,plsr,335.7496838801749,189.05757662756213,340.49461213065575,200.42589462417916,13.0,128.51735532550646,93.82445627018956,202.77875563604488,111.90138572306621
50,only:capacity_fade,rf,301.45857365966253,159.046000520935,314.4222892371553,166.643098942988,13.0,74.52314505404215,64.29495902421154,110.1429898614845,47.360433258087895
50,only:capacity_fade,xgb,321.9435135579444,169.11317232953823,312.7386963965212,189.9587094745939,13.0,83.14512643929882,65.60130570574503,158.58059826038422,100.5825684562562
50,only:charging_protocol_proxy,plsr,219.78367711904988,133.68623315042777,159.3600794854796,121.65746949410462,7.0,12.551348564381414,38.4531127930552,21.644222990868712,33.132960592991665
50,only:charging_protocol_proxy,rf,248.79448415181022,139.5042143126287,186.25701123267496,111.82929021607784,7.0,21.859055546189836,44.753172815905245,-18.022288142995876,-7.453375468822259
50,only:charging_protocol_proxy,xgb,237.27179440382233,126.49942587255462,180.7317794129748,114.86523800804501,7.0,-1.5265927148232663,22.98755924876143,26.57368127683779,25.48909698970732
50,only:coulombic_efficiency,plsr,389.26194331791174,241.03139642734277,390.0731195751061,246.11926576096334,3.0,182.02961476324327,145.7982760699702,252.35726308049522,157.5947568598504
50,only:coulombic_efficiency,rf,342.54258738959044,195.11724882794522,373.42840727656494,209.70241954048115,3.0,115.60715878397005,100.36620733122176,169.1491079008941,90.41975385558105
50,only:coulombic_efficiency,xgb,387.7935776541214,226.65959552051575,336.92057648189893,222.8442634703621,3.0,148.9951905354758,123.14772889672255,182.76247834576193,133.46812245202443
50,only:discharge_curve_shape,plsr,238.58979090679708,145.81798203572527,131.4731943133469,104.39520559252999,6.0,31.357462352128607,50.584861678352695,-6.242662181263967,15.870696691417038
50,only:discharge_curve_shape,rf,262.3233046519967,154.44284398135719,201.99480420453065,124.63614970296386,6.0,35.387876046376306,59.691802484633726,-2.284495171140179,5.353484018063767
50,only:discharge_curve_shape,xgb,289.40371075261623,164.58348964287984,144.19466430320767,109.09839569576202,6.0,50.60532363397064,61.071623019086644,-9.963433832929326,19.72225467742433
50,only:internal_resistance,plsr,279.98795563940536,143.20447362089783,361.6852641060027,206.26029897366763,4.0,72.75562708473689,47.97135326352526,223.96940761139183,117.73579007255468
50,only:internal_resistance,rf,293.30712473488546,149.69674429635407,311.2514558159112,161.30799404461675,4.0,66.37169612926508,54.94570279963061,106.97215644024035,42.02532835971665
50,only:internal_resistance,xgb,308.7469898340332,165.96382972283092,332.26448341625934,182.38688223702567,4.0,69.94860271538758,62.45196309903773,178.10638528012234,93.01074121868798
50,only:thermal,plsr,318.3697548456093,193.23541024974742,369.05896300954214,214.8418045788066,5.0,111.13742629094082,98.00228989237485,231.34310651493126,126.31729567769365
50,only:thermal,rf,372.5745106630183,212.31473170046544,359.99606659350894,211.12831982757018,5.0,145.63908205739793,117.56369020374198,155.7167672178381,91.84565414267009
50,only:thermal,xgb,351.7480523637055,205.9142272452998,321.0110805120926,195.54022265237475,5.0,112.94966524505989,102.4023606215066,166.85298237595558,106.16408163403706
50,only:voltage_polarisation,plsr,223.51703830353514,104.60464098348527,226.34311177383935,114.78908401128213,8.0,16.284709748866675,9.371520626112698,88.62725527922848,26.264575110169176
50,only:voltage_polarisation,rf,234.2818057657192,109.57459447291903,245.61229839670742,137.22227491242785,8.0,7.346377160098825,14.823552976195572,41.332999021036585,17.939609227527754
50,only:voltage_polarisation,xgb,243.3398689788622,118.11397719964748,144.01649723143973,93.24412803044395,8.0,4.5414818602166065,14.602110575854283,-10.14160090469727,3.867987012106255
50,protocol_metadata_only,plsr,331.29689263406044,186.32775003798005,344.47945587061656,194.87079623593425,3.0,124.06456407939197,91.09462968060748,206.7635993760057,106.3462873348213
50,protocol_metadata_only,rf,299.64916315588357,163.5655799864625,231.1523667023238,144.86957716442797,3.0,72.71373455026318,68.81453848973904,26.873067326652972,25.58691147952787
50,protocol_metadata_only,xgb,293.59137756021033,178.16599155829203,154.27400276340896,111.16753181578622,3.0,54.79299044156474,74.65412493449884,0.11590462727195927,21.79139079744853
100,degradation_only,plsr,210.88399057747452,101.02172594005432,120.80017941122635,81.53129916061289,39.0,3.9917165847647595,-1.4665316100634413,6.870636300110874,7.820287830396936
100,degradation_only,rf,224.97307893656077,99.41563464238403,183.59368283097297,101.55456952532474,39.0,3.2811424417258195,2.2605356348258425,14.986805979530146,7.459903809861231
100,degradation_only,xgb,226.41285272672516,95.74003663101816,156.29214614303422,89.80265081496465,39.0,1.733571824802766,0.40096078267910684,13.77140388623937,5.466390700567331
100,drop:capacity_fade,plsr,216.9358518074943,108.22192450584345,107.11104949104002,74.34010489287485,33.0,10.043577814784527,5.733666955725681,-6.818493620075458,0.6290935626588947
100,drop:capacity_fade,rf,216.1548070660493,96.02382614312171,153.72283108735908,90.87858588402713,33.0,-5.537129428785647,-1.1312728644364825,-14.884045764083737,-3.2160798314363745
100,drop:capacity_fade,xgb,224.80353115440582,95.98245536990282,113.7515078852336,74.66101413302951,33.0,0.12425025248342081,0.643379521563773,-28.769234371561254,-9.675245981367809
100,drop:charging_protocol_proxy,plsr,210.88399057747452,101.02172594005432,120.80017941122635,81.53129916061289,39.0,3.9917165847647595,-1.4665316100634413,6.870636300110874,7.820287830396936
100,drop:charging_protocol_proxy,rf,224.97307893656077,99.41563464238403,183.59368283097297,101.55456952532474,39.0,3.2811424417258195,2.2605356348258425,14.986805979530146,7.459903809861231
100,drop:charging_protocol_proxy,xgb,226.41285272672516,95.74003663101816,156.29214614303422,89.80265081496465,39.0,1.733571824802766,0.40096078267910684,13.77140388623937,5.466390700567331
100,drop:coulombic_efficiency,plsr,205.78268005650995,99.79620275026474,116.63402846598574,68.00450519545504,43.0,-1.1095939361998148,-2.6920547998530253,2.7044853548702577,-5.7065061347609145
100,drop:coulombic_efficiency,rf,220.62187320233136,97.50520901919425,171.61818735625147,93.66882568382026,43.0,-1.0700632925035904,0.3501100116360618,3.011310504808648,-0.42584003164324713
100,drop:coulombic_efficiency,xgb,217.0609154992468,90.59380284751335,155.9996549383984,83.06606377495659,43.0,-7.618365402675607,-4.745273000825705,13.47891268160356,-1.27019633944073
100,drop:discharge_curve_shape,plsr,204.44549823800392,106.36835158209512,144.34778222480082,90.7538517369054,40.0,-2.4467757547058397,3.8800940319773503,30.418239113685345,17.04284040668945
100,drop:discharge_curve_shape,rf,222.1840238556572,95.88399939353383,179.95135903071795,98.71405654943032,40.0,0.49208736082223936,-1.271099614024365,11.344482179275133,4.619390833966818
100,drop:discharge_curve_shape,xgb,219.6659438925557,90.82194035227705,154.5133159876004,84.88485475570437,40.0,-5.013337009366694,-4.5171354960619965,11.99257373080556,0.5485946413070479
100,drop:internal_resistance,plsr,216.01947299709957,113.05509184660806,119.05590279599794,79.86737957806713,42.0,9.127199004389809,10.566834296490299,5.126359684882459,6.1563682478511765
100,drop:internal_resistance,rf,220.4420660396281,96.93795216629081,163.7374610303914,93.28906366310629,42.0,-1.2498704552068602,-0.21714684126737893,-4.869415821051433,-0.8056020523572158
100,drop:internal_resistance,xgb,214.73520993453135,91.00090113694107,136.892878583021,82.69076368543837,42.0,-9.944070967391042,-4.338174711397983,-5.627863673773845,-1.6454964289589498
100,drop:thermal,plsr,209.8062450234991,95.48521916757062,107.54578940365883,72.88315926603244,41.0,2.9139710307893267,-7.003038382547146,-6.383753707456648,-0.8278520641835172
100,drop:thermal,rf,221.89437138589565,98.47841123363982,163.04674936340575,92.48616996868543,41.0,0.20243489106070456,1.323312226081626,-5.560127488037068,-1.6084957467780754
100,drop:thermal,xgb,223.41571579454975,94.19535567120808,138.46902088935414,79.22189839680989,41.0,-1.2635651073726422,-1.143720177130973,-4.051721367440706,-5.114361717587428
100,drop:voltage_polarisation,plsr,197.5447054559777,100.66678619041566,112.40979390933781,75.4601588187289,38.0,-9.34756853673207,-1.8214713597021017,-1.519749201777671,1.7491474885129463
100,drop:voltage_polarisation,rf,252.15061614824245,113.74179203631108,197.4337172464917,106.26476725789534,38.0,30.4586796534075,16.58669302875289,28.82684039504889,12.170101542431837
100,drop:voltage_polarisation,xgb,242.07658787717284,108.62727790150215,170.80367313499607,95.76096985832093,38.0,17.397306975250444,13.288202053163104,28.282930878201228,11.424709743923614
100,full,plsr,206.89227399270976,102.48825755011777,113.92954311111548,73.71101133021595,46.0,0.0,0.0,0.0,0.0
100,full,rf,221.69193649483495,97.15509900755819,168.60687685144282,94.0946657154635,46.0,0.0,0.0,0.0,0.0
100,full,xgb,224.6792809019224,95.33907584833905,142.52074225679485,84.33626011439732,46.0,0.0,0.0,0.0,0.0
100,only:capacity_fade,plsr,330.4818935216614,188.95115752664947,340.67180236324367,206.0505664932655,13.0,123.58961952895163,86.4628999765317,226.74225925212818,132.33955516304957
100,only:capacity_fade,rf,291.97875825769046,150.91428273609225,351.0341627516482,172.44032763888978,13.0,70.28682176285551,53.759183728534055,182.42728590020536,78.34566192342628
100,only:capacity_fade,xgb,299.5609066809696,152.0999071074695,343.4867505153752,171.86181761726502,13.0,74.8816257790472,56.760831259130455,200.96600825858036,87.5255575028677
100,only:charging_protocol_proxy,plsr,232.07914303810438,140.2393570521372,154.26931951425382,116.84815482269208,7.0,25.186869045394616,37.75109950201943,40.339776403138345,43.13714349247613
100,only:charging_protocol_proxy,rf,251.49031563526373,139.07339075908658,154.7774072132057,99.64521220750534,7.0,29.79837914042878,41.918291751528386,-13.829469638237128,5.550546492041832
100,only:charging_protocol_proxy,xgb,241.81358531072132,133.3188312809642,174.2829573097686,117.238037835984,7.0,17.134304408798926,37.97975543262514,31.762215052973744,32.90177772158668
100,only:coulombic_efficiency,plsr,360.57022135345863,223.1247711023728,406.8598758163105,242.7758383886254,3.0,153.67794736074887,120.63651355225502,292.930332705195,169.06482705840943
100,only:coulombic_efficiency,rf,343.72256360219626,194.6236800612519,379.7689561616085,248.91658862164635,3.0,122.03062710736131,97.4685810536937,211.1620793101657,154.82192290618286
100,only:coulombic_efficiency,xgb,435.49945988827955,284.92457369672576,325.8458570943047,225.60459754580543,3.0,210.82017898635715,189.5854978483867,183.32511483750983,141.2683374314081
100,only:discharge_curve_shape,plsr,232.50238090714564,144.43507455816794,109.46206351978718,87.08930925248387,6.0,25.610106914435875,41.946817008050175,-4.467479591328299,13.378297922267919
100,only:discharge_curve_shape,rf,250.91044702797421,145.9681740969239,145.8812814899051,100.42464676152372,6.0,29.218510533139266,48.8130750893657,-22.725595361537728,6.329981046060212
100,only:discharge_curve_shape,xgb,255.46311374480243,139.6583455403646,122.67096108205392,88.41158306787884,6.0,30.78383284288003,44.31926969202554,-19.849781174740926,4.075322953481518
100,only:internal_resistance,plsr,294.37948195336685,174.71885514434433,361.1279738782397,215.74081761731807,4.0,87.48720796065709,72.23059759422657,247.1984307671242,142.02980628710213
100,only:internal_resistance,rf,313.1812732615612,179.8335167694496,335.2409994865965,178.35368510343963,4.0,91.48933676672627,82.67841776189141,166.63412263515366,84.25901938797612
100,only:internal_resistance,xgb,293.2660470591125,168.01634179092034,289.7707085185453,163.37838938879588,4.0,68.58676615719011,72.67726594258129,147.24996626175044,79.04212927439856
100,only:thermal,plsr,378.29492912789425,218.50955660591137,372.7556491236389,199.27846789151153,5.0,171.4026551351845,116.0212990557936,258.8261060125234,125.56745656129557
100,only:thermal,rf,349.8376175563762,198.9446656757885,333.7768193092451,195.68160402406377,5.0,128.14568106154124,101.78956666823032,165.1699424578023,101.58693830860027
100,only:thermal,xgb,336.87818822062223,204.76008047708652,310.19497386341055,199.72350396050345,5.0,112.19890731869984,109.42100462874747,167.6742316066157,115.38724384610613
100,only:voltage_polarisation,plsr,233.8821088964548,114.18969594528326,208.68780210695974,105.87196903433178,8.0,26.98983490374505,11.701438395165496,94.75825899584426,32.16095770411583
100,only:voltage_polarisation,rf,216.00423430131244,99.19702370126764,152.96182610940656,91.49942249005422,8.0,-5.687702193522512,2.041924693709447,-15.645050742036261,-2.595243225409291
100,only:voltage_polarisation,xgb,237.3263574464535,116.91880562634974,126.59769907549465,74.13875858367436,8.0,12.647076544531103,21.579729778010687,-15.923043181300201,-10.19750153072296
100,protocol_metadata_only,plsr,331.29689263406044,186.32775003798005,344.47945587061656,194.87079623593425,3.0,124.40461864135068,83.83949248786229,230.54991275950107,121.1597849057183
100,protocol_metadata_only,rf,277.8524605416006,155.46386543687655,157.49020796170763,101.09336332963964,3.0,56.16052404676563,58.308766429318354,-11.116668889735195,6.9986976141761374
100,protocol_metadata_only,xgb,293.59137756021033,178.16599155829203,154.27400276340896,111.16753181578622,3.0,68.91209665828794,82.82691570995298,11.753260506614112,26.8312717013889
