T,config,model,seed,n_features,cv_rmse,cv_mae,test_rmse,test_mae
20,full,plsr,0,46,182.56691840653428,109.48215496222775,179.81811921555607,107.24833164206314
20,full,rf,0,46,263.9581354255723,113.16589955660766,217.00606810203948,116.1347068940577
20,full,rf,1,46,262.30111638284416,113.91973853122835,218.91690399469596,119.19095184714214
20,full,rf,2,46,266.97223708462644,114.71499216299672,227.72629065440378,120.01538680523286
20,full,xgb,0,46,256.93317173875573,106.5416148115949,224.19471083947192,115.06729125976562
20,full,xgb,1,46,258.6482956838296,104.91654186713987,224.72947757600627,112.97064862932477
20,full,xgb,2,46,258.459927200796,106.81168867902058,222.7861423556857,113.30353001185826
20,degradation_only,plsr,0,39,218.86710283152163,126.09346831794558,254.63176531729283,128.3226768012105
20,degradation_only,rf,0,39,283.00521521202955,128.9344346931805,264.62454387272425,134.35321005571697
20,degradation_only,rf,1,39,278.50356582883484,128.15535283521095,268.625622395842,134.80272378554102
20,degradation_only,rf,2,39,281.5677067817404,128.99427906447949,272.53552213024903,135.41518647777596
20,degradation_only,xgb,0,39,278.21499475183606,129.28929324266386,262.8045116232781,137.86146109444755
20,degradation_only,xgb,1,39,282.7520604018873,130.96607710675497,265.14923111842234,139.88814435686385
20,degradation_only,xgb,2,39,279.09852911809355,133.02361167349466,262.4635080725141,138.54925101143974
20,drop:capacity_fade,plsr,0,33,205.9030900040112,107.8988281495602,162.38182651797487,107.04087411617894
20,drop:capacity_fade,rf,0,33,264.32931679189403,112.79125970106064,219.53071409241062,116.46329018161893
20,drop:capacity_fade,rf,1,33,258.473394300921,111.15864567874289,219.54586314191596,117.37268618871886
20,drop:capacity_fade,rf,2,33,262.4835981111554,109.97116062813527,226.50945385388943,119.78616895229655
20,drop:capacity_fade,xgb,0,33,257.5471682196873,104.4907680604516,224.23617794417405,111.19841730026971
20,drop:capacity_fade,xgb,1,33,259.39883037079846,106.30972885504002,228.73970744242553,115.79027230398995
20,drop:capacity_fade,xgb,2,33,256.7313502921468,104.00344104301638,227.85924786749348,113.8342052641369
20,only:capacity_fade,plsr,0,13,301.8888980428796,169.94918338055814,373.5121973693866,228.5522314183602
20,only:capacity_fade,rf,0,13,330.92928789438866,192.1119637723833,358.68323881967376,199.08967117894184
20,only:capacity_fade,rf,1,13,333.1523945918708,194.11108109613738,360.7258039394987,199.17916540244443
20,only:capacity_fade,rf,2,13,332.1658415042658,192.65549571934173,359.76114443462365,197.39475756795557
20,only:capacity_fade,xgb,0,13,331.92107385867394,191.03464415015245,360.17049020764443,200.30471511114212
20,only:capacity_fade,xgb,1,13,332.23711991382174,191.255058474657,365.803196044924,204.0666692824591
20,only:capacity_fade,xgb,2,13,329.7340846156029,191.82994265672636,365.3472188758627,201.3805650983538
20,drop:coulombic_efficiency,plsr,0,43,174.031649720111,102.90825921538769,183.4253033474657,106.49946362029699
20,drop:coulombic_efficiency,rf,0,43,262.58573046392826,112.77883311939561,222.1250012478184,119.95588216614698
20,drop:coulombic_efficiency,rf,1,43,264.277587011782,113.68342136032963,221.57971836137085,119.2562144497837
20,drop:coulombic_efficiency,rf,2,43,265.97915144870103,114.10968947506016,227.6950467355097,119.9733567722802
20,drop:coulombic_efficiency,xgb,0,43,257.68675666858877,106.2690035191978,226.0443184212237,112.36642165411087
20,drop:coulombic_efficiency,xgb,1,43,261.92071960128203,107.0490611006574,228.98635016180197,117.2147449311756
20,drop:coulombic_efficiency,xgb,2,43,255.30686746801874,103.84823459532203,228.56885134989352,117.56204368954613
20,only:coulombic_efficiency,plsr,0,3,363.96558993868484,224.2826191812256,374.18658086633184,230.21602833943493
20,only:coulombic_efficiency,rf,0,3,327.5272257727239,193.5733887871567,360.9476920660799,207.24628326646993
20,only:coulombic_efficiency,rf,1,3,327.8816943855004,192.47289471426672,363.75304136646315,207.2551602080251
20,only:coulombic_efficiency,rf,2,3,328.37009649621115,193.74558530029375,361.3909958625751,206.26292690651175
20,only:coulombic_efficiency,xgb,0,3,333.20859577049157,191.71213736185214,377.77458521670235,212.78307015555245
20,only:coulombic_efficiency,xgb,1,3,328.4644282258609,186.96451698861472,372.9774817711737,210.30162048339844
20,only:coulombic_efficiency,xgb,2,3,329.02102379191103,189.20802493211698,380.15055290459253,214.65721057710192
20,drop:voltage_polarisation,plsr,0,38,175.60121770160694,105.06549373388229,185.86843850554305,117.69727962344352
20,drop:voltage_polarisation,rf,0,38,260.38692060362825,115.08884859960423,217.5657297540105,119.48233306473172
20,drop:voltage_polarisation,rf,1,38,256.87996442608255,113.48429375552227,218.11926117845383,119.42137524457814
20,drop:voltage_polarisation,rf,2,38,259.39178089936274,113.94125165100708,221.49156384325966,120.00283175624065
20,drop:voltage_polarisation,xgb,0,38,258.35383173006716,106.1620297315644,221.10448778679705,113.19581386021206
20,drop:voltage_polarisation,xgb,1,38,256.36241514586203,110.390415098609,228.40787984941085,117.23986089797248
20,drop:voltage_polarisation,xgb,2,38,255.45764420645213,107.44189974156822,225.63621511819005,116.68491908482143
20,only:voltage_polarisation,plsr,0,8,308.2894332810044,171.04389594852935,355.76240812901705,185.3362376900786
20,only:voltage_polarisation,rf,0,8,308.7941604829475,150.11371162916674,348.3003869239944,185.37626877589295
20,only:voltage_polarisation,rf,1,8,305.83586700358296,147.75160552061854,346.5183007381468,185.203588450908
20,only:voltage_polarisation,rf,2,8,307.0726128615977,149.54859348874112,348.2893842529236,184.77768288661173
20,only:voltage_polarisation,xgb,0,8,312.8504529866901,160.55516163895768,342.27232134035404,186.60998171851747
20,only:voltage_polarisation,xgb,1,8,312.6228482201164,159.31108949242568,336.9501241461906,188.5597425188337
20,only:voltage_polarisation,xgb,2,8,309.23730849967365,156.78558870641197,341.0047335198279,189.10755121140252
20,drop:charging_protocol_proxy,plsr,0,39,218.86710283152163,126.09346831794558,254.63176531729283,128.3226768012105
20,drop:charging_protocol_proxy,rf,0,39,283.00521521202955,128.9344346931805,264.62454387272425,134.35321005571697
20,drop:charging_protocol_proxy,rf,1,39,278.50356582883484,128.15535283521095,268.625622395842,134.80272378554102
20,drop:charging_protocol_proxy,rf,2,39,281.5677067817404,128.99427906447949,272.53552213024903,135.41518647777596
20,drop:charging_protocol_proxy,xgb,0,39,278.21499475183606,129.28929324266386,262.8045116232781,137.86146109444755
20,drop:charging_protocol_proxy,xgb,1,39,282.7520604018873,130.96607710675497,265.14923111842234,139.88814435686385
20,drop:charging_protocol_proxy,xgb,2,39,279.09852911809355,133.02361167349466,262.4635080725141,138.54925101143974
20,only:charging_protocol_proxy,plsr,0,7,218.94561999965484,121.45234549228267,143.63058864368386,116.94552894968282
20,only:charging_protocol_proxy,rf,0,7,242.6859041679273,126.83157001120162,215.09424522958383,139.0576386459201
20,only:charging_protocol_proxy,rf,1,7,240.56582409747804,125.10828050409289,218.8595968559452,140.05119468761168
20,only:charging_protocol_proxy,rf,2,7,244.747393599586,126.6512292811628,221.99807829718895,141.96154303245908
20,only:charging_protocol_proxy,xgb,0,7,241.87471824898972,118.3605875154821,256.4290996507197,152.61946905226935
20,only:charging_protocol_proxy,xgb,1,7,243.0719518635443,117.61350603801448,250.76549203811248,151.09814089820497
20,only:charging_protocol_proxy,xgb,2,7,243.84344008167494,120.88086384098705,246.56176836071754,146.88805425734748
20,drop:thermal,plsr,0,41,185.4547741036406,113.10103845696956,175.8204376330069,111.32637426732401
20,drop:thermal,rf,0,41,275.9716306173578,129.20471318495387,225.8464835443383,129.12002882591028
20,drop:thermal,rf,1,41,269.14319614640186,126.89480800934354,225.89451134857657,127.11652694536853
20,drop:thermal,rf,2,41,275.15103441446166,128.01868587242345,224.3433205099128,125.0551496426511
20,drop:thermal,xgb,0,41,267.1008400184253,114.7319931402439,229.1961091768479,119.69070943196614
20,drop:thermal,xgb,1,41,267.38712476089535,117.96071122332317,233.90959294266415,121.20937311081659
20,drop:thermal,xgb,2,41,265.72036108653054,119.68675715748857,231.01057012513874,125.42045229957218
20,only:thermal,plsr,0,5,291.92916996914147,160.98810830905487,319.27753311303377,181.74481899298146
20,only:thermal,rf,0,5,314.8066353362831,153.99793682234528,325.53333654725037,164.44720673246619
20,only:thermal,rf,1,5,317.12712375135504,154.5446608274121,322.73879787162883,164.29107782674882
20,only:thermal,rf,2,5,315.79219464199133,153.17109535232163,322.892897553341,163.82941236761903
20,only:thermal,xgb,0,5,320.93883083660546,163.1786960508765,286.3184904147845,163.86002676827567
20,only:thermal,xgb,1,5,317.6281198995406,159.56128152986852,286.7623935252611,163.3285101027716
20,only:thermal,xgb,2,5,320.8157067081164,161.5136748523247,289.32653173091194,164.17681158156623
20,drop:internal_resistance,plsr,0,42,175.9452172604333,116.44053160582877,183.47918163673458,111.35454799041617
20,drop:internal_resistance,rf,0,42,269.51767147624383,116.33834605472937,223.33772768893505,115.67432860386874
20,drop:internal_resistance,rf,1,42,265.48929838949726,116.87032087567744,225.3110943156858,118.04473383664978
20,drop:internal_resistance,rf,2,42,268.12258602421997,116.79380351567295,228.3482836629493,118.01506473781463
20,drop:internal_resistance,xgb,0,42,260.73970210396993,107.95966915967988,221.60134784945882,111.71273295084636
20,drop:internal_resistance,xgb,1,42,257.89226316991477,109.99708371046113,230.02291704889353,115.0129154750279
20,drop:internal_resistance,xgb,2,42,261.7694684787089,109.04067248832888,231.62179130140143,118.12771751767113
20,only:internal_resistance,plsr,0,4,286.20579217593394,158.65665937105965,355.4413929543641,205.23290138937267
20,only:internal_resistance,rf,0,4,288.1894879358911,150.0134701832552,299.8947481556473,168.03318063191432
20,only:internal_resistance,rf,1,4,286.1144537572111,150.90689749876447,296.49972544434854,168.4545347516017
20,only:internal_resistance,rf,2,4,288.0880448381792,148.87533395539992,297.621061735237,166.39781366505406
20,only:internal_resistance,xgb,0,4,275.76697651273884,142.76969872451411,284.43612008354705,165.4892861502511
20,only:internal_resistance,xgb,1,4,275.47937883811835,143.4868253382241,283.0220574159801,165.11666652134485
20,only:internal_resistance,xgb,2,4,279.82928295885364,143.48340662514292,279.81299712018415,161.0822470528739
20,drop:discharge_curve_shape,plsr,0,40,190.8540308060169,108.61391179161963,183.0039424705302,108.9696835667651
20,drop:discharge_curve_shape,rf,0,40,263.9514599398372,113.84565113545939,219.59170141410092,116.49692964986075
20,drop:discharge_curve_shape,rf,1,40,264.24773537898193,113.78418471631946,217.16384797776965,115.42546902210908
20,drop:discharge_curve_shape,rf,2,40,265.96926461800706,114.01696705307741,219.45580973947654,115.98418822795063
20,drop:discharge_curve_shape,xgb,0,40,257.72440598666,108.21759628668065,223.93721703543798,114.05162411644345
20,drop:discharge_curve_shape,xgb,1,40,258.7095400478738,108.57734866258575,232.35280201549207,117.23744564964657
20,drop:discharge_curve_shape,xgb,2,40,255.95934308131217,103.71542135099085,230.80656960637066,117.04597618466332
20,only:discharge_curve_shape,plsr,0,6,289.1080426948749,165.3459634516741,337.78116231361724,190.74288335465468
20,only:discharge_curve_shape,rf,0,6,288.9196153685538,147.7069734484256,328.3841536334833,184.66869292858604
20,only:discharge_curve_shape,rf,1,6,283.77895577309476,146.05564434211436,327.7562634740441,185.3358221085886
20,only:discharge_curve_shape,rf,2,6,286.7888486521814,147.2141760889605,328.3083257558554,186.5499637704751
20,only:discharge_curve_shape,xgb,0,6,288.41314401582923,152.52724028796683,324.96780022435223,177.41498238699776
20,only:discharge_curve_shape,xgb,1,6,287.7254629968475,152.6178410227706,325.64684753243455,176.81839933849517
20,only:discharge_curve_shape,xgb,2,6,286.4634367386438,153.10411257860136,325.86135218815684,176.5728069487072
20,protocol_metadata_only,plsr,0,3,331.29689263406044,186.32775003798005,344.47945587061656,194.87079623593425
20,protocol_metadata_only,rf,0,3,313.61547985488687,170.6388284062514,269.8568311139938,156.26572704144843
20,protocol_metadata_only,rf,1,3,310.789441201201,168.37644390972508,272.7440677324908,157.85562651767893
20,protocol_metadata_only,rf,2,3,312.4170116599817,169.7555426136317,278.7363471512742,158.35900995658335
20,protocol_metadata_only,xgb,0,3,309.18235393798335,174.41154814929496,282.5273704176083,170.79257492792038
20,protocol_metadata_only,xgb,1,3,308.4192837093514,174.09404401081363,278.2952428103979,168.30241176060267
20,protocol_metadata_only,xgb,2,3,311.42617603197726,176.73888787990663,276.8386191067174,166.9877166748047
50,full,plsr,0,46,207.23232855466847,95.23312035737257,137.71585649461088,88.52450890111295
50,full,rf,0,46,228.9242015618807,96.35306831525565,202.7639540280605,119.43284312841371
50,full,rf,1,46,225.53668343235597,94.18486444778401,201.16008989384918,117.41041973235345
50,full,rf,2,46,226.34540082262453,93.71519172713072,208.91385420510284,121.00473419393315
50,full,xgb,0,46,231.50490389728165,100.74145731111852,147.3161539698715,88.63845389229911
50,full,xgb,1,46,256.87329249157494,109.4499712688167,155.60729820393277,89.55628749302456
50,full,xgb,2,46,228.01696496708016,100.34417129144435,159.5508422346067,89.93368166968936
50,degradation_only,plsr,0,39,211.60876274522545,93.51486423647528,154.660978971612,97.87340015738398
50,degradation_only,rf,0,39,231.21547188708595,94.7413594185669,234.32540282142315,133.53874332991376
50,degradation_only,rf,1,39,228.09942462573542,94.22821280622082,235.00824057559012,133.19111040967172
50,degradation_only,rf,2,39,227.61420138972065,92.99966476426343,239.44527615451963,134.46547915313963
50,degradation_only,xgb,0,39,236.17350503702974,102.56282155106707,182.0695579721683,103.57844688778832
50,degradation_only,xgb,1,39,254.32969063958393,117.90114760980373,185.62724583266768,101.29537963867188
50,degradation_only,xgb,2,39,242.4229702860683,99.26214376310023,188.03988176050083,103.93946983700707
50,drop:capacity_fade,plsr,0,33,217.4863475268374,100.27143706750962,148.87263724863286,93.16046967277147
50,drop:capacity_fade,rf,0,33,226.91756144192954,99.68533058371239,194.78179695347282,112.45796114190705
50,drop:capacity_fade,rf,1,33,224.63241855350304,98.56089792368817,191.80370435602362,112.53448292120584
50,drop:capacity_fade,rf,2,33,225.50039035437547,98.43788839984028,200.10587267116833,114.7105883566163
50,drop:capacity_fade,xgb,0,33,257.99605710740235,112.38590594035823,113.18226899183496,73.23277428036644
50,drop:capacity_fade,xgb,1,33,261.58467821179806,113.25842061856898,114.01316083556158,71.22383626302083
50,drop:capacity_fade,xgb,2,33,259.31293800529835,111.66927951719703,107.10819699279685,69.32822890508743
50,only:capacity_fade,plsr,0,13,335.7496838801749,189.05757662756213,340.49461213065575,200.42589462417916
50,only:capacity_fade,rf,0,13,301.31589774336635,158.7090989682147,312.0168360215186,166.3633702426801
50,only:capacity_fade,rf,1,13,302.0898351204548,159.696876634522,315.56743308305767,166.0141552197853
50,only:capacity_fade,rf,2,13,300.9699881151665,158.73202596006834,315.68259860688966,167.5517713664986
50,only:capacity_fade,xgb,0,13,332.65116601279385,180.72214936047067,304.7037360725697,181.50219799223402
50,only:capacity_fade,xgb,1,13,319.79283171974186,167.9615314762767,321.30460227156135,192.84840247744606
50,only:capacity_fade,xgb,2,13,313.3865429412976,158.6558361518674,312.20775084543254,195.52552795410156
50,drop:coulombic_efficiency,plsr,0,43,207.39799485878495,93.14020376773293,139.2093082479042,84.26085211986572
50,drop:coulombic_efficiency,rf,0,43,227.85315434842312,96.24084749592635,200.96133067877363,118.96393821202591
50,drop:coulombic_efficiency,rf,1,43,224.60822799716672,94.53391613132926,202.27825527645166,118.19620730642538
50,drop:coulombic_efficiency,rf,2,43,225.17960494480639,94.00251477485548,207.84770359793112,119.64884300122738
50,drop:coulombic_efficiency,xgb,0,43,230.10542491396458,94.03661439476943,146.77257891653468,84.82377624511719
50,drop:coulombic_efficiency,xgb,1,43,243.51269623246054,111.19147398413682,148.74585529112557,88.73520188104538
50,drop:coulombic_efficiency,xgb,2,43,227.5064245093671,97.1645991627763,156.75389088321234,91.50482831682477
50,only:coulombic_efficiency,plsr,0,3,389.26194331791174,241.03139642734277,390.0731195751061,246.11926576096334
50,only:coulombic_efficiency,rf,0,3,341.9899054974332,194.30621072053432,371.52863802691746,210.68112426002543
50,only:coulombic_efficiency,rf,1,3,343.40274737524004,195.23835890849634,372.00356719131804,209.34827231493034
50,only:coulombic_efficiency,rf,2,3,342.2351092960982,195.80717685480496,376.75301661145943,209.0778620464877
50,only:coulombic_efficiency,xgb,0,3,384.48229205100375,226.5599677853468,333.6437813572117,220.56885710216704
50,only:coulombic_efficiency,xgb,1,3,387.1774017148066,223.78000919993332,332.55916931742985,219.36377534412202
50,only:coulombic_efficiency,xgb,2,3,391.7210391965539,229.63880957626714,344.5587787710552,228.60015796479723
50,drop:voltage_polarisation,plsr,0,38,210.85308414025647,92.94867639500063,131.83140074516393,93.70806120716352
50,drop:voltage_polarisation,rf,0,38,283.19813575329806,126.2936716106829,199.62388854877847,105.74749552922293
50,drop:voltage_polarisation,rf,1,38,282.7644931958727,127.6617580089657,205.47437406970798,107.94822253593104
50,drop:voltage_polarisation,rf,2,38,282.46684693133204,125.12395071958078,207.1193043171083,109.45988394635725
50,drop:voltage_polarisation,xgb,0,38,268.15538673238876,116.20900000595465,160.76758727438246,97.23451232910156
50,drop:voltage_polarisation,xgb,1,38,283.9911042938203,126.25110086580602,166.9554991492587,101.23946562267486
50,drop:voltage_polarisation,xgb,2,38,275.5956541904643,124.1349896686833,154.29944019321292,90.18062700544085
50,only:voltage_polarisation,plsr,0,8,223.51703830353514,104.60464098348527,226.34311177383935,114.78908401128213
50,only:voltage_polarisation,rf,0,8,235.0629830124232,110.46606562296256,245.0422949679865,137.49382665327087
50,only:voltage_polarisation,rf,1,8,234.04099525635078,109.68894765339684,244.84530298274657,136.4394559904587
50,only:voltage_polarisation,rf,2,8,233.7414390283836,108.56877014239765,246.9492972393892,137.73354209355398
50,only:voltage_polarisation,xgb,0,8,244.6999092463976,118.76946798185023,141.1534084988277,91.27864002046131
50,only:voltage_polarisation,xgb,1,8,240.49624305588657,118.16333082245617,139.5945128589362,89.8035169328962
50,only:voltage_polarisation,xgb,2,8,244.82345463430244,117.40913279463605,151.3015703365553,98.65022713797433
50,drop:charging_protocol_proxy,plsr,0,39,211.60876274522545,93.51486423647528,154.660978971612,97.87340015738398
50,drop:charging_protocol_proxy,rf,0,39,231.21547188708595,94.7413594185669,234.32540282142315,133.53874332991376
50,drop:charging_protocol_proxy,rf,1,39,228.09942462573542,94.22821280622082,235.00824057559012,133.19111040967172
50,drop:charging_protocol_proxy,rf,2,39,227.61420138972065,92.99966476426343,239.44527615451963,134.46547915313963
50,drop:charging_protocol_proxy,xgb,0,39,236.17350503702974,102.56282155106707,182.0695579721683,103.57844688778832
50,drop:charging_protocol_proxy,xgb,1,39,254.32969063958393,117.90114760980373,185.62724583266768,101.29537963867188
50,drop:charging_protocol_proxy,xgb,2,39,242.4229702860683,99.26214376310023,188.03988176050083,103.93946983700707
50,only:charging_protocol_proxy,plsr,0,7,219.78367711904988,133.68623315042777,159.3600794854796,121.65746949410462
50,only:charging_protocol_proxy,rf,0,7,249.0977495450342,139.03466258758482,184.1405771911954,110.70396022063228
50,only:charging_protocol_proxy,rf,1,7,247.1800492174742,139.88269583081063,186.99083635937205,111.76812542619085
50,only:charging_protocol_proxy,rf,2,7,250.1056536929223,139.5952845194906,187.6396201474575,113.01578500141038
50,only:charging_protocol_proxy,xgb,0,7,234.57849777826414,123.2264463843369,185.5074375999094,119.63602193196614
50,only:charging_protocol_proxy,xgb,1,7,245.76766811705593,131.0548691168064,181.7045763706841,114.07098243350075
50,only:charging_protocol_proxy,xgb,2,7,231.46921731614685,125.21696211652058,174.98332426833088,110.88870965866815
50,drop:thermal,plsr,0,41,220.04590836369502,100.6737151698088,99.10182850834683,74.47305069983265
50,drop:thermal,rf,0,41,224.60813305329572,99.28417775589834,186.29595368581838,112.33143707129466
50,drop:thermal,rf,1,41,222.97507537194795,98.30895294352639,187.4641464426996,112.98456145784348
50,drop:thermal,rf,2,41,223.52838591079419,97.49789779573837,191.84179558833057,113.83294216584993
50,drop:thermal,xgb,0,41,241.69071485528778,103.65444946289062,149.43959801096753,87.73645310174851
50,drop:thermal,xgb,1,41,235.52970185629144,106.50101303472752,162.1269045939655,89.93018813360305
50,drop:thermal,xgb,2,41,237.61869707833225,100.34903400700267,152.2315710190924,88.91219729468936
50,only:thermal,plsr,0,5,318.3697548456093,193.23541024974742,369.05896300954214,214.8418045788066
50,only:thermal,rf,0,5,372.59864273490683,212.87826341119992,362.2304879715038,211.36329048944282
50,only:thermal,rf,1,5,374.6253908915093,213.02299339897183,356.54687620323523,209.97836151197018
50,only:thermal,rf,2,5,370.4994983626388,211.04293829122457,361.2108356057878,212.04330748129757
50,only:thermal,xgb,0,5,343.2763729677338,198.01523124880907,314.6327156370115,191.9841497512091
50,only:thermal,xgb,1,5,361.13461403119874,214.6524628429878,323.346383319273,196.62970842633928
50,only:thermal,xgb,2,5,350.8331700921839,205.07498764410252,325.0541425799933,198.0068097795759
50,drop:internal_resistance,plsr,0,42,207.0735767287564,97.64231499832488,131.25963729544915,88.69746606375371
50,drop:internal_resistance,rf,0,42,226.81616114990814,96.67379039064959,202.5254452480696,119.46784017151285
50,drop:internal_resistance,rf,1,42,222.8206449841943,94.14306015178825,202.8998825445956,118.76293556342526
50,drop:internal_resistance,rf,2,42,223.91182135959176,93.88351350758158,207.3633628279554,120.91590550326244
50,drop:internal_resistance,xgb,0,42,225.9545516261714,94.80335365853658,154.03861320308224,91.54678126743862
50,drop:internal_resistance,xgb,1,42,236.17754311076936,102.20177999356898,142.30762906399036,88.301268078032
50,drop:internal_resistance,xgb,2,42,235.40916419830234,99.7236581197599,158.9758647516109,95.22871398925781
50,only:internal_resistance,plsr,0,4,279.98795563940536,143.20447362089783,361.6852641060027,206.26029897366763
50,only:internal_resistance,rf,0,4,294.07347349663047,150.2267117753708,308.22962819301273,160.84679098384908
50,only:internal_resistance,rf,1,4,293.8410460537175,150.64838623115105,310.8922972607176,161.11353579327286
50,only:internal_resistance,rf,2,4,292.00685465430837,148.21513488254038,314.63244199400316,161.9636553567283
50,only:internal_resistance,xgb,0,4,306.657707364084,164.4975839010099,327.1628049837926,180.56847417922248
50,only:internal_resistance,xgb,1,4,311.56919198002066,165.02088221108042,332.0240416434946,180.15791684105284
50,only:internal_resistance,xgb,2,4,308.0140701579948,168.37302305640245,337.6066036214907,186.4342556908017
50,drop:discharge_curve_shape,plsr,0,40,210.1482547461113,101.5270819098584,168.24451284141227,99.79984426403651
50,drop:discharge_curve_shape,rf,0,40,227.62379376253372,94.35078027205799,208.3093146227379,122.29867006219415
50,drop:discharge_curve_shape,rf,1,40,224.27834985432085,92.47435963729711,205.37559663638933,119.17598208139823
50,drop:discharge_curve_shape,rf,2,40,224.28311517798295,91.72711250501493,209.85439538363823,121.79138774056017
50,drop:discharge_curve_shape,xgb,0,40,248.31521331718645,107.83690959651295,136.86507183914273,82.72046261742001
50,drop:discharge_curve_shape,xgb,1,40,247.72030306704283,104.11965942382812,155.948029334805,90.69398353213356
50,drop:discharge_curve_shape,xgb,2,40,249.2105601150109,106.5153920243426,127.4217518844301,75.21284993489583
50,only:discharge_curve_shape,plsr,0,6,238.58979090679708,145.81798203572527,131.4731943133469,104.39520559252999
50,only:discharge_curve_shape,rf,0,6,260.8242289198645,153.14107701762578,200.41522375717955,124.39635662805821
50,only:discharge_curve_shape,rf,1,6,260.9066537531481,153.66162116631602,200.15364831803657,123.41441328915752
50,only:discharge_curve_shape,rf,2,6,265.2390312829775,156.52583376012979,205.41554053837586,126.09767919167587
50,only:discharge_curve_shape,xgb,0,6,293.74872041911203,167.46301418397485,142.03518570123697,107.11742510114398
50,only:discharge_curve_shape,xgb,1,6,284.6688332489746,160.53899625452553,143.78818048442508,108.90552048456101
50,only:discharge_curve_shape,xgb,2,6,289.79357858976203,165.74845849013911,146.76062672396094,111.2722415015811
50,protocol_metadata_only,plsr,0,3,331.29689263406044,186.32775003798005,344.47945587061656,194.87079623593425
50,protocol_metadata_only,rf,0,3,301.042401087813,164.63174154976014,226.78321935099655,142.9342058089994
50,protocol_metadata_only,rf,1,3,296.45855536672445,161.68236726758764,230.92084868752713,145.14387788303537
50,protocol_metadata_only,rf,2,3,301.4465330131132,164.38263114203968,235.7530320684478,146.53064780124913
50,protocol_metadata_only,xgb,0,3,301.15213319219214,186.36445208293637,160.18367047386042,115.44128999255952
50,protocol_metadata_only,xgb,1,3,292.1385757574443,178.1722129263529,154.80752488121243,109.08123415992374
50,protocol_metadata_only,xgb,2,3,287.48342373099456,169.9613096655869,147.83081293515403,108.98007129487537
100,full,plsr,0,46,206.89227399270976,102.48825755011777,113.92954311111548,73.71101133021595
100,full,rf,0,46,224.8515814799959,98.48384651265394,177.09509385121925,96.64108603137335
100,full,rf,1,46,218.43378356737261,95.19599609279084,163.5056293202483,93.50735549385682
100,full,rf,2,46,221.79044443713624,97.78545441722983,165.21990738286092,92.13555562116035
100,full,xgb,0,46,225.6475971963652,93.55861607993522,141.83176794779942,85.41278948102679
100,full,xgb,1,46,223.98874021672185,95.48364183379383,138.1032461442516,82.2786363874163
100,full,xgb,2,46,224.40150529268007,96.9749696312881,147.62721267833354,85.31735447474888
100,degradation_only,plsr,0,39,210.88399057747452,101.02172594005432,120.80017941122635,81.53129916061289
100,degradation_only,rf,0,39,226.31468209036163,99.48624724225876,180.16302091879575,99.94767982638392
100,degradation_only,rf,1,39,222.4895516746199,98.48293897367107,186.53891094444376,103.25337153426047
100,degradation_only,rf,2,39,226.11500304470076,100.27771771122231,184.07911662967942,101.46265721532984
100,degradation_only,xgb,0,39,221.84264407618568,91.7415399318788,165.38980309579668,90.7260233561198
100,degradation_only,xgb,1,39,229.5755648196263,96.20208144769435,160.80985988033916,91.44577317010788
100,degradation_only,xgb,2,39,227.82034928436352,99.27648851348133,142.6767754529668,87.2361559186663
100,drop:capacity_fade,plsr,0,33,216.9358518074943,108.22192450584345,107.11104949104002,74.34010489287485
100,drop:capacity_fade,rf,0,33,216.1280226679438,95.83203099842947,162.90240736678794,92.49467868137134
100,drop:capacity_fade,rf,1,33,216.5584600222003,96.58124175253084,153.06462038179973,91.68874429263744
100,drop:capacity_fade,rf,2,33,215.77793850800376,95.65820567840478,145.2014655134896,88.45233467807263
100,drop:capacity_fade,xgb,0,33,228.69707902819775,102.37848793588033,119.11958674391732,77.82445199148995
100,drop:capacity_fade,xgb,1,33,223.98577360515273,90.3890633931974,115.93171172240535,73.67544483003162
100,drop:capacity_fade,xgb,2,33,221.72774082986692,95.17981478063072,106.2032251893781,72.48314557756696
100,only:capacity_fade,plsr,0,13,330.4818935216614,188.95115752664947,340.67180236324367,206.0505664932655
100,only:capacity_fade,rf,0,13,292.7090525521771,150.38642552285947,353.2188205080183,172.28813063197677
100,only:capacity_fade,rf,1,13,288.3114079004914,151.4028997544602,350.7732510347762,170.334356546318
100,only:capacity_fade,rf,2,13,294.91581432040283,150.9535229309571,349.11041671215014,174.6984957383746
100,only:capacity_fade,xgb,0,13,298.67789833322183,149.25863349728468,355.41461706360064,171.15790448869978
100,only:capacity_fade,xgb,1,13,300.7225552411093,151.20970860923208,328.36534637632406,169.5033416748047
100,only:capacity_fade,xgb,2,13,299.28226646857775,155.83137921589176,346.6802881062009,174.92420668829055
100,drop:coulombic_efficiency,plsr,0,43,205.78268005650995,99.79620275026474,116.63402846598574,68.00450519545504
100,drop:coulombic_efficiency,rf,0,43,223.67551025895838,97.99199321300533,171.22296632548606,92.78808390048674
100,drop:coulombic_efficiency,rf,1,43,220.69567041776466,98.88345743906875,172.99940564116983,94.07693414270823
100,drop:coulombic_efficiency,rf,2,43,217.494438930271,95.64017640550871,170.63219010209846,94.14145900826581
100,drop:coulombic_efficiency,xgb,0,43,213.4600884043396,87.92343437380907,162.5291670039012,85.18767511276971
100,drop:coulombic_efficiency,xgb,1,43,222.02967391717053,95.49556750786013,160.2414356372963,87.26736159551712
100,drop:coulombic_efficiency,xgb,2,43,215.69298417623028,88.3624066608708,145.22836217399774,76.74315461658296
100,only:coulombic_efficiency,plsr,0,3,360.57022135345863,223.1247711023728,406.8598758163105,242.7758383886254
100,only:coulombic_efficiency,rf,0,3,342.5493919285137,193.75150648875595,380.97571762049984,250.3887080169582
100,only:coulombic_efficiency,rf,1,3,346.2047833246129,194.8216441228075,380.83146869246974,250.88199332417383
100,only:coulombic_efficiency,rf,2,3,342.41351555346216,195.29788957219216,377.4996821718561,245.47906452380704
100,only:coulombic_efficiency,xgb,0,3,433.66532481609437,283.66334347608614,322.6629597309374,219.81587945847284
100,only:coulombic_efficiency,xgb,1,3,433.9294092916601,283.90221721370045,319.43339603574145,222.50491696312315
100,only:coulombic_efficiency,xgb,2,3,438.9036455570842,287.2081604003906,335.4412155162353,234.4929962158203
100,drop:voltage_polarisation,plsr,0,38,197.5447054559777,100.66678619041566,112.40979390933781,75.4601588187289
100,drop:voltage_polarisation,rf,0,38,251.99383896353854,111.89514500750121,203.06597648350098,109.73299960394554
100,drop:voltage_polarisation,rf,1,38,250.54151691184933,114.53032162267434,201.80056105738342,107.41734261040236
100,drop:voltage_polarisation,rf,2,38,253.91649256933957,114.79990947875768,187.43461419859074,101.64395955933811
100,drop:voltage_polarisation,xgb,0,38,239.33694846700448,108.04464423947218,158.79742087811502,92.49169921875
100,drop:voltage_polarisation,xgb,1,38,248.20036476017447,113.73144084651295,161.57910023211213,93.46910240536644
100,drop:voltage_polarisation,xgb,2,38,238.69245040433952,104.10574861852135,192.03449829476105,101.32210795084636
100,only:voltage_polarisation,plsr,0,8,233.8821088964548,114.18969594528326,208.68780210695974,105.87196903433178
100,only:voltage_polarisation,rf,0,8,218.06628748123924,99.37720552283324,153.70903558491497,91.94616069091266
100,only:voltage_polarisation,rf,1,8,216.68293182088863,99.28700466509862,154.60995906734487,93.0749635293589
100,only:voltage_polarisation,rf,2,8,213.26348360180944,98.92686091587106,150.56648367595983,89.47714324989109
100,only:voltage_polarisation,xgb,0,8,236.67000044940983,119.03593928639482,130.95269399726305,75.41267540341332
100,only:voltage_polarisation,xgb,1,8,236.6654510609614,114.36068800019055,119.367287382839,73.43943132672992
100,only:voltage_polarisation,xgb,2,8,238.64362082898924,117.3597895924638,129.47311584638192,73.56416902087983
100,drop:charging_protocol_proxy,plsr,0,39,210.88399057747452,101.02172594005432,120.80017941122635,81.53129916061289
100,drop:charging_protocol_proxy,rf,0,39,226.31468209036163,99.48624724225876,180.16302091879575,99.94767982638392
100,drop:charging_protocol_proxy,rf,1,39,222.4895516746199,98.48293897367107,186.53891094444376,103.25337153426047
100,drop:charging_protocol_proxy,rf,2,39,226.11500304470076,100.27771771122231,184.07911662967942,101.46265721532984
100,drop:charging_protocol_proxy,xgb,0,39,221.84264407618568,91.7415399318788,165.38980309579668,90.7260233561198
100,drop:charging_protocol_proxy,xgb,1,39,229.5755648196263,96.20208144769435,160.80985988033916,91.44577317010788
100,drop:charging_protocol_proxy,xgb,2,39,227.82034928436352,99.27648851348133,142.6767754529668,87.2361559186663
100,only:charging_protocol_proxy,plsr,0,7,232.07914303810438,140.2393570521372,154.26931951425382,116.84815482269208
100,only:charging_protocol_proxy,rf,0,7,250.8899297427778,137.78978054739426,158.02751869627048,100.72542012475263
100,only:charging_protocol_proxy,rf,1,7,250.7645373515825,138.02514885572825,149.59576983652008,96.22551366492905
100,only:charging_protocol_proxy,rf,2,7,252.8164798114309,141.40524287413726,156.70893310682652,101.98470283283434
100,only:charging_protocol_proxy,xgb,0,7,242.0902606552736,134.29784784084413,184.0056873942622,124.22488330659412
100,only:charging_protocol_proxy,xgb,1,7,243.18252156354308,129.53709895436356,169.4770707637166,113.59145754859561
100,only:charging_protocol_proxy,xgb,2,7,240.1679737133473,136.12154704768483,169.36611377132704,113.89777265276227
100,drop:thermal,plsr,0,41,209.8062450234991,95.48521916757062,107.54578940365883,72.88315926603244
100,drop:thermal,rf,0,41,224.5059214325441,98.4181593220025,159.48314155099584,89.14520103336783
100,drop:thermal,rf,1,41,219.98909821731948,96.46716607615251,164.9757038851025,93.68434792034341
100,drop:thermal,rf,2,41,221.1880945078234,100.54990830276445,164.68140265411893,94.62896095234503
100,drop:thermal,xgb,0,41,216.07616638001372,90.09065060499238,144.9127206095314,78.14747619628906
100,drop:thermal,xgb,1,41,226.80841609244294,91.746406369093,130.01760742310688,77.10970851353237
100,drop:thermal,xgb,2,41,227.3625649111926,100.74901003953887,140.47673463542415,82.40851048060826
100,only:thermal,plsr,0,5,378.29492912789425,218.50955660591137,372.7556491236389,199.27846789151153
100,only:thermal,rf,0,5,345.94329929497536,196.5846083793203,326.4646157041161,191.17641597278237
100,only:thermal,rf,1,5,351.4028809857875,201.29156319444655,341.54930344276033,197.43585963334456
100,only:thermal,rf,2,5,352.1666723883656,198.95782545359873,333.3165387808589,198.43253646606445
100,only:thermal,xgb,0,5,333.5987470032388,203.87468886956935,320.4264226686785,202.2689165387835
100,only:thermal,xgb,1,5,335.5952368727546,203.97472995665015,301.2038590052336,199.07098388671875
100,only:thermal,xgb,2,5,341.44058078587335,206.43082260504002,308.95463991631954,197.83061145600817
100,drop:internal_resistance,plsr,0,42,216.01947299709957,113.05509184660806,119.05590279599794,79.86737957806713
100,drop:internal_resistance,rf,0,42,221.69853117179673,95.96842400955583,160.38875937867243,91.32865075800042
100,drop:internal_resistance,rf,1,42,219.76786152418384,97.63938965896594,167.26224907754985,94.84852711140752
100,drop:internal_resistance,rf,2,42,219.8598054229037,97.20604283035065,163.5613746349519,93.69001311991096
100,drop:internal_resistance,xgb,0,42,213.3031331371862,90.329345703125,135.2969567398312,83.84112112862724
100,drop:internal_resistance,xgb,1,42,219.47098713375166,93.93786174495045,140.99056499613718,85.57237897600446
100,drop:internal_resistance,xgb,2,42,211.4315095326562,88.73549596274772,134.39111401309464,78.65879095168341
100,only:internal_resistance,plsr,0,4,294.37948195336685,174.71885514434433,361.1279738782397,215.74081761731807
100,only:internal_resistance,rf,0,4,312.1612604317262,178.57220342444347,333.1468322028241,178.8590123153018
100,only:internal_resistance,rf,1,4,314.44512469674487,181.27286895276356,331.37608241894117,175.9989365000737
100,only:internal_resistance,rf,2,4,312.9374346562125,179.65547793114177,341.20008383802417,180.20310649494337
100,only:internal_resistance,xgb,0,4,295.95786180359244,168.5697587176067,293.2343014323366,162.7204858689081
100,only:internal_resistance,xgb,1,4,286.4499989253126,167.46058915301066,280.26557654697615,162.2034926641555
100,only:internal_resistance,xgb,2,4,297.3902804484326,168.01867750214367,295.81224757632316,165.21118963332404
100,drop:discharge_curve_shape,plsr,0,40,204.44549823800392,106.36835158209512,144.34778222480082,90.7538517369054
100,drop:discharge_curve_shape,rf,0,40,224.41550467273606,97.29908621970914,180.43332564823194,99.23804876424985
100,drop:discharge_curve_shape,rf,1,40,218.65226431877196,94.95359466183298,174.26920351806078,96.55934277084296
100,drop:discharge_curve_shape,rf,2,40,223.4843025754635,95.39931729905939,185.1515479258611,100.34477811319816
100,drop:discharge_curve_shape,xgb,0,40,220.64139758140394,89.63325388838605,164.07163125925416,89.1776864188058
100,drop:discharge_curve_shape,xgb,1,40,218.44702751179224,90.30358514553163,151.14256206548063,83.15304202125186
100,drop:discharge_curve_shape,xgb,2,40,219.90940658447093,92.5289820229135,148.3257546380664,82.32383582705543
100,only:discharge_curve_shape,plsr,0,6,232.50238090714564,144.43507455816794,109.46206351978718,87.08930925248387
100,only:discharge_curve_shape,rf,0,6,251.9404795013706,146.32215463936194,148.3176804236393,102.03620966323184
100,only:discharge_curve_shape,rf,1,6,253.36900867488626,146.0091967312636,144.85080976706422,99.0662493255951
100,only:discharge_curve_shape,rf,2,6,247.4218529076658,145.57317092014617,144.4753542790118,100.17148129574423
100,only:discharge_curve_shape,xgb,0,6,257.770930407166,138.1663788586128,124.51263599509375,90.2329581124442
100,only:discharge_curve_shape,xgb,1,6,255.66032422478747,143.47270016553927,120.58606077447222,86.8800034295945
100,only:discharge_curve_shape,xgb,2,6,252.95808660245376,137.33595759694168,122.91418647659582,88.12178766159784
100,protocol_metadata_only,plsr,0,3,331.29689263406044,186.32775003798005,344.47945587061656,194.87079623593425
100,protocol_metadata_only,rf,0,3,279.03438165313,155.71782077987797,156.81127603335307,100.44054370167494
100,protocol_metadata_only,rf,1,3,277.5106722144923,153.15687757116518,155.1887352845439,99.82002132531157
100,protocol_metadata_only,rf,2,3,277.0123277571795,157.5168979595865,160.47061256722594,103.01952496193243
100,protocol_metadata_only,xgb,0,3,301.15213319219214,186.36445208293637,160.18367047386042,115.44128999255952
100,protocol_metadata_only,xgb,1,3,292.1385757574443,178.1722129263529,154.80752488121243,109.08123415992374
100,protocol_metadata_only,xgb,2,3,287.48342373099456,169.9613096655869,147.83081293515403,108.98007129487537
