T,group,consensus_share,between_model_std,consensus_degradation_share,share_mlp,share_plsr,share_rf,share_xgb,group_rank
20,charging_protocol_proxy,0.2868808293138134,0.03773190209038075,,0.23465140741534515,0.3012194057062237,0.2882233555057211,0.3234291486279638,1
20,internal_resistance,0.20586887990437913,0.039037572324730416,0.29089046029512056,0.1493735448695452,0.22988888808788507,0.21036369320450812,0.23384939345557815,2
20,thermal,0.1975786088477876,0.11360543079465354,0.28066735594431536,0.10475980422814334,0.09812323726087595,0.32310277635385076,0.26432861754828046,3
20,capacity_fade,0.09843057015150612,0.07435714861066074,0.1352316589920554,0.1804293764871371,0.1423792579075242,0.03583073392150449,0.03508291228985868,4
20,voltage_polarisation,0.09347135405645438,0.04725663420914096,0.12920730539288564,0.14335361092275012,0.11837067525210317,0.07602060609280578,0.03614052395815843,5
20,discharge_curve_shape,0.08334443978726909,0.021781034122330453,0.11716265509642394,0.1081921638326545,0.07028183765393571,0.06063291887017508,0.09427083879231106,6
20,coulombic_efficiency,0.03442531793879019,0.03325608526722623,0.0468405642791991,0.0792400922444245,0.039736698131452176,0.005825916051434632,0.01289856532784944,7
50,voltage_polarisation,0.40001647061468515,0.2767174255249199,0.46859381222428187,0.18508087360626715,0.15713851989013222,0.728255939788332,0.529590549174009,1
50,discharge_curve_shape,0.15147952147156848,0.09552322649101373,0.17854926101238983,0.2276091829932043,0.23423005509441938,0.03956461816534089,0.10451422963330935,2
50,charging_protocol_proxy,0.1484897783530033,0.02602459596258936,,0.15651625246336953,0.13580866169860692,0.12085236259801509,0.18078183665202177,3
50,capacity_fade,0.11368040156052585,0.06679640240163962,0.13380176294334237,0.16302209033671286,0.17653638269648453,0.038798024091154286,0.07636510911775173,4
50,internal_resistance,0.07973282957892742,0.06430251813779116,0.09384362510019102,0.12681415677002908,0.14209775649704978,0.01257658610617334,0.037442818942457476,5
50,thermal,0.07605233219739227,0.03114427751688002,0.08906530144730385,0.08896886583408573,0.1140456728919983,0.05195010261409745,0.049244687449387585,6
50,coulombic_efficiency,0.03054866622389753,0.019425928939062767,0.036146237272491014,0.051988577996331345,0.04014295123130889,0.00800236663688688,0.02206076903106301,7
100,voltage_polarisation,0.4064090797402746,0.27778130816472457,0.46515683897878657,0.19348527022399545,0.1515896369065149,0.7171767179464406,0.5633846938841476,1
100,discharge_curve_shape,0.14534068834815478,0.08591900786287271,0.171747637193144,0.19493179246246609,0.24071887360598865,0.06645665011524425,0.0792554372089201,2
100,charging_protocol_proxy,0.14046632425889718,0.030464217040830608,,0.16671610692934793,0.1613627780360816,0.10035372473371407,0.13343268733644517,3
100,capacity_fade,0.12384231089588386,0.04359563167630546,0.14520448281749587,0.16762859021005683,0.1420795442760402,0.06518598634124498,0.12047512275619346,4
100,internal_resistance,0.0997095533704277,0.08206060222682893,0.11879512455461316,0.16020970015100422,0.18001546275457322,0.019836896344116804,0.03877615423201652,5
100,thermal,0.04455598668281327,0.023882278258687537,0.05219549525069418,0.06174113284622332,0.06723912195910914,0.017324728813776225,0.031918963112144386,6
100,coulombic_efficiency,0.0396760567035486,0.02055950259896307,0.04690042120526619,0.05528740717690623,0.05699458246169234,0.013665295705463015,0.03275694147013283,7
