cell_id,true_life,true_early_failure,consensus_pred_life,alarm,alarm_model,risk_score,outcome,life_pulled_down_by,protocol_proxy_effect,key_features_in_top_group
b2c3,335.0,True,369.3,True,mean_rf_xgb_mlp,400.7,true alarm,"Voltage / polarisation -20%; Discharge-curve shape (ΔQ(V), dQ/dV) -11%; Thermal -10%",-5%,"dv_dis_avg, v_dis_avg_std, v_q90_last"
b2c10,561.0,False,444.0,True,mean_rf_xgb_mlp,444.7,false alarm,Voltage / polarisation -11%; Thermal -6%; Internal resistance -6%,-5%,"v_dis_avg_std, dv_dis_avg, e_dis_mean"
b2c32,519.0,False,447.7,True,mean_rf_xgb_mlp,452.0,false alarm,Voltage / polarisation -10%; Capacity fade -9%; Thermal -5%,-3%,"v_dis_avg_std, dv_dis_avg, v_q90_last"
b2c46,429.0,True,451.8,True,mean_rf_xgb_mlp,460.0,true alarm,"Voltage / polarisation -15%; Discharge-curve shape (ΔQ(V), dQ/dV) -5%; Internal resistance -3%",-4%,"v_dis_avg_std, dv_dis_avg, v_q90_last"
b2c44,457.0,True,454.9,True,mean_rf_xgb_mlp,466.1,true alarm,"Voltage / polarisation -12%; Discharge-curve shape (ΔQ(V), dQ/dV) -5%; Capacity fade -4%",-5%,"v_dis_avg_std, dv_dis_avg, v_q90_last"
b2c38,465.0,True,473.6,True,mean_rf_xgb_mlp,475.2,true alarm,"Voltage / polarisation -12%; Discharge-curve shape (ΔQ(V), dQ/dV) -5%; Internal resistance -3%",-4%,"v_dis_avg_std, dv_dis_avg, v_q90_last"
b2c12,458.0,True,485.7,True,mean_rf_xgb_mlp,478.1,true alarm,"Voltage / polarisation -13%; Discharge-curve shape (ΔQ(V), dQ/dV) -7%; Thermal -2%",-4%,"v_dis_avg_std, dv_dis_avg, v_q90_last"
b2c42,466.0,True,486.8,True,mean_rf_xgb_mlp,490.1,true alarm,"Voltage / polarisation -14%; Discharge-curve shape (ΔQ(V), dQ/dV) -5%; Thermal -2%",-3%,"dv_dis_avg, v_dis_avg_std, dv_q50"
b2c26,471.0,True,493.8,True,mean_rf_xgb_mlp,483.3,true alarm,"Voltage / polarisation -11%; Internal resistance -5%; Discharge-curve shape (ΔQ(V), dQ/dV) -5%",-1%,"v_dis_avg_std, dv_dis_avg, v_q90_last"
b2c5,480.0,True,494.0,True,mean_rf_xgb_mlp,486.8,true alarm,"Voltage / polarisation -12%; Capacity fade -4%; Discharge-curve shape (ΔQ(V), dQ/dV) -3%",-3%,"v_dis_avg_std, dv_dis_avg, e_dis_mean"
b2c40,499.0,False,501.4,True,mean_rf_xgb_mlp,484.0,false alarm,"Voltage / polarisation -12%; Thermal -6%; Discharge-curve shape (ΔQ(V), dQ/dV) -3%",-2%,"v_dis_avg_std, dv_dis_avg, v_q90_last"
b2c36,535.0,False,501.9,True,mean_rf_xgb_mlp,495.4,false alarm,"Voltage / polarisation -7%; Internal resistance -6%; Discharge-curve shape (ΔQ(V), dQ/dV) -3%",-2%,"v_dis_avg_std, dv_dis_avg, v_q90_last"
b2c24,495.0,False,520.3,True,mean_rf_xgb_mlp,504.0,false alarm,Voltage / polarisation -13%; Capacity fade -4%; Internal resistance -0%,-4%,"v_dis_avg_std, dv_dis_avg, e_dis_mean"
b2c18,487.0,True,473.5,False,mean_rf_xgb_mlp,511.0,missed failure,"Capacity fade -8%; Thermal -6%; Discharge-curve shape (ΔQ(V), dQ/dV) -5%",-5%,"qd_resid_std_last10, qd_mean, qd_ref"
b2c34,499.0,False,516.1,False,mean_rf_xgb_mlp,509.9,correctly not flagged,Voltage / polarisation -7%; Capacity fade -3%; Internal resistance -3%,-3%,"dv_dis_avg, v_dis_avg_std, v_q90_last"
b2c20,502.0,False,517.3,False,mean_rf_xgb_mlp,509.7,correctly not flagged,"Voltage / polarisation -12%; Discharge-curve shape (ΔQ(V), dQ/dV) -4%; Internal resistance -3%",-2%,"v_dis_avg_std, dv_dis_avg, v_dis_avg_mean"
b2c22,513.0,False,523.1,False,mean_rf_xgb_mlp,512.0,correctly not flagged,"Voltage / polarisation -11%; Discharge-curve shape (ΔQ(V), dQ/dV) -5%; Internal resistance -1%",-3%,"v_dis_avg_std, dv_dis_avg, dv_q50"
b2c14,485.0,True,539.1,False,mean_rf_xgb_mlp,526.7,missed failure,"Voltage / polarisation -10%; Discharge-curve shape (ΔQ(V), dQ/dV) -4%; Internal resistance -0%",-3%,"v_dis_avg_std, dv_dis_avg, v_dis_avg_mean"
b1c20,534.0,False,539.7,False,mean_rf_xgb_mlp,513.4,correctly not flagged,"Voltage / polarisation -11%; Discharge-curve shape (ΔQ(V), dQ/dV) -7%; Coulombic efficiency -0%",-6%,"v_dis_avg_std, dv_dis_avg, e_dis_mean"
b1c39,625.0,False,564.0,False,mean_rf_xgb_mlp,565.3,correctly not flagged,"Voltage / polarisation -9%; Discharge-curve shape (ΔQ(V), dQ/dV) -6%",-3%,"v_dis_avg_std, dv_dis_avg, v_dis_avg_mean"
b1c45,599.0,False,583.1,False,mean_rf_xgb_mlp,581.1,correctly not flagged,"Voltage / polarisation -11%; Discharge-curve shape (ΔQ(V), dQ/dV) -4%; Coulombic efficiency -1%",-2%,"v_dis_avg_std, dv_dis_avg, v_q90_last"
b2c28,509.0,False,590.6,False,mean_rf_xgb_mlp,593.6,correctly not flagged,Capacity fade -5%; Thermal -4%; Internal resistance -1%,-3%,"qd_resid_std_last10, qd_slope_late, qd_mean"
b2c47,713.0,False,626.9,False,mean_rf_xgb_mlp,668.9,correctly not flagged,Capacity fade -10%; Internal resistance -4%; Thermal -0%,-9%,"qd_ref, qd_mean, qd_curvature"
b2c30,481.0,True,646.6,False,mean_rf_xgb_mlp,681.1,missed failure,"Internal resistance -4%; Capacity fade -4%; Discharge-curve shape (ΔQ(V), dQ/dV) -1%",-4%,"ir_ref, ir_min, ir_slope"
b1c33,757.0,False,671.6,False,mean_rf_xgb_mlp,642.6,correctly not flagged,"Voltage / polarisation -4%; Coulombic efficiency -1%; Discharge-curve shape (ΔQ(V), dQ/dV) -0%",-3%,"v_dis_avg_std, dv_dis_avg, v_q10_last"
b1c18,691.0,False,692.2,False,mean_rf_xgb_mlp,718.0,correctly not flagged,"Internal resistance -5%; Capacity fade -4%; Discharge-curve shape (ΔQ(V), dQ/dV) -2%",+5%,"ir_ref, ir_min, ir_slope"
b1c43,651.0,False,708.6,False,mean_rf_xgb_mlp,707.3,correctly not flagged,Coulombic efficiency -1%; Thermal -0%,-4%,"ce_slope, ce_mean, ce_std"
b1c6,636.0,False,777.7,False,mean_rf_xgb_mlp,793.5,correctly not flagged,"Discharge-curve shape (ΔQ(V), dQ/dV) -2%",+2%,"dqdv_peak_ratio, dq_var_log, dq_mean"
b1c35,703.0,False,779.4,False,mean_rf_xgb_mlp,768.9,correctly not flagged,Thermal -1%; Coulombic efficiency -0%,-1%,"temp_slope, temp_mean, temp_std"
b1c37,648.0,False,786.1,False,mean_rf_xgb_mlp,781.0,correctly not flagged,Thermal -1%; Coulombic efficiency -1%,-0%,"temp_slope, temp_std, temp_max"
b1c31,876.0,False,830.9,False,mean_rf_xgb_mlp,798.2,correctly not flagged,"Discharge-curve shape (ΔQ(V), dQ/dV) -1%; Coulombic efficiency -1%",-3%,"dq_var_log, dq_mean, dqdv_peak_ratio"
b1c16,862.0,False,831.6,False,mean_rf_xgb_mlp,832.1,correctly not flagged,Coulombic efficiency -0%,-2%,"ce_slope, ce_std, ce_mean"
b1c14,880.0,False,834.1,False,mean_rf_xgb_mlp,842.6,correctly not flagged,Capacity fade -2%; Coulombic efficiency -0%,+2%,"qd_slope_late, qd_slope, qd_retention"
b1c29,917.0,False,841.8,False,mean_rf_xgb_mlp,828.8,correctly not flagged,Coulombic efficiency -1%,-0%,"ce_slope, ce_mean, ce_std"
b1c27,842.0,False,851.7,False,mean_rf_xgb_mlp,850.4,correctly not flagged,Coulombic efficiency -1%,+0%,"ce_slope, ce_mean, ce_std"
b1c9,1054.0,False,948.9,False,mean_rf_xgb_mlp,953.9,correctly not flagged,,+9%,"ce_std, ce_mean, ce_slope"
b1c25,854.0,False,961.4,False,mean_rf_xgb_mlp,971.8,correctly not flagged,Coulombic efficiency -1%; Thermal -0%,+7%,"ce_slope, ce_std, ce_mean"
b1c41,1051.0,False,987.9,False,mean_rf_xgb_mlp,960.2,correctly not flagged,Coulombic efficiency -1%; Thermal -1%,+9%,"ce_slope, ce_std, ce_mean"
b1c23,1014.0,False,998.4,False,mean_rf_xgb_mlp,970.1,correctly not flagged,Coulombic efficiency -0%,+9%,"ce_slope, ce_std, ce_mean"
b1c4,1709.0,False,1332.4,False,mean_rf_xgb_mlp,1326.5,correctly not flagged,Coulombic efficiency -0%,+28%,"ce_slope, ce_std, ce_mean"
b1c0,1852.0,False,1463.2,False,mean_rf_xgb_mlp,1471.2,correctly not flagged,Capacity fade -1%,+37%,"qd_slope, qd_mean, qd_ref"
b1c2,2237.0,False,1669.0,False,mean_rf_xgb_mlp,1653.5,correctly not flagged,,+33%,"ir_slope, ir_min, ir_ref"
