cell_id,partition,cycle_life,dq_min_log,dq_var_log,dq_skew_log,dq_kurt_log,qd_early,qd_max_minus_early,qd_slope,qd_intercept,t_early_chg_log,temp_avg_log,ir_min,ir_change
b1c1,train,2160.0,-2.3235086653490074,-5.9157567078172155,-0.6139914833272246,-2.8203701208991063,1.078544,0.006045500000000148,0.00029906029411767875,1.0783176529411762,2.9965462968138055,3.450493915177388,0.0,-7.991100000000195e-05
b1c3,train,1434.0,-2.5752178974454054,-6.018650727841543,-1.9866308147334586,-3.386997174420125,1.083112,0.001798199999999861,9.735122549020791e-05,1.0827835254901959,2.996862759813539,3.4044743721144615,0.0,3.408999999999357e-06
b1c5,train,1074.0,-2.3764080987052862,-5.772109221678221,-0.9701810582264044,-3.2734775684676176,1.0790976,0.0014024999999999732,5.989240196081598e-05,1.0787725490196072,2.9964096695694957,3.431271880275598,0.016226806,-0.00011886500000000272
b1c7,train,870.0,-2.051215549662574,-5.181409127732427,-0.17424129235777153,-1.8788145960905251,1.0969613,0.0008839999999998849,-5.196053921568084e-05,1.0970479784313725,2.996929307323113,3.4675486861420595,0.0,-7.981199999999855e-05
b1c11,train,788.0,-3.215899747057455,-6.085207854292268,-1.5347235631966312,-3.9808769592357574,1.0570793,0.00615969999999999,0.0002315468137255007,1.0565869784313722,2.9965052877015537,3.4909960030106544,0.0,-0.0004420429999999996
b1c15,train,719.0,-2.377664702253736,-5.6570650660760515,-0.6127498795708683,-2.912698669977146,1.0652857,0.0017829000000000317,0.0001127242647058872,1.0648750470588237,2.997042852370273,3.498351520589611,0.016688395,-0.0004319399999999987
b1c17,train,857.0,-3.30615657626754,-6.1901607193547745,-2.245194101296348,-4.221686222631807,1.0748942,0.0020404000000000533,0.00017341936274510963,1.0744591392156864,2.9965805599906266,3.4636536123004626,0.016612926,-9.723700000000002e-05
b1c19,train,788.0,-2.400109785980296,-5.678770133471785,-0.7159731478003776,-2.995672198284942,1.0877784,0.0013279999999999959,0.00011332401960786333,1.0875744372549017,2.997536250076113,3.495397522297847,0.016252616,-7.62829999999999e-05
b1c21,train,559.0,-2.012917351613725,-5.53313482346763,-0.294612194955647,-2.201116980774916,1.0851753,0.0007509000000001098,-7.32480392156723e-05,1.0851236607843135,2.9970400227438097,3.5049645916116847,0.0,-6.611800000000043e-05
b1c24,train,1017.0,-2.3765805699819866,-5.757136615758029,-0.684260730150183,-3.070059069484057,1.0769914,0.0013080999999999232,0.00011593284313726292,1.0767499960784312,2.997460404974357,3.5057250772390645,0.016497744,-9.277799999999822e-05
b1c26,train,870.0,-2.247677213806458,-5.49018997578703,-0.5232078914338183,-2.6372025149457405,1.0902194,0.0011992999999999032,7.097083333336613e-05,1.0903230568627444,2.9966117830054717,3.498512557602598,0.016211964,-8.537099999999728e-05
b1c28,train,860.0,-2.281655100043707,-5.490034737797581,-0.5438668626449247,-2.669184401764476,1.0804075,0.0008129999999999526,6.893431372547767e-05,1.0802743901960785,2.997112654223403,3.516156104806436,0.016583366,-0.00010639600000000166
b1c30,train,709.0,-2.25886856724538,-5.48093509197273,-0.4260104873899263,-2.555676764674998,1.0825673,0.001142999999999894,9.832745098043073e-05,1.0824544392156858,2.996930243701127,3.5094275367311742,0.015922217,-7.577799999999857e-05
b1c32,train,731.0,-2.254525710948745,-5.48810687739414,-0.5042967707597584,-2.617094637376191,1.0804064,0.0009449999999999736,8.392254901966602e-05,1.0802819313725482,2.9971072242092998,3.4956878848595814,0.016079862,-6.182700000000041e-05
b1c34,train,742.0,-2.369769464213587,-5.698727315263363,-0.8490302753625476,-3.1148450011037583,1.078815,0.001703499999999858,0.0001124556372549023,1.0788340078431373,2.9971440894727186,3.48109411718131,0.016785108,-0.0001258269999999985
b1c36,train,704.0,-2.245119546611606,-5.461058155983488,-0.5486461994111155,-2.626824097573805,1.0807844,0.0010460999999999387,8.894362745098381e-05,1.0806164333333332,2.9966434629614733,3.4639551775221933,0.016324781,-7.185899999999704e-05
b1c38,train,617.0,-2.120163931966885,-5.247534926350903,-0.34790885826855455,-2.149426353965291,1.0752445,0.0012100000000001554,0.00010739485294121409,1.0750965999999995,2.997164185878038,3.5129527690111777,0.016096238,-8.801700000000273e-05
b1c40,train,966.0,-2.6736217729853506,-6.420125473594988,-1.7252172567932662,-4.421258066063617,1.0863302,0.0011188000000001974,9.853186274511538e-05,1.0861861509803923,2.9968715415084026,3.5081142070418925,0.016570743,-9.514199999999945e-05
b1c42,train,702.0,-2.1043774271449074,-5.272746127277874,-0.3524154733737775,-2.197176346321487,1.0829167,0.0012240999999999502,0.00010312818627454313,1.0827951627450976,2.9967378308117896,3.5095286609422134,0.016565884,-6.458599999999842e-05
b1c44,train,616.0,-2.1334076651943823,-5.229066499983159,-0.44783324197290486,-2.1553554499865015,1.0876219,0.0007086999999998955,6.4961764705914e-05,1.087518958823529,2.996959208561309,3.477474915409804,0.017293163,-5.269299999999949e-05
b2c0,train,300.0,-2.8665152649724215,-3.9408959788849027,0.35167166708258313,0.5840679143205052,1.0732948,0.00028889999999992533,-4.930098039217097e-05,1.0730212313725491,2.9964510573336907,3.3956805267083294,0.016583446,-0.0006704130000000016
b2c2,train,438.0,-4.873622964193713,-3.988143400053957,0.3121899938066228,0.48310193017515685,1.076983,0.0019510999999998724,0.0001561139705882622,1.076538847058823,2.99645062014795,3.4831735751387582,0.01738088,-0.00025975600000000335
b2c4,train,444.0,-2.773852623445766,-4.901222857726557,0.2743493263842566,-0.9630301860257805,1.0751576,0.0004895999999998679,4.672230392157693e-05,1.0749528156862742,2.996455366725759,3.490740953463419,0.016206568,-0.00048409599999999983
b2c6,train,511.0,-2.55552236722279,-5.247325504190963,-0.01081988084131954,-1.761222042502111,1.0717576,0.0007736000000000409,2.6236519607876072e-05,1.0718901372549017,2.996444395435008,3.4957884674489392,0.015887076,-0.0005308130000000015
b2c11,train,477.0,-3.6419558866149404,-5.3826703786522625,-0.05448833968609961,-2.058923045649169,1.0746266,0.0013019999999999143,9.399166666669097e-05,1.074408631372549,2.9962793535451073,3.4996750950054882,0.017219057,-0.00027191500000000104
b2c13,train,483.0,-2.194188307400192,-5.6304773480272265,-0.5684464465828096,-2.7313017184071846,1.0828321,0.00038469999999990456,2.1796568627467208e-05,1.0828329980392157,2.996522607491162,3.503495871551141,0.016590605,-0.00038987799999999975
b2c17,train,494.0,-4.305973405319019,-3.8809611088562055,0.4745200084376884,0.8552481460864605,1.0699816,0.00586259999999994,0.000292443627450968,1.0703818686274509,2.9961031635991073,3.444303780970571,0.017055744,-0.0003203929999999987
b2c19,train,461.0,-2.975468502262577,-4.325785478273895,0.2722530447966855,-0.021246714640499948,1.0492859,0.00039389999999994707,-9.846323529410536e-05,1.0495669235294116,2.995938127864537,3.4769664295985523,0.01670057,-0.0009702119999999981
b2c21,train,489.0,-1.9221007576767453,-4.626519415327284,-0.39410587919329426,-0.5730525305585937,1.0800902,0.0019221000000000377,0.00015834313725489812,1.0797462019607842,2.996453763717353,3.4837810619178957,0.017314196,-0.0002163060000000029
b2c23,train,527.0,-2.275187582243197,-5.561643581028073,-1.1465431880007204,-2.4223980986519327,1.0774249,0.0006559999999999899,4.3061764705910905e-05,1.0773881235294116,2.9957617527861466,3.4725215695918763,0.017156335,-0.0003929039999999995
b2c25,train,461.0,-3.789346572600948,-5.124045985826825,0.16644777434837946,-1.448705900333662,1.070374,0.001611800000000052,0.00013004803921573316,1.0700795333333326,2.995934087021617,3.4224359963986477,0.017145906,-0.0003831109999999985
b2c27,train,468.0,-4.5991047412322805,-4.974826075987428,0.19099552853170423,-1.2132453430960488,1.0691681,0.0019168000000000518,0.00014949485294119813,1.0688265352941173,2.996446852015307,3.464126406755383,0.017230649,-0.000271206999999999
b2c29,train,498.0,-3.761264547676144,-5.012871376807422,0.3552402077081918,-0.9153286812688844,1.0751919,0.0024420999999998916,0.00019662990196081,1.0747587725490193,2.996469065056459,3.507176006388445,0.016843941,-0.0001814589999999984
b2c31,train,492.0,-2.573081724210872,-5.133286959032352,0.1817591688614246,-1.345007270626357,1.0771931,0.0020959000000000394,0.00017878161764708304,1.076827770588235,2.9962779376522586,3.4567881022801785,0.017417014,-0.00013840000000000033
b2c33,train,520.0,-3.6615243946959515,-4.835912743481238,0.35594414479789704,-0.6682987034018648,1.0825555,0.0020611999999999853,0.0001754303921568546,1.0820204392156865,2.9959342328255123,3.4924593145169727,0.017406421,-0.00013459499999999777
b2c35,train,463.0,-2.340972361085158,-5.042191166735461,0.16848763005328907,-1.1458697645034892,1.0719614,0.001964100000000135,0.0001563127450980399,1.07149962745098,2.995936003299678,3.513848678035549,0.016969517,-0.00035027600000000006
b2c37,train,478.0,-2.438702371578872,-6.005809067236165,-0.9465042382104945,-3.3971252740607096,1.0775176,0.002540900000000068,0.00018969460784318208,1.0772562784313722,2.9963171862925106,3.46307678416126,0.01798249,-0.00011120599999999911
b2c39,train,459.0,-2.5947176979756557,-5.988577062698723,-1.175714863338482,-3.5883425257781365,1.0828608,0.002605699999999933,0.0002103350490196337,1.0824918843137252,2.996465463537841,3.467786046512486,0.017892255,-7.770200000000241e-05
b2c41,train,429.0,-3.0078373321805976,-4.197572723526527,0.4620683688302517,0.5008124447322301,1.0723724,0.002537400000000023,0.00021227892156862137,1.0717723862745099,2.9959330455646085,3.4922948112041734,0.017491397,-0.00012071299999999799
b2c43,train,462.0,-2.287050740460095,-5.265531386066537,-0.07936110894249537,-1.5642547164023668,1.0773228,0.0024698000000000775,0.00020663529411765397,1.0769163705882352,2.9964627363677208,3.494028364431597,0.017937675,-0.00010847300000000129
b2c45,train,487.0,-2.089516720313619,-5.083499208282257,-0.3875775461107982,-1.654256016822203,1.0733266,0.0019226000000001076,0.00015529950980392902,1.0730407568627447,2.996308274800078,3.4853415043166325,0.016934354,-0.0001621499999999998
b1c0,test,1852.0,-4.591808771520873,-5.712977490610612,-0.3196364254609649,-2.4753063441001686,1.0735761,0.4654783,0.00015196127450981052,1.1005211745098036,2.996748257767199,3.454721932184544,0.016564831,-0.00010224300000000186
b1c2,test,2237.0,-2.1826371608843886,-5.814987391220007,-0.37734069213922644,-2.481195665007123,1.0830303,0.0050232000000001165,0.00022553088235295217,1.082873594117647,2.997473174472902,3.455590892008508,0.0,-2.6494000000001905e-05
b1c4,test,1709.0,-3.3502283503712924,-6.472615770973877,-1.424585445292731,-4.077545790167018,1.0807526,0.0019723999999998743,0.00011539975490199633,1.0804179254901958,2.997200466564302,3.450093193781977,0.0,-4.7649999999999776e-05
b1c6,test,636.0,-2.054942137434139,-5.140152235936439,-0.09854076751035047,-1.79441950815068,1.0798916,0.0015827999999999953,9.339240196083911e-05,1.0795245901960777,2.9970974667535475,3.4772993197062116,0.0,-0.0002999700000000001
b1c9,test,1054.0,-2.1026542676777353,-5.246907259386911,-0.0026119668366725987,-1.807765636349807,1.0852641,0.0023052999999999546,0.00018861446078432954,1.0850561137254902,2.9976868210143497,3.483694976863152,0.016774435,-0.00015429200000000032
b1c14,test,880.0,-2.4694232059606325,-5.914109275448911,-1.0582598041300655,-3.5136916414408472,1.0739669,0.001621099999999931,9.309191176471262e-05,1.0736395529411764,2.997360510256867,3.499393972235741,0.016895432,-0.00018020500000000272
b1c16,test,862.0,-2.4392393813844473,-5.829868110124848,-1.1017011216447714,-3.361483701801725,1.0846543,0.0015264999999999862,6.298725490196606e-05,1.0843833549019604,2.996219051391766,3.4758843109834943,0.0,-0.00012010600000000177
b1c18,test,691.0,-2.7135163330608987,-6.080223191291618,-1.9235959655351247,-3.874406030161624,1.0683733,0.0017724999999999547,0.00014645098039215871,1.0681497098039214,2.996986071054639,3.4446234907552657,0.019886132,0.0
b1c20,test,534.0,-2.2159295798538636,-5.579103214019063,-1.117689289307988,-2.7371691007986576,1.0752697,0.00045450000000002433,-0.00010707867647056249,1.0752691882352938,2.9969970780181603,3.474554588745422,0.0,-0.000260293
b1c23,test,1014.0,-2.4540138923447326,-5.882112593642523,-0.9896164532166731,-3.4409022095801642,1.0819774,0.0010494999999999255,9.016887254904049e-05,1.0818807549019605,2.99688660755407,3.461602797305467,0.016761277,-0.00010694799999999907
b1c25,test,854.0,-2.514533389770675,-5.986425411410759,-1.0373638110717234,-3.576233715172952,1.0775747,0.0016481999999999886,0.00014125686274507601,1.0773075098039215,2.9975130001189125,3.5200308075991584,0.016515255,-9.988599999999695e-05
b1c27,test,842.0,-2.3134015599227125,-5.587623110106448,-0.566804606646152,-2.804121862579699,1.0814734,0.001269100000000023,8.471666666668848e-05,1.0814629254901962,2.9965451727285783,3.520515546939278,0.016013091,-7.30209999999995e-05
b1c29,test,917.0,-2.3202847705661087,-5.588107521989896,-0.6358834316029682,-2.869215537571947,1.082124,0.0011215999999998338,9.79982843137568e-05,1.0819413901960784,2.9967625556310944,3.4842289634255907,0.016459392,-7.065000000000196e-05
b1c31,test,876.0,-2.3237295362662347,-5.610995240059081,-0.637066801952902,-2.872355845009392,1.097481,0.0008491000000001581,7.225980392159648e-05,1.097423809803921,2.996977394402536,3.4119980712086413,0.016803795,-7.806299999999974e-05
b1c33,test,757.0,-2.27527051810966,-5.5521080029237915,-0.6816320850257799,-2.7624974233628845,1.0955694,0.0009554000000000507,9.167156862747625e-05,1.0953861980392152,2.996657658253465,3.5117284848703085,0.01643474,-7.922399999999927e-05
b1c35,test,703.0,-2.3594194503200754,-5.631072832264257,-0.7043568845323739,-2.9713200850825405,1.0735042,0.0011524000000000534,7.788774509806638e-05,1.0734172098039214,2.9976061630591886,3.46433277262901,0.016877595,-0.00010218500000000116
b1c37,test,648.0,-2.3089921272088665,-5.563610431785776,-0.5536282828418606,-2.7850772134377615,1.0774544,0.0012005999999999961,9.664509803925291e-05,1.0773326039215683,2.9967882787841487,3.4911909484745505,0.016451977,-9.332999999999911e-05
b1c39,test,625.0,-2.082495769246971,-5.152197346622929,-0.20015774933182667,-1.9153186697078848,1.0847878,0.001235499999999945,0.00010630882352940778,1.0846319117647056,2.9965507723257963,3.507920438994627,0.016550828,-0.00010752299999999826
b1c41,test,1051.0,-2.6983655248495064,-6.432188876129794,-1.7036158367672747,-4.421036938595662,1.0820209,0.0011390000000000011,9.948137254902756e-05,1.081873996078431,2.9967476542138622,3.4964685787230843,0.016646527,-7.245900000000041e-05
b1c43,test,651.0,-2.147678587405732,-5.259682427059743,-0.3199177358489715,-2.1911901421647046,1.0708795,0.000791500000000056,7.093039215687119e-05,1.0707621156862743,2.9966376349240074,3.5037551228546637,0.015963934,-7.312200000000185e-05
b1c45,test,599.0,-2.155747197888199,-5.269084753539968,-0.484821239337652,-2.2417542449209393,1.0867909,0.0010452000000000794,9.32514705882715e-05,1.0866695999999996,2.99018474828381,3.4899762621039896,0.016537862,-4.624900000000168e-05
b2c3,test,335.0,-2.6076233936531787,-4.860482312231593,0.46914903148575127,-0.5089180160877085,1.0685679,0.0003419000000000061,-2.183333333330362e-05,1.0685866254901957,2.995952229028677,3.50773510195696,0.016120642,-0.000542654
b2c5,test,480.0,-2.609718147975697,-5.767740118855923,-0.48153557395144936,-2.7170016687655254,1.0706009,0.00178670000000003,0.0001414068627451509,1.0703518803921563,2.995763627729111,3.467155729216823,0.016743399,-0.00026467800000000083
b2c10,test,561.0,-2.4746424008977144,-6.054632868951692,-1.043050151597827,-3.5566418449951502,1.0723416,0.0016002000000001626,0.00012608627450982256,1.0721360039215688,2.9961722605788323,3.499567883135489,0.017803045,-0.00033301900000000037
b2c12,test,458.0,-2.2213060367384228,-5.03229008257723,-0.04952047724545048,-1.3456420693419597,1.0738034,0.0004431999999998659,3.7851470588266137e-05,1.07366094117647,2.996314437896779,3.510069373184195,0.016390122,-0.0005455850000000012
b2c14,test,485.0,-2.3089499453767877,-5.33772954835233,-0.7338723363157282,-1.9895153692114975,1.0810262,0.0015100999999999587,0.0001266200980392259,1.0808057568627447,2.9962781458719103,3.490174950225645,0.016895344,-0.0001327380000000003
b2c18,test,487.0,-3.8608443391210514,-4.380776837166961,0.25215022989588987,-0.05262513196487312,1.0661732,0.0014362000000001096,8.037058823531776e-05,1.06596274117647,2.996277666966632,3.4897582076984843,0.017018802,-0.0005014129999999992
b2c20,test,502.0,-1.9104603691380058,-5.074442310608814,0.32924826451420997,-1.0793685994233955,1.0864428,0.0023710999999999594,0.00017268259803926108,1.086143103921568,2.9964971273121,3.4860329070396463,0.017187012,-0.000158690999999999
b2c22,test,513.0,-2.176930537598132,-5.69911999602899,-0.3318912365106739,-2.300488125936401,1.0830075,0.0018184000000001088,0.00014710318627454163,1.0827755098039213,2.996453680444118,3.4648110958368856,0.016941199,-0.00020077599999999973
b2c24,test,495.0,-2.490688216626623,-4.342014282948118,0.350798941614012,0.08882199097624356,1.0707663,0.001563800000000004,0.00011981004901961327,1.0704147078431372,2.995933024735459,3.4066528389687796,0.016840158,-0.00022888699999999707
b2c26,test,471.0,-2.4083382667606332,-4.56075630494117,0.4201082159825781,-0.11985399368718483,1.0807364,0.0016400000000000858,0.00014215343137255557,1.0803109254901957,2.9957660859823467,3.453025406856531,0.017422348,-0.00027682600000000085
b2c28,test,509.0,-4.2972729387942925,-4.226817953897214,0.35107648707977934,0.2621591992704272,1.075073,0.0022664000000001128,0.00017672794117651626,1.074566158823529,2.9964467271045896,3.4925369692503367,0.016907401,-0.00015451399999999796
b2c30,test,481.0,-3.063346868728037,-5.451807592417325,-0.09077955727887162,-2.122500411132712,1.0701823,0.002088900000000171,0.0001747230392157081,1.0697541215686273,2.995935774179669,3.478954195289408,0.01743317,-0.0002681020000000027
b2c32,test,519.0,-4.029416900803086,-4.2602959832182385,0.3905477182517276,0.2887565391264024,1.0781063,0.0017873999999999945,0.0001479203431372582,1.0774302725490192,2.992101482368343,3.499395282678858,0.017273866,-0.00013210799999999884
b2c34,test,499.0,-2.741287121585353,-4.559356200695459,0.42428894678821777,-0.12751401025295,1.0726991,0.0021727000000000274,0.0001748811274510115,1.0721732745098036,2.996449391863176,3.5064553450748837,0.017337065,-0.00011998599999999901
b2c36,test,535.0,-2.432712462410527,-5.657233527861159,-0.7020929047371484,-2.8858521039473337,1.0821494,0.002995599999999987,0.0002505524509804205,1.081624733333333,2.996105787622259,3.5075977981826454,0.020050712,-7.920299999999991e-05
b2c38,test,465.0,-2.3722327793654587,-5.498151323803673,-1.1255021883831906,-2.534235284224228,1.0730659,0.0017274000000000456,0.00014909950980395033,1.0726850098039213,2.996274731063972,3.470005098573641,0.017582074,-7.223100000000246e-05
b2c40,test,499.0,-3.856029025812729,-4.478159786717413,0.4908444341034323,0.13998717916264156,1.0807095,0.0020431000000000754,0.00015811348039220167,1.0802849627450972,2.9962911386931075,3.501355918304315,0.017052768,-0.00016884799999999922
b2c42,test,466.0,-4.250540562393703,-5.001077828204935,0.22858409452389503,-1.1713835032460231,1.0813674,0.00184059999999997,0.00014213529411767078,1.0810110529411758,2.9962958235631802,3.4973359516240623,0.017058697,-0.0001955720000000015
b2c44,test,457.0,-2.1678486931640903,-5.029767280831023,-0.3061833266441753,-1.3063214565122496,1.0738027,0.0023969999999999825,0.00019224387254903819,1.073436490196078,2.9959447306500535,3.4953983605980565,0.017408777,-8.57569999999988e-05
b2c46,test,429.0,-2.091068699366713,-5.061123713849366,-0.3483657600602692,-1.7368624829883792,1.0763136,0.0024262999999999924,0.00020609436274510393,1.0758745921568627,2.9961507073317026,3.4732997449158027,0.017551575,-7.970599999999883e-05
b2c47,test,713.0,-3.080015955701103,-5.413916587682387,0.09119119562066628,-1.759889662534078,1.0466961,0.0033632000000001216,0.00027613088235295397,1.046445458823529,2.996464006272296,3.4792157344134926,0.017204285,-0.0005369390000000002
