cell_id,partition,cycle_life,qd_ref,qc_ref,qd_mean,qd_std,qd_retention,qd_max_minus_ref,qd_slope,qd_slope_late,ce_mean,ce_std,ce_slope,v_dis_avg_mean,v_dis_avg_std,e_dis_mean,v_q10_last,v_q50_last,v_q90_last,i_chg_mean,i_chg_std,i_max,t_chg_mean,t_dis_mean,t_cv_mean,temp_mean,temp_max,temp_range,temp_std,ir_ref,ir_min,ir_change,qd_curvature,qd_slope_last10,qd_resid_std_last10,dq_var_log,dq_min_log,dq_mean,dq_rms,dv_q50,dv_dis_avg,dqdv_peak_shift,dqdv_peak_ratio,t_chg_slope,t_dis_slope,t_cv_slope,ir_slope,temp_slope
b1c1,train,2160.0,1.0766124,1.0764499,1.0802929,0.0022595134177517285,1.0042464565521414,0.007977100000000181,0.029711210526316447,-0.016630909090902007,1.0007235585699603,0.0011230008905809472,0.0027645892962154103,3.04526503368731,0.0015707028033490878,3.2773675280690555,3.2479705604656504,3.167128389855742,2.955113290781431,1.8194387471292814,1.4684931485028208,4.005351909090909,31.622139649122794,16.20365078431371,9.006361083333337,31.53393839821794,34.707664,4.610364800000001,0.20318111047899848,0.017009802,0.016839281,-6.269900000000286e-05,-0.299007297655994,-0.016630909090902007,0.0006407604789765448,-5.9157567078172155,-2.3235086653490074,0.00047675092297936315,0.0011958913647428205,0.0004048723296716794,-0.0023727926119905263,0.0,1.023051416091538,-7.4513717867516,1.1939983013117483,-10.291380576441394,-0.0005417226691729519,-3.116733372075438
b1c3,train,1434.0,1.0812283,1.0806946,1.0836116074999997,0.0012712813102855242,1.0024084241517834,0.0037533000000000705,0.014319938596488245,0.010821545454548888,1.0004140581705712,0.00016477531128331052,-1.4597392039421948e-05,3.050828242747313,0.000696668801484766,3.296034693875932,3.255832047759809,3.1755631624142757,2.9623969431981507,1.8792638944628848,1.7011713122949377,4.0020109999999995,31.437923859649093,16.6892390625,10.114039298245608,30.116572085551006,31.224295,1.2087730500000002,0.21950431939398402,0.016315572,0.016207602,2.4210000000000204e-05,-0.12153567742889534,0.010821545454548888,0.0001862469078388632,-6.018650727841543,-2.5752178974454054,-0.00019521752187608854,0.0009925351886417822,0.00038744354668285297,-0.0010523219344480417,0.001601601601601832,1.0113822278389735,-3.6125681286548716,-0.5265009649126469,-5.985733849615934,0.00016161078947365775,-3.4516166023005725
b1c5,train,1074.0,1.0766531,1.0765846,1.07940045,0.001208170225485639,1.0023440060668174,0.003847000000000156,0.011934192982457731,0.00025412121212624593,1.000340301164637,0.00040759599656796207,0.002485319222659285,3.0384807914018306,0.0008915898356480557,3.2686581892195363,3.2475546984054136,3.1637383987554037,2.939357461495339,1.8997577395071183,1.8132777032043985,4.404886454545454,29.855654473684222,16.649057685185152,9.815781228070199,30.924424719014247,33.086578,3.676459700000001,0.09761335792039783,0.016396422,0.016226806,-0.00011455800000000071,-0.20218679050576155,0.00025412121212624593,0.00031701241377570476,-5.772109221678221,-2.3764080987052862,-0.0014743167307251497,0.001962637424237782,-0.0007146764569321284,-0.0015398488915217001,0.0,1.0025664705573185,-7.999983320095,-0.36305007682210166,-9.473752356367264,-0.0006897840350877552,-1.4467556697959452
b1c7,train,870.0,1.0951102,1.0950329,1.0965769375000003,0.0010855690734443138,1.0010987682426598,0.0027350999999999903,0.0005248157894741024,0.0009825757575807424,1.000358212287086,0.0006532895044513806,-0.00028217561420148667,3.0506116702973953,0.0017628155965893064,3.3348410190165745,3.254339207802159,3.174775535620874,2.9599470090763518,1.9501487773754778,1.9444821419033906,4.80118409090909,29.925112129629643,17.030177333333334,9.890411578947427,32.067529602012144,35.453625,5.55391145,0.12666176215272448,0.016267659,0.016154226,-6.450499999999942e-05,-0.12258001621705812,0.0009825757575807424,0.0009340375124969181,-5.181409127732427,-2.051215549662574,-0.002477389747775305,0.003564606086191973,-0.0017504925385436465,-0.003169412125484161,-0.0016016016016013879,0.9821408917448781,-1.387468438538041,-0.3179756097560671,-2.37069357955967,-0.0004562789849624103,-1.9203009351304863
b1c11,train,788.0,1.0550324,1.0543745,1.05804899,0.0017111163484403928,1.0039357744346746,0.005171599999999943,0.025358333333334194,0.025938606060610478,1.00045944675383,0.00015052680577672063,-0.0017479962000462403,3.046224465171653,0.0008253284648789275,3.2141830587073508,3.2542853151210864,3.1729379402151117,2.9663292663606073,1.899904188212706,1.9463596794468938,5.402017090909091,30.316983500000028,17.195242129629605,10.894785614035108,32.83595528530884,36.386898,5.942105200000001,0.19033942123607347,0.016582273,0.016096748,-0.0004591050000000013,-0.07198356184583446,0.025938606060610478,0.0002574695113930757,-6.085207854292268,-3.215899747057455,0.0011518359438373409,0.0014621092330141475,-0.00029745812294112994,0.0017483999576883846,0.0,1.0014996889218932,0.32486190476195337,0.2916699242230703,-1.8978965051623913,-0.0027743266541353454,-2.3728421216844824
b1c15,train,719.0,1.0627433,1.0619398,1.0657706999999998,0.001555863204283884,1.003040254606752,0.004503900000000005,0.016503567251459843,0.007547191919197129,1.0007423177760522,0.00013781522944620946,0.00029593971024933775,3.047605436167274,0.0009480785959870272,3.236276963875152,3.2490723812935123,3.1690455783332743,2.9646804997727885,1.9686864780946518,1.9928068331135436,5.428386999999999,28.321805833333364,16.78392600000002,9.4166621666667,33.07050869876154,36.870113,6.82316625,0.19988927994947484,0.017166486,0.016698573,-0.00042026099999999816,-0.1851531770603511,0.007547191919197129,0.00041705759548311006,-5.6570650660760515,-2.377664702253736,-0.0007279774749090393,0.0016493498878266063,-0.0008559464733455258,0.0003590610684569562,-0.001601601601601832,1.0006207301054453,-7.1763850661625455,-1.287287218045031,-9.900158145363216,-0.002493104812030053,-1.3241431516940103
b1c17,train,857.0,1.0732841,1.0731622,1.07558657,0.0013230573563152805,1.002775617991234,0.0037207999999999686,0.018288122807017033,0.009452545454550591,1.0001221097865638,0.0002431205167529567,0.0007784488289939691,3.0427080565675055,0.0005258581454790278,3.2626550727347174,3.2473506308848124,3.1663811595187883,2.95181488980373,2.0140595922600477,2.1053562809012116,5.407017818181818,29.09535116666667,16.77631323529411,10.183338333333312,31.936419184545542,35.148521,5.65820285,0.04039098234303884,0.016739396,0.016612926,-9.723700000000002e-05,-0.09036525136373892,0.009452545454550591,3.871284870097207e-05,-6.1901607193547745,-3.30615657626754,0.0007393096703399351,0.0010869032658469351,7.051679683556245e-05,-0.0003301710610923436,0.00320320320320322,1.0024780177768136,-6.571369172932486,-0.5511935603136252,-8.508828822055177,-0.0006176533834586761,-0.3708320755265501
b1c19,train,788.0,1.0863022,1.0864038,1.088231825,0.0010598372006468528,1.0018666170128756,0.0028041999999999234,0.012437771929826216,0.0011064242424305723,0.9999969802728618,0.00024303638086931088,0.0006797084884381246,3.044058488986392,0.0009063680961553848,3.301969563001509,3.249866999047409,3.1676469724648837,2.9472567851048623,2.039620313425596,2.146497423392894,5.402599636363636,29.076970749999987,16.519595882352906,9.662498000000001,32.96299121831618,36.558941,6.413276549999999,0.057689535285988455,0.016386686,0.016252616,-7.316599999999951e-05,-0.11627944862154943,0.0011064242424305723,3.919110041212866e-05,-5.678770133471785,-2.400109785980296,-0.0007329860406207444,0.001618766336085434,-0.0009884118991423385,-0.0016763612589487664,-0.001601601601601832,0.9977391942681227,-6.3730477443609495,-0.7619828939462976,-8.277390726816718,-0.0005511935338345745,-0.32385883459766307
b1c21,train,559.0,1.0836138,1.0827969,1.0847001299999999,0.0008783459575247307,1.0001486445178343,0.0023124000000001033,-0.002440964912278959,-0.0010782424242397615,1.0010630953431057,0.0007422979038595922,0.0031697282646464525,3.0542255752421834,0.0017144698316733313,3.3026918590021,3.255446328630287,3.177077589279566,2.9686459295258913,2.1528326954256176,2.277212773611575,5.642072545454545,27.40614833333332,16.940408823529438,9.178870833333304,33.295852412878375,37.615559,6.740335600000002,0.17592691983269848,0.015273424,0.015007589,-3.933100000000009e-05,-0.09889112487100367,-0.0010782424242397615,0.0006301760674220673,-5.53313482346763,-2.012917351613725,-0.0022852536993596003,0.002852971783867746,-0.0002575876774497665,-0.0028047594492930372,-0.00320320320320322,1.027033451939477,-5.3641467998848285,-0.049552667819197156,-5.491909022556868,-0.0005267980827068255,-2.8180615183900155
b1c24,train,1017.0,1.0755144,1.0752831,1.0774434950000003,0.0010103722346120289,1.0018941785578985,0.0027887999999998137,0.012701719298245574,0.0035990909090938415,1.0001202497175854,7.041810097079939e-05,0.0003771834101646038,3.0522130559853107,0.0007123789405742608,3.2782862208594468,3.2537897448994277,3.1736975715870677,2.9690440196859664,1.9491314733787308,1.9224813185258778,6.002828454545454,30.095167749999995,16.648235098039194,9.023165185185182,33.304415466926216,36.68787,6.0871089,0.03425029128492798,0.016643735,0.016497744,-9.748700000000027e-05,-0.1213875866136514,0.0035990909090938415,3.4633339691427234e-05,-5.757136615758029,-2.3765805699819866,-0.0010140832535556683,0.0016631060927586661,-0.0011458242271582542,-0.0010135768231518405,0.0,0.995203985810077,-6.692432205513857,-0.7708006263438537,-8.469951287474185,-0.0007054123308270435,-0.11484929243738741
b1c26,train,870.0,1.0887769,1.0892196,1.0907042200000001,0.000982142085240212,1.0016261402737345,0.0026417999999999164,0.010772192982454423,0.0006043030303076114,0.9998548047890189,0.00010839770701459689,0.001179003946208834,3.053202487435283,0.0009241692534686987,3.3190684730117006,3.25383137852402,3.1734966665242084,2.9684428813100623,1.9979199585679595,2.024756273937962,6.017317363636363,29.75043208333335,16.553042187499976,9.220843666666653,33.067027409662614,36.122734,5.6080874000000005,0.05255594792929213,0.016335486,0.016211964,-8.2314e-05,-0.1344831932773953,0.0006043030303076114,4.340248407917754e-05,-5.49018997578703,-2.247677213806458,-0.0018364332032733727,0.0025678363955500307,-0.0010741787153856208,-0.0016901910312525636,-0.001601601601601832,0.9952573428350961,-6.6555407268171,-0.6046477941178259,-8.202560902256053,-0.0006406809774436372,-0.45175050069822176
b1c28,train,860.0,1.0790652,1.0785888,1.0806016850000002,0.0008472306635591956,1.0013641874896904,0.00215529999999986,0.008275456140350733,0.002737090909094491,1.0006005299406497,0.00010104116070587204,0.0016349390208990886,3.0515060831725265,0.0008640418421270308,3.287073379415488,3.2527099874760848,3.171825846392841,2.9647182805655707,2.0182821197176275,2.0716688480172643,6.006074363636363,29.135960749999942,16.482201333333343,8.829182916666657,33.65553551594867,37.135544,6.4518704499999995,0.034381451622898594,0.016719546,0.016587945,-8.59180000000008e-05,-0.0986325372254629,0.002737090909094491,3.0331953748164417e-05,-5.490034737797581,-2.281655100043707,-0.00188538588753363,0.002603292533468043,-0.001175482253088056,-0.001336499534097424,-0.00320320320320322,0.9942586478432854,-6.96032669173008,-0.354906616415812,-8.465755012531178,-0.0005902841353383547,-0.3054414313838366
b1c30,train,709.0,1.0811634,1.0812763,1.0829916400000001,0.0009942444842190215,1.0017026142893706,0.0025468999999997965,0.011055491228067755,0.002633757575763009,1.0000822887791991,0.00012450810369120705,0.0016527003760403393,3.055735896679331,0.0008626987803804882,3.298539372934164,3.2563426920494773,3.176447336868429,2.9732816899495367,2.068573976207642,2.156931516112871,6.002276999999999,28.432470877192994,16.715299537037037,9.004342368421025,33.42936454908729,36.584499,5.777501900000001,0.062328525574886356,0.016041212,0.015922217,-6.98360000000002e-05,-0.12498680524847991,0.002633757575763009,3.077379325848125e-05,-5.48093509197273,-2.25886856724538,-0.0015800486165655912,0.0024057116715683613,-0.0010718491924288642,-0.0020039288100432984,0.0,0.9931830733863841,-6.390347953216322,-0.4033908865672896,-7.661370175438905,-0.0005523158646616365,-0.4792215792419739
b1c32,train,731.0,1.0789613,1.0789523,1.0807172499999997,0.0009113392669582467,1.0015983850160852,0.0023900999999999506,0.009764192982456676,0.0017533333333384173,1.000229853140619,0.00012153630225439912,0.0017941773777936701,3.0511943076031596,0.0009789153633767162,3.287236242772727,3.2536953580540495,3.1731993612233445,2.9636259425448617,2.061474026380784,2.2178268358379265,6.003168272727272,28.604100882352924,16.688591140350898,9.31370186274508,32.97632269958917,36.114578,5.678276600000001,0.04450436761090909,0.016192216,0.016079862,-6.182700000000041e-05,-0.11976492702345544,0.0017533333333384173,2.096499304395531e-05,-5.48810687739414,-2.254525710948745,-0.0018522013597093974,0.0025821469467971533,-0.0009382268176199027,-0.002160308019257595,0.0,0.9948330757341571,-7.206550137653649,-0.30202742917602493,-8.628285860510768,-0.0005131969172932626,-0.2810259310436156
b1c34,train,742.0,1.0778389,1.0779907,1.0795844850000003,0.0010518892062736538,1.0020698578652465,0.00273560000000006,0.014034508771930455,0.0051578181818228465,0.999988182459694,0.000239968477018919,0.0009856880924660214,3.0347769032894623,0.0008946307231499238,3.2674444440441985,3.245422161825325,3.160367496400037,2.9356680077377457,1.9423192819243187,2.065852823155935,7.003607272727272,30.295071416666662,16.89492561403509,10.250018666666659,32.500169141763614,35.764557,5.7152313999999995,0.050057608826025106,0.016942797,0.016785108,-0.00012062699999999815,-0.10717212148016003,0.0051578181818228465,2.428173125468698e-05,-5.698727315263363,-2.369769464213587,-0.0013223745766454157,0.0019333394269585686,-0.0007398334798995876,-0.0020127997262608943,-0.0016016016016013879,0.9959740246611701,-7.602409398496263,-0.3362890676197035,-9.474068421052921,-0.0008465763157895018,-0.4804595583531525
b1c36,train,704.0,1.0791167,1.0791497,1.0811316825,0.001041831914619036,1.0017799669360632,0.002745200000000114,0.011138859649122474,0.0018965151515197847,1.0001211573277213,0.00020839378771040268,0.001080898735595481,3.052469540058796,0.001087551811871502,3.2895490529373927,3.2529611910557823,3.1726235925768167,2.9657141912113376,1.9706833207818868,2.115640744440772,7.002254818181818,29.877085416666677,16.420658921568645,9.104210416666676,31.941764418012305,33.781322,3.4048930499999996,0.056259855353994435,0.016444681,0.016324781,-7.091099999999989e-05,-0.13721310629521713,0.0018965151515197847,2.122541415516104e-05,-5.461058155983488,-2.245119546611606,-0.0019232169674969555,0.0026728720767125644,-0.0011578858770318057,-0.00251176339089465,-0.00320320320320322,0.9948047393315412,-6.807551002506381,-0.3944049683070561,-8.565236466165123,-0.0005316387969924897,-0.2630003108323961
b1c38,train,617.0,1.0740083,1.0745001,1.0757306850000001,0.000959108082165409,1.001925372254925,0.002446200000000065,0.01147336842105391,0.0012491515151562152,0.999791725860201,0.00011113194270148193,0.0013735506289505174,3.047294849458075,0.001267770478759865,3.2665528025995982,3.249469602970207,3.168536374675978,2.956385952506063,2.0850262782725544,2.245829223730488,7.019857909090908,28.099217416666693,16.53204566666666,8.941662500000021,33.54486842287461,36.795547,6.295253150000001,0.04530941136392605,0.016216327,0.016096238,-7.21369999999999e-05,-0.13590387734038586,0.0012491515151562152,3.773408811751441e-05,-5.247534926350903,-2.120163931966885,-0.0025638773072832917,0.0034947452214015053,-0.0013697839437498693,-0.002754550366181885,0.0,0.9925437924128057,-7.606746240601048,-1.059910908710462,-9.447443107769205,-0.0005206328947368753,-0.13913800845376714
b1c40,train,966.0,1.0846047,1.0852357,1.0866938800000001,0.0010751304263204337,1.001817452984333,0.002844300000000022,0.011474491228069697,0.001249030303036461,0.999690985241649,0.00012781919054617404,0.001940454680147351,3.048476105651928,0.0004622827054688888,3.3027781163520338,3.2530399890931894,3.171656776623694,2.961872990780632,1.868331514665591,1.8763249863019684,8.01109318181818,31.710859750000008,16.716702017543838,10.233346416666683,33.38597843681623,37.537289,7.09226835,0.05859587705070896,0.016708069,0.016570743,-0.00010568899999999909,-0.14510776942352854,0.001249030303036461,3.2312468556928396e-05,-6.420125473594988,-2.6736217729853506,-0.0006661702894798509,0.0009019381050290982,-6.035303144358295e-06,-0.000577570807908323,-0.0016016016016013879,1.0088700805333506,-3.4754236842105306,-0.1789481905572322,-5.138678070175396,-0.00058383996240601,-0.1677418348797166
b1c42,train,702.0,1.0813485,1.0817327,1.0833440150000002,0.0010788211785439706,1.0018159972987364,0.002792299999999859,0.011751701754385743,0.0032963030303055406,0.9997966648253307,0.00010193529600887249,0.001632420928683043,3.04836729667179,0.001255667143125669,3.292325943530826,3.250450452191897,3.169506707483848,2.957807547980191,1.9726192009775274,2.101729395779583,8.012858272727271,29.960217280701734,16.53895041666667,9.491184561403498,33.43375482268665,37.167461,6.7340072499999994,0.04505779173770462,0.016730737,0.016565884,-6.674799999999842e-05,-0.12731040837389904,0.0032963030303055406,3.973247568727901e-05,-5.272746127277874,-2.1043774271449074,-0.0024502031774096622,0.0033652097543407805,-0.0009510828757504086,-0.0028911281547778778,-0.001601601601601832,0.9948665880911706,-5.953908543295873,-0.5127036340847523,-7.65913701129519,-0.0005997418796992661,-0.24368781467024964
b1c44,train,616.0,1.0860728,1.0863395,1.08778818,0.0009048579378001724,1.001353890309121,0.0022577999999999765,0.008112052631580793,-0.0007736363636308142,0.9999128974421877,8.750706466578346e-05,0.0013818618019679186,3.0438869163177746,0.0015028705525485608,3.3012996027345887,3.2468182934616703,3.1656562435893836,2.9461009069051567,2.027987369999275,2.303376724211451,8.010302454545453,29.227350083333352,16.39891833333333,9.408338666666689,32.38210323667906,35.34483,5.374438200000002,0.04432168845966449,0.017408649,0.017293163,-5.920099999999831e-05,-0.13310754828247126,-0.0007736363636308142,2.297027407125438e-05,-5.229066499983159,-2.1334076651943823,-0.002747559653461394,0.0036652830840413733,-0.0015256189213634919,-0.003491968141105861,0.0,0.9961723123560949,-5.903663784461172,0.04285889724285988,-7.368600501252968,-0.0005047138345864935,-0.3238588705196271
b2c0,train,300.0,1.0719095,1.071287,1.07243717,0.0007718913557619417,1.000227724406263,0.001674199999999848,-0.003190543859648412,-0.011269090909083877,1.0002173127689915,0.00036254661463801745,4.515498218204504e-05,3.042220098665795,0.004700640878196113,3.2503122962986297,3.2524807295408253,3.1733572999766744,2.9413136993743056,2.0204861843677984,2.3790906880535845,6.040174272727272,29.006268148148138,16.327053070175467,11.970663166666613,29.795052200781083,32.263004,3.65538235,0.441332090023963,0.017570902,0.016583446,-0.0008961130000000005,-0.08855277900639047,-0.011269090909083877,0.00023562395340497223,-3.9408959788849027,-2.8665152649724215,0.004018894287478361,0.011428284080567041,0.008917160084434883,-0.0065780645815802785,0.004804804804805052,1.0507050268725995,-5.215780922897534,-2.3621605263141263,-6.702220802007708,-0.005130953383458659,1.6330003518697411
b2c2,train,438.0,1.0754818,1.074653,1.07753011,0.001328407855253781,1.0022973198461602,0.003707600000000033,0.017028578947367746,0.011469030303035931,1.0006877619085524,5.33923708273741e-05,-0.0004391001005284514,3.0498888140549187,0.003183515793090736,3.2777956549803213,3.252977861469161,3.1782151349991787,2.974403803983034,2.002017651623315,2.0953084605098793,5.033413272727272,29.31126741666664,16.819421999999967,10.560446833333298,32.52973347241599,37.209911,6.885177400000001,0.3144828444166585,0.017902471,0.01738088,-0.0004541240000000002,-0.06060939112489627,0.011469030303035931,0.00016334864806368142,-3.988143400053957,-4.873622964193713,0.006713783058361286,0.012154415515540508,0.008259670084833193,-0.002607980235389551,0.00320320320320322,1.058034299885053,-4.292996867168078,0.14387613319273307,-6.937383709273137,-0.002264558646616587,1.8093627005026003
b2c4,train,444.0,1.0741193,1.0746213,1.0751536,0.0006382589725182199,1.0009752767937732,0.0015278999999999154,0.005529596491228764,0.00023872727273354643,1.0004360086246138,0.0005523963146973429,0.005658056692691674,3.0521549706032265,0.0008811730111272294,3.271809793621128,3.2549077144853173,3.1758637858782737,2.9680673878631723,2.01519725514979,2.117405553556382,5.507542,29.05021866666675,16.807599583333374,10.857279750000078,32.808470775745974,36.987522,6.474449700000003,0.1353477940149948,0.016789593,0.016206568,-0.00047584100000000115,-0.06474871001031174,0.00023872727273354643,6.357868482150893e-05,-4.901222857726557,-2.773852623445766,0.000864202300998329,0.0036439206560724205,0.0028944996192712402,-0.0019565477576009016,0.001601601601601832,1.0208423843388263,-6.067870927317058,-0.43773958162609905,-8.306744987467452,-0.0035151572932331254,0.8505522113377658
b2c6,train,511.0,1.0702139,1.0692575,1.071822285,0.0008868001501324954,1.0007410252211828,0.0023173000000000776,0.004370035087719533,-0.00811224242424052,1.000618870652341,0.00012600699365520463,-0.001961245560029013,3.046450214366862,0.001210241545900184,3.2542546096432607,3.250957316876367,3.168884645577544,2.954470809505103,2.119829573336774,2.1643456091200868,6.456160090909091,27.485722368421072,16.083287543859633,9.926926944444412,32.9574797843574,37.171597,7.25692165,0.24076400127978223,0.016633883,0.015887076,-0.0004818500000000024,-0.16728335544744327,-0.00811224242424052,0.00010551796032676624,-5.247325504190963,-2.55552236722279,-0.0001250523798626091,0.0023786846066526325,0.0011762971469639893,-0.0022616147250635876,0.0016016016016013879,0.9884899775987906,-6.462547080727155,-1.1222751461999965,-6.4970737874078575,-0.0037761024812029797,1.8799291250916181
b2c11,train,477.0,1.0729293,1.0716591,1.0749109000000003,0.001006600122690246,1.0016449576823323,0.002999299999999927,0.011346403508772713,0.006902424242429167,1.0010193828344245,8.964359406091805e-05,-0.0009789337501015013,3.0493416313415627,0.0009661848601690016,3.2685592891367206,3.250667860814918,3.170217618134931,2.9644541074880606,2.0735077920606235,2.062153496756498,5.009144909090909,28.196815166666653,16.262300294117647,9.358078833333337,33.097017785554854,36.908924,6.241710899999999,0.11965173250181235,0.017619114,0.017219057,-0.00024453600000000006,-0.0871411617278448,0.006902424242429167,0.00010132732677570892,-5.3826703786522625,-3.6419558866149404,0.001126202179595566,0.0023232172369020026,0.0011489962532413855,-0.0016360862343915983,0.0016016016016013879,0.9924433810603281,-4.302690225565758,-0.4814284759805738,-6.853433583962384,-0.0016483028571428547,0.6270204412260223
b2c13,train,483.0,1.0824264,1.0826939,1.0829453900000001,0.00024007385717734843,1.0005686298855978,0.0007904000000000799,0.0023548596491240518,-0.0015756969696916303,1.0000703833083469,0.00013772134753321978,0.0014583311852901534,3.050847007497037,0.001185512127358081,3.293118898310095,3.2510861712374868,3.17145188795109,2.9622054816446104,2.0059917337972437,2.09156965808449,6.002634181818181,29.407098416666578,16.56171008771931,11.59203799999986,33.23091271861093,37.451763,6.9693369,0.09993577297646143,0.017023681,0.016590605,-0.0003937609999999994,-0.05502233524993988,-0.0015756969696916303,7.288151496944534e-05,-5.6304773480272265,-2.194188307400192,-0.0015752005165168158,0.0021933031303952946,-0.0010047061283207093,-0.0029981362766342556,0.0,0.989248747857282,-4.874245238095835,-0.8699309226934064,-6.210142355891799,-0.002351994360902281,0.5355478717350395
b2c17,train,494.0,1.0695888,1.0700918,1.072310485,0.0024297482625315367,1.0039813259899966,0.006255399999999911,0.029018912280701897,0.01179072727273117,0.9998846276865623,0.0013673801461561886,0.007796003842414393,3.0449963090895675,0.0030119162988108757,3.2569361407478525,3.2534641606788837,3.174120635224371,2.9578672847604888,1.9676650340857844,2.050373629751898,5.000948454545454,29.747087456140363,16.9352066666667,11.252903000000053,31.28509180038436,34.859463,4.4476136,0.44139966228692445,0.017831633,0.017055744,-0.0005592219999999981,-0.09333333333336805,0.01179072727273117,0.0009427375155172418,-3.8809611088562055,-4.305973405319019,0.0053651678528412955,0.012656135406774472,0.008380403271968095,-0.002108297838271156,0.00960960960960966,1.0124719628415053,-3.1210405004232755,0.20895353905252215,-6.031110275689414,-0.0029839511278195556,1.8914200994587427
b2c19,train,461.0,1.0485685,1.0488138,1.04869059,0.000532187086370952,0.9989949477633061,0.0011113000000000373,-0.008009789473684623,-0.010318424242418044,0.9999857249233705,0.000297523078981437,0.0016173301730567596,3.032948226279897,0.0016416684397452196,3.172215866458102,3.2503353397388905,3.1669001883276473,2.9445243514766557,2.0379215751942583,2.0775420192615526,6.000480636363636,28.005758416666634,16.72928388888885,12.87237925,32.342913260488395,35.182472,4.434141200000001,0.21630299492304533,0.018011536,0.01670057,-0.000911101000000001,-0.05516998378305677,-0.010318424242418044,0.00013862563237554954,-4.325785478273895,-2.975468502262577,0.0029361235511257745,0.007469486564268761,0.005804179013944921,0.0006486492383506182,0.00320320320320322,1.0316715970941541,-2.923537468671394,0.4880726755580253,-3.2044880952379255,-0.006210724511278214,1.254931163189038
b2c21,train,489.0,1.0789765,1.0779533,1.080838045,0.0009902824316703703,1.0025956079673655,0.003035799999999922,0.015457140350876877,0.005449272727277381,1.0003965657434233,0.0004751711769117273,-0.00427538679343866,3.0439161280939038,0.0017407160435831937,3.27894425033125,3.250222975254405,3.165594322721483,2.937418812254878,2.026827398603948,2.038127340889895,4.850552272727272,29.045371083333414,16.182463333333335,9.905558888888951,32.591968609330294,37.163727,6.2087581499999995,0.17968143137943957,0.017701758,0.017404133,-0.00016826200000000235,-0.11161278195487931,0.005449272727277381,0.000203139634644789,-4.626519415327284,-1.9221007576767453,-0.00248141656521193,0.005454789160898463,-0.00039209205734591634,-0.0020510683901098226,0.004804804804805052,0.9733134571932722,-5.688892857142585,-0.6526469524509829,-9.829009095553069,-0.0012317327067669509,0.40012315488075845
b2c23,train,527.0,1.0763631,1.0760298,1.077634015,0.000521078973165298,1.000988282037475,0.0017177999999999916,0.00629082456140334,0.00024424242424648504,1.0002545647813714,3.905825376840907e-05,-1.3247522779698165e-06,3.0430799022009674,0.0016815673894443417,3.269534349414943,3.250383916219509,3.1674084967950695,2.9500783644310156,2.0118488744140937,2.021630516499595,6.001181181818182,29.12117543859639,16.472426140350887,11.236754416666615,32.20332116499858,36.126663,5.5855121500000005,0.15532702134027643,0.017716795,0.017156335,-0.000416813000000002,-0.08309929234851557,0.00024424242424648504,6.945272601931273e-05,-5.561643581028073,-2.275187582243197,-0.0011237934701155154,0.0019985001883110988,-0.0011661078625655463,-0.0019372203348759776,0.0,0.9641015611137278,-6.4026413762299095,-1.1660248538018385,-8.639106892231933,-0.0028866419548872393,0.8041802604002134
b2c25,train,461.0,1.0688325,1.068538,1.070855775,0.001159245504142666,1.0020336498710216,0.0031532999999999145,0.014273701754386048,0.008684121212128136,1.0002046118555934,3.4522380280242306e-05,5.205205474545307e-05,3.038422956399963,0.0012103544418180972,3.244853617074957,3.2481779010163963,3.1665148581799847,2.94512430469535,1.9735941931309562,2.0502410678533183,4.813117090909091,29.572908055555484,16.96206205882346,11.120942583333356,30.657766074430818,33.972847,4.12983825,0.18171408144685378,0.017638819,0.017145906,-0.000381061999999998,-0.09125143741713755,0.008684121212128136,5.947878266978129e-05,-5.124045985826825,-3.789346572600948,0.0015310607399089803,0.003137208101636374,0.001896751219907955,-0.0012507254570977011,0.0,1.021516413790036,-5.211446081562654,-1.0698910475554837,-7.087589598997017,-0.0025652348120301085,-2.3034298208195376
b2c27,train,468.0,1.0674493,1.0671675,1.0698167975000001,0.0013400665435413053,1.0023988412635512,0.00377610000000006,0.01716745614035232,0.00912784848485189,1.0002444552739724,5.799212099308857e-05,-0.00012099077533320547,3.0458660188162603,0.0016599034461510143,3.2484790013057663,3.251346403205474,3.1716297888852565,2.956714534616737,2.05770207591527,2.055754205497655,4.900602818181818,28.308529333333315,16.515069705882315,9.778045166666633,31.928880089651006,35.621067,5.437841349999999,0.16716984296185147,0.017648097,0.017230649,-0.00025183599999999834,-0.10993343653255074,0.00912784848485189,5.367551775310039e-05,-4.974826075987428,-4.5991047412322805,0.002194251230970622,0.003923127812144211,0.0025424006552974276,-0.0012142114053319553,0.0,1.017894978605763,-7.301347368421475,-0.5135768381047997,-9.565140852131309,-0.0017727762406015168,0.6147816129557798
b2c29,train,498.0,1.0740113,1.0734949,1.07610848,0.0013892405053121523,1.002911128623821,0.004001900000000003,0.020393350877192774,0.013133696969701712,1.0005070785281898,0.00029879800670305225,-0.0010826611382207686,3.053310232576328,0.0012258093110848632,3.2764616713930876,3.2555802454931735,3.176681972271317,2.977559411039838,1.9907020207107469,2.048791283451032,4.912784727272728,29.4467355,17.128135000000004,10.604176666666657,33.33745160780829,38.176014,6.940592100000001,0.19675091048164972,0.017125197,0.016843941,-0.00015113500000000016,-0.07300081085067624,0.013133696969701712,0.0001162687353687537,-5.012871376807422,-3.761264547676144,0.002767254441715977,0.004164849767754845,0.0015088897511308375,-0.0004662632192280469,0.00320320320320322,0.9764201727355705,-4.762691228072072,-0.6133160401012241,-7.187104511278906,-0.001063778270676721,1.3854571424030402
b2c31,train,492.0,1.0749165,1.0744764,1.077896665,0.0015713218388589067,1.002972034990833,0.004434599999999955,0.01979900000000064,0.008080969696975453,1.0002797124483682,0.00033004088634235637,-0.002834377794877665,3.0489978430567173,0.0011165816640672853,3.276193730962531,3.2507714286081164,3.1722786208387252,2.9606227172425035,2.0094693514943827,2.0524377116162924,5.201575545454545,29.2806693518519,16.451301481481565,10.357861862745112,31.70412697241834,34.906715,4.585090849999999,0.10623296927122046,0.017703837,0.017417014,-0.00020170799999999836,-0.1639444935869289,0.008080969696975453,4.8396524919103154e-05,-5.133286959032352,-2.573081724210872,0.0006183419075553047,0.0027788860389659133,0.0018493314972292119,-0.0016484048120126715,0.00320320320320322,1.0098998938506216,-4.144978844170248,-0.22297564587168667,-6.841630310457132,-0.0011094319548872159,0.5776241781346445
b2c33,train,520.0,1.0797886,1.0808975,1.08309333,0.0015437649717816538,1.0024459579442753,0.005031399999999797,0.0205014385964915,0.010107696969701213,0.9998328161003837,0.00032041156633222124,0.001368478207361104,3.0513127201251287,0.00155369239893308,3.294522227373735,3.2516584247765854,3.17142912376073,2.9697562903449017,2.0371001827431128,2.0625354411364727,5.200723272727272,28.973886833333275,16.30095745098043,9.513189736842111,32.84890284127646,36.866623,5.48741615,0.23820560770079224,0.017686367,0.017406421,-0.00010346599999999997,-0.11967875571288732,0.010107696969701213,0.00014343232280151464,-4.835912743481238,-3.6615243946959515,0.0025806502088826164,0.0046071952757364715,0.0019620706530103504,-0.000905354093234223,0.00320320320320322,0.9722042962474317,-6.298409273183871,-0.012337358130034374,-7.324558479531864,-0.0008188510526316036,1.7905240816452057
b2c35,train,463.0,1.0690631,1.0698155,1.0724819824999998,0.001493932278859665,1.0026763926204951,0.0048624000000001555,0.020090649122807634,0.013748757575763588,1.0000868314504412,0.0003815103113487489,0.0015661182676674123,3.039455522554366,0.0009526193111069922,3.2499538230660527,3.251003728749236,3.166559688754296,2.941226218729963,2.056879559704857,2.1121444310852535,5.2118674545454535,28.331116176470523,16.618595392156795,9.688585526315768,33.58263571921935,38.75346,7.7213163499999995,0.14882960038973134,0.017458085,0.016969517,-0.00032168100000000074,-0.12451415302967117,0.013748757575763588,0.0003582074116367678,-5.042191166735461,-2.340972361085158,-0.00016990122820152465,0.003013969537837674,0.001357021160288685,-0.0019361434665379207,0.001601601601601832,0.9963680838157272,-1.7552182308248165,0.7065772917777139,-2.646047953215943,-0.0023940075939849863,0.7057066108612493
b2c37,train,478.0,1.0761782,1.0759928,1.078515825,0.0013829838635627993,1.0028546272130976,0.003988300000000056,0.01987545614034978,0.013290848484855627,1.000228077630141,5.342538456327145e-05,-0.00020098706696424575,3.046052617208009,0.0009597286252883441,3.2752636868400113,3.246426725305575,3.1682831012506383,2.9590316890959367,1.9870480336909804,2.0759967457469433,5.60295109090909,29.57531491666662,16.685977291666603,10.629206999999964,31.91628745672974,35.215485,5.19173105,0.09818414756089901,0.018163333,0.01798249,-0.00014800800000000155,-0.09032515111308861,0.013290848484855627,3.9765827114025236e-05,-6.005809067236165,-2.438702371578872,-0.00025724737860946333,0.0010207412446048515,-0.0003454747308540007,-0.002930547575703102,-0.001601601601601832,1.0031663874178693,-3.442838721805143,-0.640134204681429,-5.608073684210818,-0.0008944051127819691,0.6342613817608903
b2c39,train,459.0,1.0793217,1.0801287,1.0837223049999998,0.001926920309580796,1.0032521607277118,0.006373799999999985,0.025119456140350195,0.011724303030305612,1.0002581841874143,0.00024723826287832636,0.00020399528633872397,3.0423126620959935,0.0013421025666447452,3.285908474229945,3.246846751866793,3.1653913174933486,2.947971814300834,2.0099790973940883,2.1196127525528934,5.605430636363637,29.37587308333334,16.282549999999976,10.070871666666644,32.058922958439396,35.786804,5.8177753999999995,0.09717522467930989,0.018061638,0.017892255,-8.447400000000105e-05,-0.20557091257552215,0.011724303030305612,8.530563184362147e-05,-5.988577062698723,-2.5947176979756557,-0.00035717036110872866,0.0010692077714864283,-0.0005540094570366527,-0.002535197013970869,-0.001601601601601832,0.9845379893291414,-6.091503383458932,-0.2832279095134053,-8.702511528822974,-0.0007984281203008014,0.6190126435117669
b2c41,train,429.0,1.0704525,1.0699699,1.0731351249999999,0.0016863468008908953,1.003305789443913,0.004592099999999988,0.022445385964910646,0.012438424242428702,1.0002170262970143,8.492699068703876e-05,-0.000957086387001973,3.0465717509756,0.0017390320650311013,3.258903170710486,3.2524681411454033,3.171835122810803,2.9549557026011817,2.0335288603335155,2.1693925006304293,5.678818454545453,28.74260825000001,16.226258333333327,10.012491083333286,32.841083896683024,37.611862,6.46304825,0.2603126881512385,0.017922211,0.017491397,-0.0003246769999999989,-0.10950457024918721,0.012438424242428702,0.0001515844119674118,-4.197572723526527,-3.0078373321805976,0.0034427617150479366,0.008673438380526751,0.005889304254865557,-0.0016024838362675986,0.011211211211211047,1.0145221229805979,-6.342368796991719,-0.44732668977490614,-8.716627443609644,-0.0014630795488721608,1.6289739683780173
b2c43,train,462.0,1.0753698,1.0751036,1.0782251349999998,0.0016287306024247686,1.0032281352464538,0.004517799999999905,0.021924105263156433,0.012435696969704603,1.000153130816458,3.791878916569295e-05,-0.00019129699554201325,3.0423618758413484,0.000981007003255963,3.2700942570980027,3.2473071306918806,3.1640746892536686,2.9436730745079687,2.0295574627089428,2.097571161457613,6.01842009090909,28.940030749999966,16.22103379629629,10.034317450980367,32.91548193755622,37.676079,6.9279375000000005,0.15727821250259902,0.018153407,0.017937675,-6.493899999999997e-05,-0.12690490933220128,0.012435696969704603,0.00013650625489055603,-5.265531386066537,-2.287050740460095,-0.00047659109262167477,0.0023743596160488594,-0.0005502341981276082,-0.0024788670166611126,0.004804804804804608,0.9595832702305861,-7.172766290726442,-0.3589865147932395,-10.320582594561783,-0.00039684939849628394,1.1332271076597151
b2c45,train,487.0,1.0717604,1.0714923,1.074007215,0.001237541616785067,1.0024637854404015,0.0034887999999999586,0.016385596491228553,0.008663878787885312,1.0001207923598732,4.893588099512573e-05,-0.0005298362460109696,3.048246144296968,0.0012469844305487076,3.2641628513660152,3.252639075136597,3.171054367127568,2.9537578829975115,2.0125699046860537,2.052556234106497,6.022227909090908,29.070227083333457,16.66843245098042,10.325017916666754,32.645096824358625,37.140881,6.761548449999999,0.1479621688173886,0.017201968,0.016934354,-0.00015875699999999895,-0.10789407341894258,0.008663878787885312,0.0001581669864031951,-5.083499208282257,-2.089516720313619,-0.0016215266433041507,0.0032957544904277836,-0.0012535857460953537,-0.0008770974196141701,0.001601601601601832,0.9751964435379946,-5.138294862155692,-0.9805927680591443,-7.068193358394986,-0.000999360601503769,0.48377544415005463
b1c0,test,1852.0,1.0719005,1.0716741,1.0743764100000002,0.0015562427984251164,1.0034408086828135,0.0046464000000001615,0.021384833333332465,0.032456060606064076,1.0003549608506526,0.0007365401091909248,0.005459046145490621,3.0484908264243047,0.0008029369887787263,3.2631506095537572,3.2536419529815515,3.1717187060637633,2.9607118518263134,1.8041122529517666,1.508277350299816,4.0020288181818175,31.41890705882354,16.551735119047628,9.215674117647039,31.674863125636286,35.728691,6.00038595,0.3577246995448041,0.016724309,0.016564831,-5.905700000000125e-05,-0.006861160253613393,0.032456060606064076,0.0006793860583622276,-5.712977490610612,-4.591808771520873,0.00144730299471604,0.0020048146465605566,0.0009783171824042647,0.0013811863366623989,0.001601601601601832,0.9980196017474326,-6.083370328282997,-0.7444082459045807,-7.927686796537114,-0.00039256124060154713,-2.6323423103835655
b1c2,test,2237.0,1.0813154,1.0811372,1.084314815,0.0018462224958750158,1.0030705928662378,0.006738099999999969,0.02280626315789381,-0.015191030303024072,1.0008323371005314,0.0012465225098033555,0.0037502173428444934,3.0478501490884264,0.0019420100819324542,3.2933059703904997,3.2517147158880637,3.171622998364153,2.960382584201208,1.7963308045598008,1.4679166248900954,4.001519909090909,32.105193240740704,16.749668000000018,9.230338508771927,31.694345296374912,35.098438,4.890049749999998,0.23059500029203078,0.016831938,0.016659031,-1.6580000000016026e-06,-0.23365170278638528,-0.015191030303024072,0.0005946154034535604,-5.814987391220007,-2.1826371608843886,-1.4290330938820261e-05,0.001232807769163782,0.00030913584610914313,-0.0035844960701010287,-0.001601601601601832,1.0297325156505845,-5.934801754386366,0.2884864130437891,-7.938763742690149,-0.00029614236842103863,-3.4901709690959253
b1c4,test,1709.0,1.0790124,1.0789363,1.0813761849999999,0.0011523105309418206,1.0025838469878026,0.0038290999999999187,0.015239327485381458,0.0159884444444479,1.0000622414236289,0.0001324500562968739,0.0003752642782550512,3.04421308849767,0.0004915166569453046,3.2818867320147036,3.2509897955610927,3.1679909422157486,2.9526807465128075,1.905878502179042,1.7019083792031722,4.002097727272727,30.841351842105222,16.46939447916668,9.59648640350874,31.52005906153736,34.642597,4.7280315,0.17971538534317144,0.016740341,0.016616168,-4.693499999999795e-05,-0.09042083149053637,0.0159884444444479,0.00018506979708372143,-6.472615770973877,-3.3502283503712924,0.0002549578198185145,0.000625688500857343,0.00047877035090726494,-0.0001280274909709611,0.0,1.0088790615377619,-2.2881097961350303,0.175822717141197,-3.964266428382933,-0.000218064323308294,-2.4369692617677328
b1c6,test,636.0,1.0772603,1.0768375,1.0803813500000001,0.0015223367357782753,1.0028134139944258,0.004493199999999975,0.01646068421052576,0.0033430303030379414,1.0005879869835925,0.00015626009149790333,0.0011322020141476463,3.044736202527477,0.001246549069562384,3.2756005775046595,3.2475917806343406,3.1652568660542397,2.948487444969384,2.0127670076839848,1.9686342296026216,4.801099909090909,28.508251491228048,16.439068235294116,9.441163245614007,32.3875244341127,36.0327,5.8440002,0.16939243815310226,0.016977131,0.016637038,-0.00027477700000000035,-0.21071686569366369,0.0033430303030379414,0.00021802700663963814,-5.140152235936439,-2.054942137434139,-0.0019988979644081153,0.003349653995114199,-0.0020145619620461908,-0.0018213863059792779,-0.0016016016016013879,0.9818002986841899,-7.993503269791268,-0.4562356875331989,-11.288820969024107,-0.001723808796992489,-2.672739018257046
b1c9,test,1054.0,1.0836858,1.0831084,1.0862942100000001,0.0013752817823631622,1.0030305380805307,0.003932899999999906,0.019710666666665926,0.0064758181818213925,1.000363946675602,0.00019088107261398983,-0.0024393104208062974,3.051588152414106,0.0009210809899879319,3.305421809966409,3.2526709762212658,3.1737073224858663,2.9670790790790793,1.9511429528460227,1.9091908326784384,5.404815636363636,30.323556500000013,16.83829403508773,9.68333775000001,32.58262140323115,35.989418,5.441736699999999,0.053671635325040185,0.01692898,0.016774435,-0.0001502719999999999,-0.1660813799204146,0.0064758181818213925,5.057422735670622e-05,-5.246907259386911,-2.1026542676777353,-0.0009889395966247321,0.002574092093985042,-0.0018044010009217182,-0.0002305859437039537,-0.001601601601601832,0.9861204179644386,-4.101078446115347,-0.7009155186061926,-6.5164898496241666,-0.0009661624060150277,-0.5567113836168662
b1c14,test,880.0,1.0721085,1.0714432,1.074518535,0.0012712275411093956,1.002755009988508,0.003619299999999992,0.014171859649122038,0.003306303030308122,1.0007922083069194,0.00017176148880453367,0.0016582933658225636,3.0440785538217225,0.000654529338809732,3.2595634378855585,3.2483948405680296,3.1666128668925686,2.955313432332066,1.9535456730201772,1.9797287364775378,5.408182999999999,28.821824259259245,16.650955877192963,9.307054561403499,33.10618533863923,36.630051,6.345722299999999,0.2010806792458812,0.017082188,0.016895432,-0.00016518300000000277,-0.17848651039369376,0.003306303030308122,0.0003051297127849969,-5.914109275448911,-2.4694232059606325,-0.0008832774676345707,0.0014098415946867716,-0.0006271236916752798,0.00032618654948368686,0.0,0.9975298365488273,-7.790480161442939,-0.8855765761949846,-9.12351081871338,-0.0010700971679198513,-1.730352731042682
b1c16,test,862.0,1.0823848,1.0817721,1.0849907174999998,0.0012847143776463297,1.0023077310050181,0.0037959999999999106,0.012318254385963408,0.0020183939393960348,1.000454331226126,0.0006233254258899583,0.00023825253409981995,3.043107499180156,0.00070889275102017,3.2904646204110923,3.249366306624185,3.1672476878606353,2.9463200885599172,1.9993393387743996,2.020117418672215,5.406168181818182,28.827355087719297,16.556181764705894,9.442973421052637,32.331860522176655,35.669975,5.760164949999999,0.08366135329280366,0.016791083,0.016634991,-0.0001086370000000017,-0.17941500810858252,0.0020183939393960348,0.0003971326485218476,-5.829868110124848,-2.4392393813844473,-0.001293461127903697,0.001772323270484784,-0.0004368300540740222,-0.0011898364486104818,0.0,0.9923612691054325,-6.388582340481403,-0.5189931397002077,-7.904433981995821,-0.0006959056015038433,-0.9038372878096409
b1c18,test,691.0,1.0667928,1.0666904,1.0690766950000001,0.0011665009517677501,1.002510835302189,0.0033529999999999394,0.01571764912280664,0.004434969696972285,0.8841563843742852,0.09324785610619817,-1.5935449394954548,3.0348432057033343,0.0006964103676246579,3.2332620170226702,3.247711421007388,3.160748120478811,2.931527397663833,1.7739749496932586,2.099527731488324,5.405356636363636,33.64989650000001,16.433617708333344,9.368401491228084,31.331718090340843,35.258629,5.318742449999999,0.03460191597955836,0.019886132,0.019886132,0.0,-0.13178003833117807,0.004434969696972285,6.98812079478208e-05,-6.080223191291618,-2.7135163330608987,-0.000188127626413916,0.0009251524689620262,-0.0004616740159306687,-0.00033897427031970295,-0.001601601601601832,0.9916784523420756,-7.393766917290807,-1.3292274509800763,-9.172900057920025,-4.169354964234056e-17,-0.02163158051495913
b1c20,test,534.0,1.0737344,1.0729818,1.0742744749999997,0.001613919944382318,0.9997203301202785,0.0019898000000000415,-0.007069000000000286,0.019481151515156902,1.000621973053978,0.001664750013723696,0.0013943521533122474,3.0485331152198882,0.001143806325741605,3.264497089775719,3.2531341228768613,3.1730841246494434,2.9593547648350644,2.1504641214151055,2.291168016967071,5.405311545454545,27.173630916666646,16.770870000000023,9.81853307017541,32.29777681572349,35.33913,4.8251339,0.15755255176827204,0.015663207,0.015307023,-0.00024391600000000027,0.014235367831379481,0.019481151515156902,0.001766571866583991,-5.579103214019063,-2.2159295798538636,-0.001957987186056016,0.0025410220439964276,0.0005986681386258574,-0.0018446229563031658,0.0,1.0257347365350413,-7.377225187970179,-1.2055130927098783,-9.0032707379138,-0.0017613761278195664,-2.513125303981875
b1c23,test,1014.0,1.0805521,1.0807295,1.082417195,0.000776808720004474,1.0015655069110083,0.002474799999999888,0.010325456140347288,0.0016180606060675184,1.000062907866576,0.00020007127507868272,-0.000151414920213639,3.045700925515445,0.0005690847371683742,3.285955166804372,3.248165937862606,3.1670337711004057,2.95607349586883,1.9573073674192187,1.9143281402623245,6.006518272727273,30.124102583333354,16.485307129629643,9.437497500000026,31.87019781192103,34.677021,4.769101700000001,0.03042605496380894,0.016908232,0.016761277,-0.00010421199999999936,-0.11932618310481216,0.0016180606060675184,1.972072252656269e-05,-5.882112593642523,-2.4540138923447326,-0.0009555269132406466,0.0014878136876022745,-0.0007322527868223183,-0.001094776072947834,-0.0016016016016013879,0.9956341865729945,-7.914160025062354,-0.9594767126148164,-9.468071428571255,-0.000750643533834643,-0.29534014305944245
b1c25,test,854.0,1.0763277,1.0758336,1.07821221,0.0010852302566275792,1.0022814537887188,0.0029156999999999655,0.01471475438596479,0.005074181818188023,1.0004787889808424,4.4324312122276644e-05,0.0004332492592361028,3.056438300843653,0.0006231674863282174,3.2837156838885435,3.2549991259201914,3.1755599477082215,2.974081912750911,1.9871324222372948,1.922042093636763,6.056303545454545,29.445367807017533,16.307102916666672,8.228088421052624,33.78572032555028,37.751759,7.112109650000001,0.043490783844009034,0.016663048,0.016515255,-9.988599999999695e-05,-0.11314101430050977,0.005074181818188023,3.207824298068717e-05,-5.986425411410759,-2.514533389770675,-0.0006462175684127942,0.0011993021551126863,-0.0006602258253001203,-0.0005594301264539858,0.0,0.9998962821501082,-4.54753099415256,-0.7188651482874852,-5.978882748538076,-0.000694379248120285,-0.30805050416198865
b1c27,test,842.0,1.0801724,1.0805603,1.0819791225000002,0.0009847364528739484,1.0018752523230374,0.0025701000000000196,0.011847245614033991,0.00250790909091391,0.9998395406364182,0.0001301649144306198,0.001436864674544782,3.053146699524231,0.0007935341793227687,3.2933415399331323,3.2553121921871258,3.174464756026286,2.9706704444493326,1.9951958533435565,2.036896937077251,6.0073159090909085,29.54482675000001,16.805278214285703,9.51668091666668,33.80046844333877,37.267387,6.39884595,0.05543576300851211,0.016134517,0.016013091,-7.30209999999995e-05,-0.12436163939258098,0.00250790909091391,5.67798768771207e-05,-5.587623110106448,-2.3134015599227125,-0.001517116035154686,0.002207616059249267,-0.0010920966295904222,-0.00144764690138377,0.0,0.9959445445107253,-5.828485588972259,0.19089954648462654,-7.130418421052365,-0.0005796480451127881,-0.3617710418025605
b1c29,test,917.0,1.0806577,1.0807935,1.08248476,0.0009747439953136358,1.0017602079436956,0.00259469999999995,0.011111508771927662,0.0029075151515173658,1.0000333471641842,8.548488848589001e-05,0.0014054608861145295,3.0519058495602005,0.0008096677138184678,3.2936117656977126,3.252844910833687,3.172537985286989,2.966997744155639,2.0087013815800283,2.067611638051277,6.002741727272727,29.33997701754385,16.489957719298225,8.764676862745093,32.59883481314325,35.192364,4.7000088,0.05078126193274889,0.016580919,0.016459392,-7.065000000000196e-05,-0.11724531918036774,0.0029075151515173658,2.518220415411473e-05,-5.588107521989896,-2.3202847705661087,-0.001618377442214296,0.0022777609361154722,-0.0011393389630538486,-0.0013621354879669312,-0.001601601601601832,0.9947594398165143,-5.169517220836896,0.13027901533468,-4.025799352134344,-0.0005672421052631806,-0.3543328473583276
b1c31,test,876.0,1.0959352,1.0959183,1.097746995,0.0009435368304814708,1.0013902267071606,0.002398200000000017,0.008958912280702502,-0.00036484848484394,1.0001652618675458,9.839703842429403e-05,0.0010234311087297372,3.0525662902250033,0.0007594807970132137,3.341424115982843,3.251194553361363,3.171056480801551,2.968258282982472,2.068003828166613,2.1357105052292025,6.004503454545453,28.911465583333364,16.496930392156855,8.604131750000004,30.32677707909653,30.698086,0.5613207000000001,0.06223941116929962,0.016916323,0.016803795,-7.492499999999999e-05,-0.13468081969634432,-0.00036484848484394,3.1912577552771154e-05,-5.610995240059081,-2.3237295362662347,-0.0016713522377209173,0.0022869344757971213,-0.0008555382051973481,-0.0016639148706998341,-0.0016016016016013879,0.9949761004421638,-6.368685087719059,-0.4633982837700164,-7.838821177944693,-0.0005604873684210917,-0.47372860455500476
b1c33,test,757.0,1.0938309,1.0937302,1.0958425049999998,0.0010433668566113218,1.0017268160871435,0.002693900000000138,0.010769333333337216,0.0013184848484850988,1.0002782353421866,0.00010982092475386462,0.0015826174729136528,3.048939259274009,0.0010522409129405971,3.331145945978901,3.2506330871668423,3.1703974018082213,2.9588673083730117,2.0128185370100065,2.190543105786701,6.004534636363636,29.665286666666624,16.59169729166665,9.558391083333316,33.50615107189219,37.359303,6.93701595,0.04222211887323418,0.016547715,0.01643474,-7.026099999999855e-05,-0.13985242518060725,0.0013184848484850988,3.174293946783424e-05,-5.5521080029237915,-2.27527051810966,-0.0017686111377829548,0.002433089943565674,-0.0006320063419402722,-0.0023584053245175873,-0.001601601601601832,0.9947327157116764,-3.804379197995782,0.12543461457649682,-5.2884991228070195,-0.000539450225563964,-0.16610606483956164
b1c35,test,703.0,1.0719526,1.0723011,1.0738695425000002,0.0010048939681970108,1.0018003677176253,0.0028055000000000163,0.01175707017543688,0.00490833333333461,0.9999651930452762,0.00024705364341917857,0.001207992570771269,3.0488966927258287,0.0008279774537923438,3.2623584226524565,3.248848922328061,3.1688308568446466,2.959116826713651,2.014874713222236,2.0795703672684316,7.001876818181818,29.18679885416667,16.355009479166675,9.359386041666681,31.956565999081544,34.631603,4.746536599999999,0.03438144943940093,0.017019259,0.016877595,-0.00010320499999999858,-0.10588869231906957,0.00490833333333461,1.8793906813989012e-05,-5.631072832264257,-2.3594194503200754,-0.0014079478020612441,0.0020756766634072747,-0.0008541773503449868,-0.001413157321405123,0.0,0.9958680996433388,-7.541228962536521,-1.0110909152543273,-9.287305187319316,-0.0007531870676691545,-0.28411278158114955
b1c37,test,648.0,1.076063,1.0761684,1.077926815,0.0010081092174338121,1.00184886662414,0.0026044999999998986,0.011447105263159497,0.0025155757575782375,1.0000216875178467,0.00020549056329709984,0.0012230548434970414,3.0519367763070226,0.0008373971809150256,3.2797590202384264,3.252075477952997,3.172959744033331,2.9695721880040447,1.9598111040538462,2.1186327686789523,7.003638545454545,29.95576066666671,16.72647156250001,9.474988000000009,32.825576805635286,35.732178,5.426827449999998,0.05154635269168178,0.016576257,0.016451977,-9.321449999999745e-05,-0.1303356184579721,0.0025155757575782375,1.8518637949770323e-05,-5.563610431785776,-2.3089921272088665,-0.0014425412272585164,0.002190805919691241,-0.00100767720351147,-0.0019806442384266987,-0.001601601601601832,0.998382894431284,-6.803081704260656,-0.5856683467737435,-8.621491729322988,-0.000692830187969975,-0.4380733429632469
b1c39,test,625.0,1.083198,1.083428,1.0852148849999999,0.0010929034766506203,1.0019608474499804,0.0029238999999998683,0.0122261578947367,0.0036904242424292094,0.9998689548531011,7.570381824618872e-05,0.00108047200221032,3.051366527106601,0.001383379544449002,3.3019001297894968,3.252823246597076,3.1726655897925284,2.962277112505971,2.0253195582701418,2.2253033690096333,7.017732090909091,29.197888833333355,16.831166083333336,9.558369916666686,33.37628423333069,36.981689,6.530375950000002,0.0457552408547615,0.016682221,0.01657653,-9.819499999999884e-05,-0.12994847412654636,0.0036904242424292094,3.49271806980682e-05,-5.152197346622929,-2.082495769246971,-0.002464155192092221,0.0036192204024052053,-0.0020154741154088107,-0.0030641239632780426,0.001601601601601832,0.9895741910696044,-5.867317794485997,-0.394190601503814,-7.607126942355811,-0.0006068018045113144,-0.09710517020316829
b1c41,test,1051.0,1.0802841,1.0806239,1.08238747,0.0010860753284648304,1.0019111040603563,0.002875799999999984,0.011592982456143574,0.0016626060606104655,0.9998055248070659,8.990048109964766e-05,0.0014606904324021815,3.047567187730828,0.0004504373395761506,3.2884784547865897,3.25137183919652,3.1700197809043256,2.9598820200938794,1.9202715775267367,1.8832674608944096,8.019211545454544,30.710657250000065,16.513380490196077,9.391690333333353,32.99884739498065,36.637524,6.295591449999999,0.06347374396342252,0.016819723,0.016646527,-8.696499999999788e-05,-0.14474996314320304,0.0016626060606104655,2.4579269659014105e-05,-6.432188876129794,-2.6983655248495064,-0.0005449912376277552,0.0008101377394909365,9.253672904430132e-05,-0.0007209695682139916,0.0,0.9977543762670017,-7.781433709271983,-0.5124562908496411,-9.24855488721784,-0.0006223966917293537,-0.33132737365437825
b1c43,test,651.0,1.0693892,1.0696825,1.071088435,0.0008737969044777847,1.0013706082970255,0.0022818000000000005,0.008470122807016148,-0.0003413939393901353,0.999990409280664,0.00011111034086267471,0.0016383942812183883,3.0459031243057835,0.0014363844162305827,3.2532256596279567,3.2501319675908382,3.1689570589051708,2.959138082012333,1.9878362182940983,2.1205858483744793,8.01871909090909,29.33953966666666,16.795593529411736,9.67502191666667,33.24852122192577,36.48584,6.1645357500000015,0.07305358041680514,0.01610712,0.015963934,-7.312200000000185e-05,-0.12616887807755367,-0.0003413939393901353,3.450664424386266e-05,-5.259682427059743,-2.147678587405732,-0.0022441280068555896,0.0032434626167556304,-0.0015370171004307487,-0.0033311875965580384,-0.00320320320320322,0.9819431402822174,-5.897689724310598,0.036957516338995376,-7.129471052631186,-0.0004200084210526302,-1.0780153076330983
b1c45,test,599.0,1.0852593,1.0853274,1.0871560099999997,0.0010057041433244767,1.0016695122622734,0.0025804000000000382,0.01074915789473484,0.0017599393939443137,1.000083276475784,8.189764906287916e-05,0.0012927591909519477,3.0431879838265146,0.0016644506958098289,3.298239482129933,3.2490621704391986,3.166030824778864,2.9438867161564386,2.0495811515228004,2.30771750908744,8.011630636363636,28.89411174999999,16.41120453703705,9.112543666666678,32.78647003033879,36.154572,6.249608599999999,0.03767966059630754,0.016654616,0.016537862,-5.1842999999999334e-05,-0.1323616393926907,0.0017599393939443137,2.7128731945486997e-05,-5.269084753539968,-2.155747197888199,-0.0025233187689609623,0.0034254070479926416,-0.0014057247613505908,-0.0041733835743205105,-0.00640640640640644,0.9954740240769333,-8.108652255639424,-0.6104011795020892,-9.868669674185224,-0.00045560834586468995,-0.15269236239375147
b2c3,test,335.0,1.0676271,1.0668869,1.06827796,0.0004374972118768477,0.9998753991486701,0.00128269999999997,-0.0008510175438590231,-0.005134787878783583,1.000720783162702,5.674300013662092e-05,0.0005533301749960532,3.0423044378910276,0.002096753522961942,3.2392655904659633,3.2517320717314186,3.165894968229764,2.9443699589930032,2.0720105778806226,2.2264033577561877,5.815304818181818,28.074827083333382,16.423171888888934,10.459313500000075,33.34694288021432,38.713631,8.002323149999999,0.24759119913761019,0.016992988,0.016120642,-0.00047054300000000035,-0.05832360312554541,-0.005134787878783583,0.0001920282989246305,-4.860482312231593,-2.6076233936531787,0.00042970290592438684,0.003734887837376207,0.0009934867736203223,-0.004685236606678078,0.00320320320320322,0.9488176688620797,-8.477868796990172,-1.5212465340561412,-9.922649373431273,-0.0031787584210526817,1.4569899976891527
b2c5,test,480.0,1.0691153,1.0693797,1.071290735,0.0009974436341343015,1.002336637065276,0.0032723000000001168,0.015262017543862957,0.009722606060612649,1.00040067044667,0.00021705622194712724,0.0018340917243363677,3.0484494025735445,0.0009253646996897832,3.2565546017066724,3.252346161024859,3.173025152126991,2.9640610878386653,1.9952496292553132,2.05672222420993,4.8943996363636355,29.240815249999905,17.07453175438596,10.706192719298206,32.046202274964635,35.726059,5.621244250000002,0.13326286611061922,0.01708005,0.016743399,-0.00029323799999999775,-0.08899108064283902,0.009722606060612649,0.00010235070735940526,-5.767740118855923,-2.609718147975697,0.00018389700580655698,0.0013149998542619492,0.0006385658487930712,-0.001601054831965154,-0.001601601601601832,1.0228688969717792,-4.165926691731313,-0.29090591875197674,-5.978474670434415,-0.0017984464661654025,0.5704216183819527
b2c10,test,561.0,1.0705529,1.0694784,1.07284785,0.0012169754831137802,1.0021263006139618,0.003388900000000028,0.014297701754384676,0.0064650909090943265,1.0007975970746226,0.00012009032711508118,-0.0018076360923059628,3.044844155527446,0.0008371884538282567,3.256449154764578,3.2463509119113096,3.1652374140962416,2.9531914588653447,2.047631579914355,2.077432053855243,5.011482272727273,28.46112640350879,16.23735026315794,10.160657999999966,33.08045208896773,38.600601,8.197457499999999,0.13970341201320555,0.01822805,0.017803045,-0.00034225400000000017,-0.12378851540620785,0.0064650909090943265,7.0029401098281e-05,-6.054632868951692,-2.4746424008977144,-0.0004585795987219399,0.0010398160593927156,-0.0007100664068078189,-0.002368667575014083,-0.0016016016016013879,0.9850701854630747,-4.01381695906611,-0.670423763075185,-7.759683959901957,-0.00207843969924809,0.9968059568212787
b2c12,test,458.0,1.0720812,1.0719491,1.07373097,0.0007523507234661191,1.0010662824073189,0.002165399999999984,0.005398087719298874,-0.0038816363636329375,1.00015815351257,0.00011052989084499964,-0.0010077732341399338,3.0455677791013356,0.0011168705844928346,3.259233845384177,3.2511257229567523,3.168223337091327,2.947408803458524,2.0498612243895624,2.095253584703108,5.533644909090909,28.557568596491276,16.15575977777781,10.563383684210578,33.45297117725119,38.130764,7.391485749999999,0.11311738584839837,0.017068474,0.016390122,-0.0005187409999999996,-0.1334000442282423,-0.0038816363636329375,7.60085909020233e-05,-5.03229008257723,-2.2213060367384228,-0.0010947145930513215,0.0032345923363605892,0.0017390835802348903,-0.0029434856157788403,0.0016016016016013879,1.0044094142121294,-5.380862019657404,-0.7881681015081499,-7.584849299969331,-0.0037243691729323893,0.5320312728146732
b2c14,test,485.0,1.0795292,1.0792805,1.08162476,0.0009304950657579924,1.0020519317289072,0.0030070999999998183,0.013783438596490961,0.006136727272732574,1.0002937748835223,0.0004070216268598895,-0.0034724944191179756,3.0500808419862415,0.0007402482531508979,3.291706894931813,3.2527469702182152,3.1738625120335855,2.9646346732512083,1.976519065746351,2.0386933157758307,4.850985818181818,29.821439083333455,17.123602222222218,10.679243750000037,32.790400991852565,37.052044,6.53335485,0.07162383088338271,0.01713492,0.01693619,-0.0001025870000000012,-0.10311602535752591,0.006136727272732574,8.155795953574623e-05,-5.33772954835233,-2.3089499453767877,-0.0010685612267199076,0.0023920867195368575,-0.00012852000209617742,-0.0015694706981261852,0.0016016016016013879,0.9843764456792452,-2.0667191729337495,0.1204537323707194,-4.103616165414531,-0.0008601445864661355,0.44849973226632006
b2c18,test,487.0,1.0648464,1.0647209,1.0665158274999997,0.0009296098452408512,1.0016063072052206,0.002763000000000071,0.010619438596490212,0.004747060606064464,1.0000187003319085,0.00012425467371437974,-0.0001531690696954641,3.043618019003308,0.0014457231929171299,3.2351791432537365,3.2514623090030472,3.167795676311584,2.957062690417327,2.061074669780518,2.0754741994295096,5.502322818181818,28.10634629629628,16.542725490196126,10.80536616666673,32.74331550242673,37.902058,7.0420063499999985,0.3494789855908749,0.017950749,0.017018802,-0.00042149600000000037,-0.06058631873806884,0.004747060606064464,0.0002585170468208667,-4.380776837166961,-3.8608443391210514,0.0057498354865228975,0.008638370439535957,0.0036495661361226617,-0.0004673388944849144,0.004804804804804608,0.9565566856820975,-8.30051406311127,-0.4590608295511901,-10.712594235587755,-0.0024610905263158026,1.8046994482751237
b2c20,test,502.0,1.0847358,1.0842696,1.087312865,0.0012081175382697483,1.0026642970927035,0.004132299999999978,0.018885122807019178,0.015441757575759952,1.0002926944474462,7.034915235467423e-05,-0.0007872697003376926,3.0529482658106426,0.0012255833186080773,3.3102914485746218,3.2531586924607607,3.171771884776691,2.9667625330403897,2.0300993787966526,2.0314331766043097,4.868575909090909,29.203259259259273,16.578574749999955,9.604180833333315,32.654463993897664,36.993279,6.018722200000001,0.1812310714768661,0.017566796,0.017378103,-0.00015517299999999803,-0.07193498452023035,0.015441757575759952,0.00017403751765502032,-5.074442310608814,-1.9104603691380058,-0.00014161175882702537,0.0029028265653471847,-0.002945184093041675,-0.0013256548431272996,0.0,0.937872735031665,-6.715835566961186,-0.2385993734337786,-8.740685463660293,-0.0006946691729323782,0.9591156336419526
b2c22,test,513.0,1.0813317,1.0811466,1.083738995,0.0010757474324742963,1.0022920030556346,0.0035951000000000732,0.016205964912283176,0.009390000000004634,1.0001273093114453,6.675563323687313e-05,-0.00013355640029989515,3.0485210006189862,0.0007577351099461153,3.2958508362893313,3.2516185356969154,3.1727164931010985,2.9618001659616864,1.9686431617102962,2.03119560094051,5.000683181818181,30.029824555555585,17.170064166666634,10.767337395833344,31.973823718449346,35.156639,4.875654549999999,0.10491126644573447,0.017196052,0.016941199,-0.00022690200000000105,-0.10527996461741937,0.009390000000004634,9.858395609837972e-05,-5.69911999602899,-2.176930537598132,6.99536701900314e-05,0.0014114579655746776,-1.4042751913745377e-05,-0.002063323142611484,-0.001601601601601832,1.0114770827831117,0.0007477106214763505,-0.18890784473416158,-2.462772263073818,-0.0014459185714286366,0.24924431945123648
b2c24,test,495.0,1.0691004,1.068884,1.0711364199999998,0.001090583814569071,1.0024064481591792,0.003229700000000113,0.013652508771928189,0.011768727272735893,1.0002269824017165,2.8765352347654942e-05,9.056555244544147e-06,3.0539048953655223,0.0016986356857727136,3.2609220199697075,3.2536654525776463,3.1788361905719937,2.971151316704294,2.0305879832961264,2.0533086195560086,4.813376363636364,28.61921574074078,16.609891145833306,10.005205208333322,30.173709560258782,32.30983,3.6103426499999998,0.2344288147298132,0.017183732,0.016840158,-0.0003399139999999967,-0.059616320212338925,0.011768727272735893,0.00015929747381436386,-4.342014282948118,-2.490688216626623,0.003386626677417098,0.007543942114761815,0.005533958650648874,-0.0028740010656433945,0.0,1.0859106728797001,0.9452404540748603,-0.5387206028679298,2.9127055896982244,-0.002470342932330831,0.7555039004465448
b2c26,test,471.0,1.0789365,1.0786452,1.081128265,0.0013803429882732006,1.0023234688318172,0.0034399000000000513,0.015595087719298512,0.005015818181822623,1.000125825916499,5.03263366914123e-05,-0.000363271540165367,3.0412197707482806,0.0016217151777937178,3.277600045587118,3.248181782629304,3.165941319212874,2.943584774889651,2.0077970711241866,2.0376167443235134,4.801723272727273,29.34151583333326,16.342202352941154,10.197251083333345,31.579561148640842,35.477097,5.211945000000001,0.1902328411585447,0.017986499,0.017422348,-0.0004351289999999994,-0.12486200796109266,0.005015818181822623,0.00016874327267400412,-4.56075630494117,-2.4083382667606332,0.0009134169681108233,0.005318948323750472,0.003397415854082375,-0.0012157135712200784,0.004804804804804608,1.0071411960391916,-6.579815037595672,-0.4452558511058228,-8.937237969924192,-0.00249777834586471,0.8195134238135398
b2c28,test,509.0,1.0732845,1.0731071,1.0756860599999998,0.0014337363451485726,1.002642903619471,0.0040549000000000834,0.018875000000000745,0.011006545454551077,1.0014918860405833,0.0013163617198292852,-0.001961284145892873,3.0487462920238277,0.002338463301817099,3.2686402321831545,3.253580901815023,3.1742661994799684,2.963636030551099,2.058230041259299,2.052730250061822,4.900871636363636,28.462190583333346,16.25847635416662,9.605270789473778,32.84756546060252,37.28418,6.495827649999998,0.24637823914825493,0.017316906,0.016907401,-0.0002741089999999981,-0.09175342768686648,0.011006545454551077,0.00020729363968666518,-4.226817953897214,-4.2972729387942925,0.004576651215463244,0.008955100260120813,0.006082854246882707,-0.001650993310211124,0.004804804804805052,1.0168188479580527,-6.2078936090252945,-0.36344245049508744,-7.8932565848512475,-0.0013138792481202938,1.310921042862665
b2c30,test,481.0,1.0685999,1.0683354,1.0708923449999999,0.0013301061590997498,1.003093851635262,0.0037845000000000795,0.018482017543860637,0.011535151515156416,1.0001881682620433,3.060408307045414e-05,-0.00020610257341116398,3.046769644643071,0.0008355733616549001,3.251268245609844,3.2498392256871864,3.1700979328371504,2.9571660977628254,2.0543629491400734,2.055364917394495,5.200868909090908,28.38361033333324,16.394496140350867,9.783374499999931,32.41712451812437,36.449245,6.290010649999999,0.09095381304934617,0.017788786,0.01743317,-0.00025421600000000155,-0.10804621848743,0.011535151515156416,3.256197484886513e-05,-5.451807592417325,-3.063346868728037,0.0009444501935522283,0.0021004427010461323,0.0015098838470910536,-0.0006396005161630747,0.001601601601601832,1.012204711188147,-6.159536842106312,-1.0934806050327965,-8.321203759400115,-0.0017591667669173145,0.3501954551049582
b2c32,test,519.0,1.0750949,1.076026,1.0782986,0.001509650400589489,1.002276534576917,0.0050835000000000186,0.018614561403505668,0.01325024242424749,0.9997456049136039,0.00044150040123576504,-0.00022386055194661858,3.048010317679444,0.002039225392330672,3.2764492991458214,3.2524524678533315,3.173049559989852,2.9645401996847083,2.042379957489701,2.0606954966321704,5.228139727272727,28.819563333333313,16.250034298245673,9.714934824561402,33.0708981481718,37.962753,6.980338299999998,0.27662825443725286,0.017704446,0.017273866,-0.0002646409999999995,-0.09013784461155762,0.01325024242424749,0.00040105436732635745,-4.2602959832182385,-4.029416900803086,0.0042725670896954565,0.008550238029696068,0.005539070819373659,-0.0015449385569601404,0.008008008008008272,1.0123178455075246,-5.450105980308656,-0.14742897681754735,-7.609428960324873,-0.0012505656390978158,1.6526355387808498
b2c34,test,499.0,1.0694284,1.0701718,1.0731949750000003,0.001657305978048418,1.0028542106489016,0.005462300000000031,0.021142491228068765,0.011761030303036135,0.9999312792230095,0.0004453800133027201,-0.0007030293238868824,3.044858861517605,0.0008950364036198067,3.2563126545883447,3.2507805506467338,3.168432827377099,2.952206287475244,2.0469517148129053,2.093906174718614,5.225453818181817,28.558716583333272,16.139307254901972,9.787523583333375,33.321419040100764,37.961067,6.754752449999998,0.1731401116328277,0.017596884,0.017337065,-0.00016225500000000004,-0.15177134011505708,0.011761030303036135,0.0004383068491641962,-4.559356200695459,-2.741287121585353,0.0020828779009356138,0.005646587755004005,0.0035952379921853073,-0.0011799589431755741,0.004804804804804608,1.0052197866792725,-4.3806680451141,-0.3755057189539927,-6.660669047619043,-0.0009862264661654452,1.2399619221259033
b2c36,test,535.0,1.0792044,1.0802686,1.083291775,0.0017712780453319284,1.0036893774842621,0.006000099999999842,0.027408122807016336,0.013520606060608599,1.0001700051261708,0.0003667844106611907,0.0012864675732164163,3.042429893284686,0.0007540261707224547,3.284631117515661,3.2388695842225217,3.1602461809862388,2.9567839936327456,2.038766447025131,2.05536229502684,5.602236636363636,28.945760416666598,16.33765233333334,9.658357583333345,33.36851452043528,37.91161,7.307648549999999,0.13781502351850702,0.020207312,0.020050712,-7.920299999999991e-05,-0.1685619195046643,0.013520606060608599,0.0001071990265672309,-5.657233527861159,-2.432712462410527,-7.672509908388747e-05,0.0014817007887442013,-0.0010002391044339198,-0.0004640377765663395,0.0,0.9779174575093069,-7.293247493735436,-0.757919548872309,-9.67420213032612,-0.0005361342857142898,0.8413305663419287
b2c38,test,465.0,1.070408,1.0713829,1.07356206,0.001372307051428349,1.002153949784437,0.0045527999999999125,0.01786101754385915,0.007954969696974363,1.00007479433113,0.00034036124391615574,0.0017947290242976744,3.0398142087664897,0.0010904893610788773,3.253047305882278,3.247574206277173,3.1636754492540673,2.9390200065190433,2.0344921437168355,2.10244232546217,5.6035024545454535,28.74229724999997,16.32592277777783,10.004181833333327,32.131969080772535,36.319881,6.178058649999999,0.11064286282713602,0.017686294,0.017614063,-5.04460000000026e-05,-0.13127244582043335,0.007954969696974363,7.767037546093672e-05,-5.498151323803673,-2.3722327793654587,-0.0009724289119130844,0.0020268743295498155,-0.0009384266277185915,-0.0023649707785469154,0.0,0.9705131552822142,-6.035131704261408,-0.372077055383198,-8.089426315790666,-0.0003280531578947797,0.8925874609837133
b2c40,test,499.0,1.0788745,1.0770298500000002,1.081234915,0.0014889476069610624,1.0024719328572143,0.0040496000000000976,0.017711701754385772,0.008709212121216526,1.00018587203687,0.0005802012107702376,-0.007958931044998615,3.0474909790908873,0.002318732270360623,3.284892636624866,3.25143919396376,3.1696519887464367,2.960369050727208,2.025753533456033,2.0405551129749826,5.616326727272726,29.088128750000095,16.25941166666665,9.841672250000023,33.138210239313494,38.326553,7.32201145,0.3019864942730841,0.017494036,0.017052768,-0.00022736900000000157,-0.10387844611532378,0.008709212121216526,0.0002363776799697569,-4.478159786717413,-3.856029025812729,0.003250311131661874,0.00661626760500944,0.003268199786579551,-0.0008574576024278358,0.004804804804804608,0.9913233083698778,-6.77645776942194,-0.3470991093425678,-9.11062844611401,-0.0015518310526316012,1.7758415935494574
b2c42,test,466.0,1.0807577,1.0808355,1.082073515,0.0008357101329259033,1.0021264710859799,0.0026789000000000396,0.014403736842105707,0.012571878787883467,0.9999310734487477,3.14452443362261e-05,0.00010044163185645744,3.050184765965814,0.001302361718470813,3.2897482718870608,3.2522555764244623,3.1731594824210436,2.965850176091952,2.0186936315947923,2.0664654359398904,6.017584363636363,29.203747,16.542163627451004,9.941717166666653,33.015235697822156,37.920124,6.992079700000001,0.16658870899269995,0.017247235,0.017058697,-0.00017893999999999896,-0.02231733746136837,0.012571878787883467,8.574521553931185e-05,-5.001077828204935,-4.250540562393703,0.0023517247205668353,0.003935207339882691,0.001744041922898898,-0.0021899531631617286,-0.0016016016016013879,1.0011070810593423,-4.460127067672249,-0.36200656936779396,-6.578956641604691,-0.0009888994736842608,1.5658799908464935
b2c44,test,457.0,1.072312,1.0729042,1.07476665,0.0012305346141007199,1.00294805039757,0.0038877000000001605,0.019810350877191747,0.012639090909096005,1.0000155089799085,0.0001922410057076376,0.001967328470872879,3.0441427190705275,0.0012152758833282524,3.2613670415510696,3.250399576294152,3.1682534516414793,2.945044675222324,2.0268625815619172,2.126916419661069,6.021998999999999,28.830279313725363,16.50005627450979,10.004895490195985,32.968406109997986,37.704094,6.9997588,0.15148001861550434,0.017666645,0.017506437,-6.991499999999679e-05,-0.08802358838283368,0.012639090909096005,0.0001450316497119974,-5.029767280831023,-2.1678486931640903,-0.0013370229402735277,0.0033325437794466833,-0.0003473118088943572,-0.0021829088180158607,0.001601601601601832,0.9781670032841476,-4.965891326442513,-0.8358339616922845,-7.0588317647613525,-0.0005975633834586644,0.9740325510274854
b2c46,test,429.0,1.0743216,1.0739155,1.077175545,0.0016119780303946367,1.0033213231045475,0.004418299999999986,0.021631491228070832,0.010230000000004437,1.0002422610050428,7.169548686630097e-05,-0.0009507551118463057,3.046572118190439,0.001547590738373293,3.270986120272876,3.2500223114436153,3.1695894466415293,2.947973390880212,2.0209067909349083,2.171430800023642,6.022529636363635,29.03243241666661,16.45401324561409,10.00005745614035,32.248981905584216,36.482227,6.337231350000001,0.11051258592942419,0.017708456,0.017551575,-8.748599999999773e-05,-0.1470445967860825,0.010230000000004437,0.00010144781909928714,-5.061123713849366,-2.091068699366713,-0.0022384577312886903,0.0036985328436691485,-0.00015537434159895724,-0.0038918182207594576,0.0,1.0015439439039429,-5.234183333332914,-0.2287949713818782,-6.66765497076041,-0.0006319306015037844,0.46736044032171964
b2c47,test,713.0,1.0438014,1.043239,1.0481600800000002,0.0022216133724390595,1.0044740861059016,0.006334700000000026,0.0297673157894744,0.00992509090909473,1.0005552699862321,0.00023549417632479983,-0.003428284504374704,3.019120067302018,0.0003100157810116144,3.15508360119263,3.2423811463574754,3.1521049371697587,2.905911362307402,2.0942054686328784,2.2715699928684523,6.019842,27.19591351851856,16.136322083333386,10.032115185185239,32.42066332541911,36.472023,6.5952489,0.13642861856596958,0.017898172,0.017204285,-0.0005369390000000002,-0.25853715170284225,0.00992509090909473,0.0001006825755440622,-5.413916587682387,-3.080015955701103,0.0011130630809275317,0.002254015951777483,0.0013585812185237245,-0.00011124536020412634,0.001601601601601832,0.9890255022219638,-4.49711315052148,-1.8060394736847258,-8.655550678165874,-0.003570253233082714,1.2173539271115905
