cell_id,partition,cycle_life,qd_ref,qc_ref,qd_mean,qd_std,qd_retention,qd_max_minus_ref,qd_slope,qd_slope_late,ce_mean,ce_std,ce_slope,v_dis_avg_mean,v_dis_avg_std,e_dis_mean,v_q10_last,v_q50_last,v_q90_last,i_chg_mean,i_chg_std,i_max,t_chg_mean,t_dis_mean,t_cv_mean,temp_mean,temp_max,temp_range,temp_std,ir_ref,ir_min,ir_change
b1c1,train,2160.0,1.0766124,1.0764499,1.0812409129999998,0.0011805034080133066,1.0031114876085379,0.007977100000000181,0.00014966864564002188,-0.0023182991596634515,1.0002673892684144,0.0005521885944025897,-0.0005174198804109654,3.044056356101622,0.001991851091344916,3.280150560483272,3.2484255427122823,3.165985554924152,2.9450457140355937,1.8854182175885066,1.5033320920621478,4.008702363636363,31.062403824561414,16.195780549242418,8.338986597222254,31.329101706769087,34.712265,4.5998464100000005,0.19182705272640485,0.017009802,0.016764179,6.812199999999685e-05
b1c3,train,1434.0,1.0812283,1.0806946,1.0849880595,0.0009341904961835878,1.0025611976704487,0.0047599999999998754,0.0010698108225111404,-0.002103999039615015,1.0003778701000856,8.009150122777362e-05,-2.0105260705586627e-05,3.0462178699045124,0.003443151030118143,3.2951987245412893,3.253500912378239,3.171630703118249,2.93963248513177,1.929279334076532,1.6951406385228946,4.002205272727272,30.6300766161616,16.46864253546098,9.157306887755094,29.940748316770588,31.691414,1.2761540400000002,0.23640750836068977,0.016315572,0.016098134,8.279200000000167e-05
b1c5,train,1074.0,1.0766531,1.0765846,1.080397847,0.0008612449255240917,1.0020304387640826,0.00541730000000018,0.00045900160791630747,-0.0032350564225681992,1.000196412495673,0.00019825585219639789,-0.00013373491193486239,3.032927500967462,0.005150824451737609,3.2652496912301374,3.246139323481189,3.1606792355831423,2.90426049460727,2.0149224109916157,1.8598482562147598,4.419160363636363,28.985279595959632,16.46108898148148,8.771036161616147,30.920472744235386,34.654667,3.77949734,0.3656302899336642,0.016396422,0.015922785,-5.252500000000118e-05
b1c7,train,870.0,1.0951102,1.0950329,1.0969758600000001,0.0007425151169168247,0.9998927875199198,0.0028584000000000387,-0.0011611201607913807,-0.0036040715486186058,1.0003222443316144,0.00021781176540598923,-0.00015118784218848505,3.0424537717389324,0.006294223250625041,3.3270575008271295,3.2507320272999083,3.1691350788647097,2.918961477374103,2.0115035978240585,2.0021993556416855,4.809326727272727,29.571150374149582,16.823365476190496,9.404917154882119,31.989827118759692,36.053928,5.74579244,0.14836914332719875,0.016267659,0.016083084,3.98240000000008e-05
b1c11,train,788.0,1.0550324,1.0543745,1.0600671760000002,0.0013016821163494585,1.0038694789344154,0.006295300000000115,0.0018596764378479944,-0.002387709483793269,1.0005108496519382,7.709143022514683e-05,8.688469191683621e-05,3.041299535674864,0.004359140541417077,3.215046706474435,3.251600830030245,3.167894313114179,2.9263669889985677,1.96747825266732,1.9458444137461823,5.4023603636363635,29.331535343642607,17.055415056818195,9.72309126736113,32.759231177151364,36.96664,6.0832039799999995,0.2125864997493332,0.016582273,0.016016765,-0.00030730900000000214
b1c15,train,719.0,1.0627433,1.0619398,1.067719816,0.0012428835675287117,1.003781986482054,0.00659540000000014,0.0022112194599058044,-0.0020968734693872335,1.000665283176426,7.602542058103674e-05,-9.121526092495357e-05,3.041543854855244,0.005395050742342959,3.235695008912667,3.246903660421441,3.16497594784563,2.921861701362533,2.0856162430231766,2.047303669035335,5.532965181818181,27.616836445578176,16.460668655914017,8.444430454545508,33.14723744491193,38.47617,7.105910730000001,0.3232579120271281,0.017166486,0.016542939,-0.000215046
b1c17,train,857.0,1.0732841,1.0731622,1.077104887,0.001043610189261777,1.002871900499384,0.005941699999999939,0.0014678764378481214,-0.0031458405762296946,1.000220968685939,0.00012284424997391943,0.00016351894315505335,3.035466129095022,0.007067205993524796,3.259184709647656,3.2443399024883472,3.1614110567584888,2.9051947307102646,2.076166207996657,2.1068100711255533,5.407017818181818,28.246523636363644,16.596298764044946,9.177603973063952,32.0883099614102,37.208405,5.92669699,0.4109367491578767,0.016739396,0.016238289,7.45829999999996e-05
b1c19,train,788.0,1.0863022,1.0864038,1.0883804119999998,0.0007448007669209262,1.0001539108064337,0.0030031999999999837,-0.0012479725417428803,-0.004072145498198927,1.0001077465510952,0.0001248803426934049,0.00017452519108975836,3.032873591315342,0.008427241293092221,3.290010205279705,3.2452790367150843,3.159631209963021,2.8836537992634264,2.082487773199169,2.149568779384334,5.601126909090909,28.466943183333296,16.335950615079337,8.96500263333333,33.0445178982267,37.380234,6.715563479999999,0.14638901027202322,0.016386686,0.016205151,1.2916000000001704e-05
b1c21,train,559.0,1.0836138,1.0827969,1.0822313360000002,0.0026310697564116414,0.9930285536713214,0.0023124000000001033,-0.00879979752628327,-0.012992678511404019,1.0009282439622387,0.00034140423599723376,-7.886547234162976e-05,3.0396276355667835,0.010869858874393587,3.279727670702755,3.249012460605999,3.164506665273051,2.8930745395247675,2.1973572302120536,2.2829146969816883,5.693886454545455,26.806459751773044,16.65050245421242,8.765342057823165,33.13620441886855,37.615559,6.69830138,0.1673013992883154,0.015273424,0.014894895,-4.842099999999988e-05
b1c24,train,1017.0,1.0755144,1.0752831,1.0781154499999999,0.0006484433052875253,1.00135040946686,0.003560599999999914,9.167243867312503e-05,-0.0024302877150852594,1.0001834926468207,9.745807377709367e-05,9.172440094474891e-05,3.0447159877062226,0.00613491987901418,3.2720322841785587,3.2502139706137774,3.1683120417552826,2.925426682599292,1.994572265394587,1.9218533846222356,6.014494454545455,29.431366157894765,16.426881537037,8.165806754386017,33.37895440110015,37.381847,6.37122515,0.1516672695547025,0.016643735,0.016390581,6.0134999999999356e-05
b1c26,train,870.0,1.0887769,1.0892196,1.0906445665000002,0.0007651558138397367,0.9998743545527293,0.0027692999999999746,-0.0016404857761285602,-0.0037894050420165036,0.9999479525115413,0.00016101838429532128,0.00018445190312960533,3.0438243078513527,0.007204931799463284,3.308279610018491,3.250294554474029,3.1675336981178908,2.918890452775607,2.0495661596217944,2.026640633943866,6.017317363636363,28.98560074074073,16.311308767361094,8.36868851851846,33.156687116483965,37.077717,6.02951588,0.14978877421792125,0.016335486,0.016132986,7.869500000000015e-05
b1c28,train,860.0,1.0790652,1.0785888,1.08065945,0.0005611692538797855,1.0000291750328774,0.00215529999999986,-0.0010239786023492701,-0.0027844989195670777,1.0007302272348029,0.00010680720090194362,0.00023921727762754743,3.0424961123247742,0.007123378283060354,3.277238155730855,3.2491046577437035,3.1664877829963753,2.917769224124554,2.062850495274948,2.0737718215447485,6.006948272727272,28.495614115646305,16.305367383512575,8.10438188552189,33.77468052006936,38.303513,6.868297549999999,0.1829990861132317,0.016719546,0.016467512,0.00011362200000000072
b1c30,train,709.0,1.0811634,1.0812763,1.0828450285,0.0008258404094694996,0.9995963454613636,0.002654799999999957,-0.001955045763759477,-0.004394909483792877,1.0001879449833917,9.56773794454589e-05,0.00019474563742584767,3.046704483799822,0.007153461419044507,3.2873682665769923,3.2523681910006865,3.17029960699972,2.921618067762522,2.1280201335296995,2.1604942410680903,6.002616909090909,27.687630309278415,16.430999293478283,8.191314523809593,33.54033496908895,37.483994,6.150917379999999,0.1658440764638758,0.016041212,0.015838005,0.00012276699999999932
b1c32,train,731.0,1.0789613,1.0789523,1.080657681,0.0007108109465525912,0.9998351225470195,0.0026953999999999034,-0.0015324607297463946,-0.0040916196878741625,1.0003283736607438,8.625821183712491e-05,0.00018546810947703355,3.03989247263256,0.008722000955784688,3.2747576437665074,3.2489322490850867,3.1659361475522556,2.9037812446423725,2.1136040023268112,2.222755403920212,6.006448909090909,27.812539381443365,16.514916918604673,8.4362061904762,33.08084429220361,37.14436,5.863313879999998,0.21652088658994675,0.016192216,0.015933495,0.00011779199999999851
b1c34,train,742.0,1.0778389,1.0779907,1.0801358854999998,0.0006858426052417253,1.001049906397798,0.0036435000000001327,-0.00027642795299921404,-0.003040249219687432,1.0000606530731004,0.0001516311488751271,0.00012171220017362116,3.025586959321133,0.007311787270164447,3.259460561475723,3.2429598158329846,3.156022838499765,2.8813331312065062,2.001320672163377,2.0699330906831737,7.004290454545455,29.39980582491582,16.68431713483148,9.246667283333299,32.66521538493963,37.240925,6.09720195,0.257176391886483,0.016942797,0.016567618,4.1159000000002416e-05
b1c36,train,704.0,1.0791167,1.0791497,1.0813138930000001,0.000696971795771535,1.000308730088692,0.0032426000000000954,-0.0010718001855284146,-0.003584724849939761,1.0002163505458386,0.00011501721921267373,0.00017062112190693366,3.0409166058167925,0.009101222565294808,3.2772367120351262,3.248558977354011,3.165946474492116,2.9065374781976705,2.019248406273525,2.1199354962990062,7.003184272727272,29.153193195876316,16.218759521072794,8.305295952381007,32.04688983945997,34.868446,3.6957863799999995,0.19187157221308943,0.016444681,0.016324781,0.00015205899999999953
b1c38,train,617.0,1.0740083,1.0745001,1.0757925445,0.0006451704648732406,1.0005903171786672,0.002473399999999959,-0.0011709562770559783,-0.002928048499399075,0.9998941987896715,9.565650784221699e-05,0.00011408133921854553,3.0323379991969803,0.01164004626922927,3.250524704670407,3.2436625128314764,3.1590146335172684,2.883498393854393,2.145838562014791,2.251229175008547,7.019857909090908,27.29832615120275,16.252474655797158,8.057303229166683,33.6959729850219,37.995705,6.862790049999998,0.1620671075815683,0.016216327,0.016066672,0.00016238200000000258
b1c40,train,966.0,1.0846047,1.0852357,1.0869130770000002,0.0007273663106898437,1.0003489892991662,0.0031655999999999906,-0.0011161198103474342,-0.003696332933172768,0.9998247710745506,9.157386293536346e-05,0.000206717985350962,3.0418032919181908,0.005285844126762957,3.296424314550473,3.249757080760276,3.1669694257981407,2.9242982992351267,1.903388703750299,1.877312626142849,8.016364363636363,31.12734588435368,16.64025400749063,9.537429268707484,33.459926086753086,38.388569,7.482484619999999,0.13898397690412478,0.016708069,0.016570743,9.301100000000048e-05
b1c42,train,702.0,1.0813485,1.0817327,1.083876711,0.0006298679639249772,1.0010212905630793,0.0034239999999998716,-8.044044526891993e-05,-0.0025926957983186485,0.9999337340359964,9.033192934014646e-05,0.00020340456435592077,3.0367349038477585,0.009041677760962923,3.2811523493907617,3.246668624545674,3.163211909347745,2.9015318562999894,2.0201685296516736,2.1049985974059235,8.012958909090909,29.212036436170216,16.379053865248288,8.671338352059914,33.58563675720614,38.36956,7.328662100000002,0.18811294500073703,0.016730737,0.016511114,0.00018359700000000062
b1c44,train,616.0,1.0860728,1.0863395,1.086821011,0.0011404929860279777,0.9981062650229697,0.0022577999999999765,-0.0036174410636974513,-0.005542586794717151,1.0000182520999656,7.107361626711002e-05,0.00016984899254247955,3.02848642580367,0.011999123762914414,3.28184207790291,3.2413033734207186,3.1573881932155032,2.8714363154064038,2.0843617966525643,2.31314170067971,8.013302181818181,28.40556673539517,16.255550448028664,8.589089150000031,32.554136444875674,36.804283,5.8452497,0.23120500832978153,0.017408649,0.017142953,0.00021464000000000205
b2c0,train,300.0,1.0719095,1.071287,1.0606983269999999,0.01049734133095475,0.970742311595837,0.001674199999999848,-0.03572299072356177,-0.04798014597839085,1.0001680808377025,0.0019373577508323533,-0.00023720622455284608,3.010845481344753,0.024617466606132375,3.1843292629903823,3.234294062086228,3.140692039950843,2.809270954750946,2.1048630855309276,2.387228151898511,6.082371818181818,27.45763767676765,16.243561887755096,11.599733690476116,30.055922424729943,33.809696,4.05767519,0.5117563635749781,0.017570902,0.016423751,-0.0002504909999999985
b2c2,train,438.0,1.0754818,1.074653,1.078009559,0.001158194980397944,0.9997193269197536,0.0044855999999999785,-0.0016639777365490122,-0.006249658583432934,1.0006698788624304,0.0001056184335277675,-7.808612694503322e-05,3.0370568530587496,0.011059997472620172,3.263451756540341,3.244417438985717,3.162667542433487,2.8995329995259893,2.0407089102821683,2.097081868754658,5.117947,28.760820748299327,16.63729319105692,10.000321700336727,32.751415996523015,39.405197,7.56950634,0.35549911703193804,0.017902471,0.017209888,-0.0003582890000000012
b2c4,train,444.0,1.0741193,1.0746213,1.071815964,0.0032556268941486507,0.9915697516957754,0.0015278999999999154,-0.011039316017315455,-0.01549100456182434,1.0005936486471358,0.0002637711894274546,0.00016755408407996124,3.0370131487838985,0.011695145820077236,3.2448192193425043,3.2470449315844765,3.1653811882717493,2.8912847281707204,2.065840982077189,2.123137849684451,5.532046272727272,28.23444429078017,16.54262929347827,10.306698522336859,32.9051772756256,38.022896,6.860253780000001,0.17657801540171233,0.016789593,0.015997788,-0.0006181360000000018
b2c6,train,511.0,1.0702139,1.0692575,1.064594728,0.006391836224827406,0.982516640394407,0.0023173000000000776,-0.021977202844774044,-0.02891852725090017,1.0004715912103983,0.00011121013167166871,-0.0003152442642958452,3.0309804527422752,0.011553245579494493,3.217921392741025,3.2422423026447342,3.156649832401512,2.871967646248205,2.1909623225141504,2.169403668053039,6.5079983636363625,26.42359410774413,15.86884828124999,9.445428767361125,32.7700516496247,38.299351,7.66893201,0.279247432231029,0.016633883,0.015648872,-0.0005791040000000004
b2c11,train,477.0,1.0729293,1.0716591,1.074178251,0.0015643083701268876,0.9971012579186751,0.002999299999999927,-0.004530550463821539,-0.009152257382952179,1.0009638527664533,7.712636138183644e-05,-0.0001725769530576641,3.0353489031607546,0.01076088368217749,3.2507400378090425,3.245080122705038,3.1620600644913526,2.8973601456609814,2.1162063850513833,2.0636543199656954,5.087183181818181,27.60266278911568,16.153438645833337,8.8124490526316,33.21107463672183,38.113373,6.711061249999999,0.15349464404867244,0.017619114,0.017036082,-0.000400550999999999
b2c13,train,483.0,1.0824264,1.0826939,1.078925365,0.0036799647425586747,0.99020820260851,0.0007904000000000799,-0.012555453679653501,-0.016953936134452882,1.0001268456509134,0.00019394594836515618,-6.005720393700267e-05,3.0336655420040897,0.013050273823618454,3.261172374859136,3.2431864713496776,3.1594126697580673,2.873247926664469,2.0410899421042066,2.0890486141821567,6.0114184545454545,28.793420202020172,16.303477092198573,11.373477096219867,33.36790896753339,39.087688,7.42292732,0.16376218908854148,0.017023681,0.016480118,-0.000401743999999999
b2c17,train,494.0,1.0695888,1.0700918,1.0747212675,0.0018090461939013068,1.003055529654726,0.007122599999999979,0.0013894842918989142,-0.005563541656662186,1.0003402972247595,0.0009464900629612413,0.0005022537584922174,3.031391612834472,0.010694240018056954,3.2477480941706367,3.248487407967928,3.1638278351994216,2.8731647726880123,2.0066921415884744,2.0506293421489272,5.0142609090909085,29.175007552083375,16.736966329365085,10.598747007168486,31.434384940897708,35.806377,4.69976185,0.446872600135325,0.017831633,0.016974878,-0.0005559719999999983
b2c19,train,461.0,1.0485685,1.0488138,1.0420840039999997,0.005206778509902656,0.984801063235458,0.0011113000000000373,-0.018093660482374218,-0.020364222809123044,0.9999862631294734,0.00019106323196444166,2.327977063309963e-06,3.0195351085984194,0.010256765429210703,3.137730318629779,3.240994752412352,3.1476997112887126,2.8539000604959384,2.0744300389503167,2.0708805922571654,6.000976545454545,27.330898877550986,16.512248722222214,12.648673078231308,32.445597925518754,36.86005,5.16754085,0.2489908409213922,0.018011536,0.01643493,-0.0008482130000000004
b2c21,train,489.0,1.0789765,1.0779533,1.079888355,0.0016195228693275613,0.9978155223955295,0.003040399999999943,-0.004818406184291607,-0.00840741992797065,1.0002594843834018,0.00022578535130043904,-0.00021756101088678452,3.0281351805854695,0.01173188605024906,3.260031442780202,3.2412626568566503,3.152731985386093,2.8696353713431515,2.0805210338573663,2.0403197725289806,4.915818272727273,28.25204911564623,16.08589313620077,9.123566192982471,32.35723303371272,37.163727,6.13793177,0.24518864336933607,0.017701758,0.017165525,-0.00022390000000000257
b2c23,train,527.0,1.0763631,1.0760298,1.075486011,0.0020631514273506497,0.995033332581188,0.0017177999999999916,-0.006954882869511244,-0.009534256902760418,1.0002608272144642,3.425249253293879e-05,-2.1810153087129097e-05,3.0280170214208,0.011373366263287513,3.246230306826346,3.242271711051159,3.1575942755615816,2.8804729720808155,2.055358481990916,2.0186714575216285,6.001704818181818,28.45726982993193,16.31205887152777,10.59518038720536,32.25575906292075,36.934685,5.9429956000000015,0.15405605850732526,0.017716795,0.01690297,-0.0005805400000000009
b2c25,train,461.0,1.0688325,1.068538,1.0705224645,0.0013100935166486217,0.9981301264826458,0.0033319999999998906,-0.003417408967223238,-0.007364624729891319,1.0001991473851513,4.128611172905514e-05,-6.0692733176756965e-05,3.023577347208347,0.011495664354828477,3.2265794336424607,3.2405704284043773,3.156126363689473,2.8711524741492527,2.0115005959282244,2.052808212854416,4.827095363636363,28.97928546391757,16.681143018518508,10.5842624333334,29.804580299540234,33.972847,2.4868716,0.5766935063873678,0.017638819,0.016963746,-0.00046110199999999796
b2c27,train,468.0,1.0674493,1.0671675,1.070629137,0.0009300409098964383,1.0008835028492031,0.0043377,-0.00038205664811292685,-0.00421057454981898,1.0002334571790763,6.117643355095509e-05,-4.941280695433869e-05,3.0336310927114614,0.00995398702000315,3.236545805024699,3.245393569080816,3.163784468503263,2.891385310075537,2.1005694355179894,2.0553787682760776,4.900753727272727,27.74032753333332,16.275183786231867,9.098309833333337,32.00667362421634,36.62397,5.86305017,0.17566940200405226,0.017648097,0.017141469,-0.00020821399999999823
b2c29,train,498.0,1.0740113,1.0734949,1.0782623439999999,0.001289395254863299,1.0040903977245597,0.005330499999999905,0.0029665654916514743,-0.0005944965186069953,1.0004815857835734,0.00014437164892057414,-3.803924937803214e-05,3.041514867900798,0.009356718238073039,3.269542373148219,3.250147643999404,3.1666593015437714,2.906660120464568,2.0325876181746074,2.0477310894417133,4.912784727272728,28.89232649484533,16.95489194117648,9.862242159863904,33.49126109331385,39.236313,7.37314347,0.22431295793452077,0.017125197,0.016837668,0.00014537900000000104
b2c31,train,492.0,1.0749165,1.0744764,1.0792309875000001,0.001033430375820613,1.0024900783472288,0.005208600000000008,0.00087682164502181,-0.00290759111644588,1.000178914663873,0.0001650182196322452,-0.0001293515182531449,3.0363077123137265,0.009607671943643762,3.267689971543065,3.2464262106458532,3.164626560758166,2.9018945860294174,2.0576091941800305,2.052230131295904,5.226362363636364,28.56832707482993,16.298232777777784,9.4123274652778,31.788323879533,35.575104,4.99354896,0.12235526080093086,0.017703837,0.017417014,-4.33960000000011e-05
b2c33,train,520.0,1.0797886,1.0808975,1.0845947019999997,0.0010507951878677415,1.002631093936505,0.005807399999999907,0.0017243997526290146,-0.0009785046818718583,0.9999653669226848,0.00023129884403280513,0.00014674950151115108,3.038301149720633,0.010234629043638557,3.284794323012714,3.2465926826859404,3.161719358395259,2.895655287414944,2.079878679456649,2.0620349339511064,5.213744454545454,28.40055679999996,16.18597034090908,8.845127205387172,32.97636941258776,37.692589,5.845198250000001,0.25078140702267393,0.017686367,0.017406421,0.0002201050000000017
b2c35,train,463.0,1.0690631,1.0698155,1.073348005,0.001031535528871895,1.0008291074993894,0.0054251000000000715,-0.0005138746444026847,-0.004708683313324232,1.0002284112325797,0.00019697527512532425,0.00015327210392654581,3.025600526839448,0.010487325586076415,3.2378323846652113,3.2460288589336703,3.157619632676239,2.8590532213426103,2.0839279775604713,2.112476297040985,5.2189844545454545,28.02099008503401,16.481242789855074,9.304684392361116,33.636676851345094,40.031326,8.28059134,0.1652335040357904,0.017458085,0.016969517,-0.00027831399999999826
b2c37,train,478.0,1.0761782,1.0759928,1.0806888075,0.0012993335634350356,1.0040363325645345,0.005495800000000051,0.003183881818182113,-0.0001784136854739236,1.0002431337472182,7.331433642520999e-05,-3.256344299006158e-05,3.0307491511208293,0.01164331115989993,3.2643748665963046,3.2404297328362444,3.1588248855336496,2.88274152951476,2.0254584048989885,2.0754984510801697,5.6389201818181816,29.068387912457858,16.495799347826107,9.94784646464648,31.948199813380647,36.40403,5.70854543,0.11133672164411866,0.018163333,0.01798249,0.00014570499999999945
b2c39,train,459.0,1.0793217,1.0801287,1.0859197165000003,0.0014199441395184372,1.0040877782980873,0.007560200000000128,0.0027769374149665504,-0.000861044177670439,1.0002796901912856,0.00014154517294808841,-3.535702205281394e-05,3.0256230403662423,0.012693637756182463,3.2755751452970077,3.242299418707776,3.1563130165836193,2.867340534805689,2.0549518714454957,2.119800792911818,5.615536090909091,28.794438487972545,16.28923144444445,9.298996941580755,32.13263654633362,37.009659,6.345623719999999,0.12579788658589433,0.018061638,0.017882114,0.00024999200000000096
b2c41,train,429.0,1.0704525,1.0699699,1.0747705330000001,0.001198673990295526,1.002635596079126,0.0056563000000000585,0.0012304281385286256,-0.002996479231691933,1.000202706452276,0.00013642562712636914,-9.819331926054937e-05,3.03224104532045,0.01117383671329388,3.2493853353982294,3.2456331088211856,3.1633026055148603,2.883724248803384,2.0890254250433227,2.1713643238950153,5.678818454545453,28.03053822695038,16.107984157509147,9.10688850168347,33.13670122808387,38.922901,7.17259792,0.34583516526110436,0.017922211,0.017491397,-0.0001396790000000002
b2c43,train,462.0,1.0753698,1.0751036,1.0796077460000002,0.0010717624994531162,1.0025928028490543,0.005270200000000003,0.000853435250463771,-0.0027637310924364393,1.0001347902457358,3.858975002739909e-05,-3.28573412479442e-05,3.024621975224127,0.013502189130135907,3.254969176218882,3.242340887694684,3.1538689666543296,2.852250275019506,2.0797648964798925,2.098113657089838,6.019207363636363,28.265025833333404,16.19003254480283,9.085827166666666,33.014082074046314,38.905258,7.51674763,0.1770780301909238,0.018153407,0.017879792,0.00013217499999999827
b2c45,train,487.0,1.0717604,1.0714923,1.0744936090000001,0.000898226252577266,1.0005474353525563,0.0038977999999998403,-0.0010421610389605208,-0.0044703145258098344,1.000099617575279,4.1356087374334833e-05,-3.81292848684286e-05,3.0355453948851543,0.009646006840842568,3.251889013932568,3.2457906241624803,3.1621094065682462,2.8959999481915197,2.051853809695286,2.053504303754746,6.022227909090908,28.53165977663219,16.466122790262194,9.652758871527753,32.617624687533684,38.153133,7.12873379,0.14754574409724022,0.017201968,0.016871607,-0.00010167800000000088
b1c0,test,1852.0,1.0719005,1.0716741,1.0760458709999998,0.001120507637639752,1.0031411376775683,0.005181900000000184,0.0013947863945581837,-0.0021452379351735587,1.0002183095581811,0.0003660842542865809,-0.00011042089958540495,3.0467712258521646,0.0017186761402060342,3.2667384527287275,3.251976012612663,3.1697259639010236,2.947244278913756,1.89752724504191,1.5131825628053386,4.0020288181818175,30.658251368421038,16.344370313725467,8.24644001773051,31.60330107313881,35.950111,6.032422850000001,0.21057649246120275,0.016724309,0.01647264,-3.2860000000016487e-06
b1c2,test,2237.0,1.0813154,1.0811372,1.0853656695,0.0010161688003942832,1.0025130424658624,0.006738099999999969,0.0006604923933211406,-0.001997842737094613,1.0003465009239179,0.000608668752589565,-0.0005685625207461011,3.0461925116314212,0.0022189834839248337,3.295494063896782,3.251685895936055,3.1697920748068245,2.949199914292615,1.8532832822152359,1.5045438777894495,4.001936090909091,31.736476477663256,16.69015721568628,8.797203469387815,31.478409833162885,35.127342,4.9056491399999995,0.20179018587068184,0.016831938,0.016613184,0.00012341499999999825
b1c4,test,1709.0,1.0790124,1.0789363,1.0828680199999998,0.0009422145446440918,1.0026712749083906,0.005066000000000015,0.0013617624819622957,-0.0019521661464576786,1.000133075206101,8.343812918973956e-05,0.00011383058250673259,3.040812975732846,0.003212604668814556,3.283003244442473,3.2490805568830203,3.1648223655265846,2.931199394723811,1.9567324945505218,1.6949456523385564,4.002891,30.110089183673484,16.350403806584307,8.663255782312902,31.44837598748279,35.651741,4.8961394799999995,0.27619397089451275,0.016740341,0.016616168,-1.0189999999979382e-06
b1c6,test,636.0,1.0772603,1.0768375,1.080976012,0.0010752386548929626,1.0008532044219747,0.0048786999999999026,-0.0012846559059983872,-0.00526194669867914,1.000489061357738,8.792853344191708e-05,-0.0001255704407330982,3.036580713223916,0.006251575626669022,3.269558485716747,3.2440934509989137,3.159564945845139,2.9020910175890853,2.1191191540253964,2.0254827605303634,4.801099909090909,27.618397659932583,16.114649506802706,8.384431785714247,32.273740873968976,36.496124,6.048191639999999,0.16097163512261922,0.016977131,0.016541764,-0.0002639530000000008
b1c9,test,1054.0,1.0836858,1.0831084,1.087700565,0.0009677494463430235,1.003167870578002,0.005264099999999994,0.0015246479076484213,-0.002165006962784468,1.000274062507988,0.00010339759179988748,-0.00013343200935841482,3.04469637809892,0.005806608491183744,3.3022930988891317,3.250425429883005,3.1693458033840223,2.92891809900649,1.993695497078008,1.9071617540557788,5.404891999999999,29.707989759450186,16.73107821969693,8.885407465277831,32.64176137708503,36.799232,5.712222870000001,0.16692318708197282,0.01692898,0.016756568,1.5581000000000622e-05
b1c14,test,880.0,1.0721085,1.0714432,1.076174005,0.001052500398040312,1.003479310851226,0.005735299999999999,0.0019747585652442343,-0.0015053935174062691,1.0007149180578814,8.944672955414019e-05,-6.643549126485234e-05,3.037546237142168,0.0056742745583675995,3.258191812593493,3.2459872524400284,3.162443250837683,2.9135484956020115,2.074498215745866,2.0348484053193694,5.4134091818181815,27.997714268707583,16.432867333333327,8.26514090909096,33.07723804996891,37.818813,6.5537380999999995,0.2743758686674811,0.017082188,0.016649306,-2.9510999999999427e-05
b1c16,test,862.0,1.0823848,1.0817721,1.0865378305,0.0010404141288723665,1.0027341826366805,0.00620709999999991,0.0016392534941247017,-0.0021232225690267508,1.0005508255278557,0.00028406498298341976,0.0001036095065149341,3.035561698834329,0.005791804291248999,3.288621914651228,3.246941282368538,3.163448534688263,2.909123008758916,2.0800715989090652,2.0790877999445003,5.406168181818182,28.27304878947369,16.3719729310345,8.676408173758885,32.41695338456084,37.566532,6.01572795,0.37231207990863974,0.016791083,0.016328048,5.2880000000001676e-05
b1c18,test,691.0,1.0667928,1.0666904,1.0680893985,0.0017253627727300501,0.9973746823747907,0.0033529999999999394,-0.005109157946814819,-0.00970330996398477,0.9536904135768793,0.07629618189167399,0.1637175134900801,3.0250533069274907,0.007879934508768961,3.2193954101635924,3.2433518549202143,3.153196951149925,2.8663530665041725,2.0319955530338705,2.1423447013091668,5.405356636363636,29.21697719931265,16.05584073260073,8.794914587628853,31.836297953504538,35.865807,5.492004499999999,0.6321003865997739,0.019886132,0.015845969,-0.003991768999999999
b1c20,test,534.0,1.0737344,1.0729818,1.069753196,0.004233655966771985,0.9879044871054502,0.0019898000000000415,-0.014337809400123152,-0.01955625498199211,1.0006161351401155,0.0007459041233209896,-7.892880580028196e-05,3.0345244780244287,0.010291069335682431,3.2357424480819983,3.246768868845737,3.1610707220224845,2.88581174061489,2.2276272167684037,2.3015036809047293,5.405748545454545,26.11919800347228,16.398475235507302,9.08956453608251,32.15249880525548,35.504932,4.9694809,0.16322149154252252,0.015663207,0.015036267,-0.00041195400000000083
b1c23,test,1014.0,1.0805521,1.0807295,1.082476736,0.0005409451762204937,1.0003781520415356,0.0029216000000000797,-0.0009349722531435525,-0.0025611120448173273,1.000123861548025,0.0001734205849246585,0.0001453032437476335,3.0389109877054468,0.005985979668685587,3.2788718251219158,3.245491135998027,3.162714719252473,2.917453577538913,2.013247149513365,1.914068021890199,6.006518272727273,29.276271927083346,16.283290880149814,8.464898754386008,31.99094622078652,35.98476,5.06666813,0.29598687848658656,0.016908232,0.016472535,4.84230000000023e-05
b1c25,test,854.0,1.0763277,1.0758336,1.0788517325,0.0007253954482685489,1.0013024273929003,0.003585399999999961,-0.0002652186147188712,-0.003246172869147103,1.0005312276778802,4.595155978865744e-05,9.752038722773431e-05,3.0501172826365894,0.005342831856420196,3.2784529506436098,3.252091615132783,3.1707463235089905,2.933590225386067,2.0324349303408322,1.9204469715684858,6.056303545454545,28.845188518518505,16.037773113553087,7.528921632653009,33.84928034987044,38.670872,7.41554323,0.15668586060263784,0.016663048,0.016397864,4.225600000000093e-05
b1c27,test,842.0,1.0801724,1.0805603,1.082085918,0.0007062072546540553,1.0003206231767159,0.0028270999999999713,-0.0012728871985154598,-0.0035434182472985154,0.9999596526279413,9.368072095740738e-05,0.00016897131173508546,3.044896068420478,0.006445906325985005,3.284283165359301,3.2515709242594197,3.168515222631515,2.924606761560322,2.0448176733557855,2.0387799510855182,6.0073159090909085,28.814687700000086,16.62590211382114,8.699160150000022,33.89537729905795,38.178074,6.78485366,0.15229416900926154,0.016134517,0.015963396,9.964600000000184e-05
b1c29,test,917.0,1.0806577,1.0807935,1.0827733220000002,0.0006460838763782948,1.0005357476287409,0.00314520000000007,-0.0007847255411252997,-0.0033350991596632017,1.00016934136672,8.940515954797949e-05,0.00023494084342264826,3.042815864747936,0.007180818505897137,3.284621737208503,3.249343106045081,3.1670201926332715,2.918397330414176,2.0533172286014505,2.0694429327982706,6.059625818181818,28.70553441077436,16.364824010989008,8.152916408934649,32.7049044968076,36.258759,4.97195608,0.1967575580481102,0.016580919,0.016308507,0.00010199299999999814
b1c31,test,876.0,1.0959352,1.0959183,1.0971004215,0.0009600938000335047,0.9987851130946281,0.002398200000000017,-0.0028551849721703735,-0.004775870588234508,1.0002664068666614,8.83939205512885e-05,0.0002026952741223187,3.0435270238884184,0.007216910371252346,3.3293807359044787,3.247539629817883,3.1652456825156485,2.918861708334101,2.116822324770784,2.139260520179092,6.004503454545453,28.214834498207914,16.313946811594224,7.841142204861125,30.374765499680283,31.658901,0.7021572700000002,0.1887271328507119,0.016916323,0.016690789,7.16239999999993e-05
b1c33,test,757.0,1.0938309,1.0937302,1.0954739210000002,0.0009531803402604336,0.9992364443521136,0.002995300000000034,-0.002474224737167568,-0.00535530324129584,1.0003906712342632,8.524261090546571e-05,0.0001897680436114344,3.037299698700512,0.00894021474984047,3.317402175655068,3.2469596509480687,3.1643854063854064,2.900957014003549,2.0665420250610667,2.196695029981134,6.058762272727272,28.88994242268038,16.417549337121237,8.737717543859656,33.672338260323045,38.728722,7.373145870000001,0.25631505146216926,0.016547715,0.016214989,5.83030000000026e-05
b1c35,test,703.0,1.0719526,1.0723011,1.074550683,0.0006684523532092639,1.0011823157335806,0.0038730000000000153,3.9845640074929e-05,-0.00280364897959128,1.0000635376630056,0.00016585611496891284,0.00014586329035172268,3.0385986354350867,0.008427258068011175,3.253403452638004,3.2448390880976166,3.162615391002488,2.9069635942779546,2.060773196435513,2.0811290713705755,7.00460609090909,28.376333872053955,16.208405634920616,8.420039023569032,32.09768206136952,36.075569,5.068686769999999,0.2719087341313025,0.017019259,0.016647711,0.00010555400000000076
b1c37,test,648.0,1.076063,1.0761684,1.0780656605,0.0007526590452288176,1.0001650475229127,0.0032288000000000316,-0.0013171150278289434,-0.004173936614645538,1.0001277859006104,0.00011741607059698033,0.0001935873535176199,3.041668100601318,0.00836095199567896,3.268610540633859,3.2477477272375026,3.1660885520928725,2.9084246252230312,2.0100522214787833,2.1234364525325216,7.005736636363636,29.18835666666669,16.48750419540228,8.610537721088438,32.95974611988449,36.993626,5.81063726,0.21687747464258586,0.016576257,0.016318144,0.00012399100000000038
b1c39,test,625.0,1.083198,1.083428,1.085647933,0.0006943754390896891,1.0008850707941308,0.0032686999999997912,-0.0006255161410016202,-0.0031097824729884854,0.9999899067574964,7.429126029945384e-05,0.0001958705776390868,3.0377455614625672,0.010285536741037786,3.287921194630166,3.2477517735948207,3.16472859004915,2.8954870410480167,2.0709697562778246,2.2299626851943644,7.017732090909091,28.55042695000001,16.607436720430115,8.824179166666624,33.50779271629059,38.024876,7.07214316,0.15648229748818926,0.016682221,0.016519627,0.00014955300000000019
b1c41,test,1051.0,1.0802841,1.0806239,1.082868306,0.0006459457785015702,1.0010631325733628,0.0033368000000000286,-0.000302903896103426,-0.002635114045617892,0.999927543155217,8.227557465582569e-05,0.00018956209787164032,3.0409491077980637,0.005369205874669137,3.2826362913790152,3.248638328163635,3.165405337475054,2.922014849721357,1.9659979654039028,1.8828341066640815,8.023536,29.990705733333424,16.340917397003732,8.556403939394011,33.073624814028975,37.365643,6.58673892,0.15072073812943002,0.016819723,0.016552322,6.0784000000001226e-05
b1c43,test,651.0,1.0693892,1.0696825,1.0705040955,0.0008987957774738015,0.9988170361742655,0.0022462999999999234,-0.002645320531849138,-0.004751055462184043,1.0001080678031702,8.128951743434656e-05,0.0001822474681905781,3.0354872240138313,0.007909407780458216,3.2401668448597474,3.246567637527368,3.1627016196074447,2.897117059656314,2.0313626153752313,2.1252992419949943,8.027583,28.68673767361108,16.646169761904755,8.971642147766332,33.340022566610756,37.725166,6.572202889999999,0.1987894876341606,0.01610712,0.015904058,0.00016061199999999748
b1c45,test,599.0,1.0852593,1.0853274,1.087145816,0.0007734844176478269,0.9998738496608399,0.003179000000000043,-0.001572761781075691,-0.004481427130851218,1.0002141521102654,8.142351687646541e-05,0.000214116325320202,3.0267981112427713,0.012635206507432967,3.2806354902295793,3.2431245676113516,3.1575682606268454,2.868547138936155,2.1002590235287633,2.3148861736697457,8.013447818181819,28.18736312714788,16.335436847826113,8.33334433333344,33.00193940799123,37.855122,6.790260069999999,0.2624233919255786,0.016654616,0.016382927,0.00022071099999999844
b2c3,test,335.0,1.0676271,1.0668869,1.060779314,0.006812378376235718,0.9805418592394198,0.00128269999999997,-0.023250553988867825,-0.03265806818727457,1.0006507284738522,0.00010850656623181834,-0.00030651509900703867,3.015959527005919,0.02017138680983478,3.1886406343292055,3.238732773862249,3.1447440660584207,2.8231139466612047,2.1356802236702577,2.235322941784689,6.396848545454545,27.042934528619607,16.211694828178697,10.136982706093297,33.65807285821028,40.136707,8.48373108,0.41504061600468006,0.016992988,0.015852956,-0.00027137600000000026
b2c5,test,480.0,1.0691153,1.0693797,1.0719715405,0.0007799269872140274,1.0008535609296412,0.0039053000000000004,-0.0004316507111933048,-0.0037009361344531393,1.0004532389530358,0.00010427347664419706,6.754047605570799e-05,3.035002946958511,0.010376246529276986,3.2439447283843617,3.2460888772580168,3.1626877886764895,2.8965833871122926,2.0317217343472045,2.0576556005643662,4.8943996363636355,28.732226919191945,16.880805318352053,10.055876156462604,32.05441047314973,36.744316,6.010292249999999,0.13945859151279008,0.01708005,0.016743399,-0.0002083759999999997
b2c10,test,561.0,1.0705529,1.0694784,1.0714863510000001,0.0020792059103655353,0.9958151522063168,0.003388900000000028,-0.006430551515151369,-0.011155891956781919,1.0006911980061655,8.672645853179704e-05,-0.00022177725400711104,3.031518221570282,0.009786194184192572,3.23804026703829,3.2418263005994614,3.1576489969995634,2.8903810719302694,2.0855317350642624,2.0803263912493324,5.047284909090909,27.934649353741435,16.088406232638885,9.65048298969068,33.40809914291233,39.457458,8.59583565,0.26619664508289753,0.01822805,0.017548179,-0.00047968400000000105
b2c12,test,458.0,1.0720812,1.0719491,1.0688597970000002,0.004442885822445934,0.9881912951649592,0.002165399999999984,-0.015202143970315017,-0.020299806002400653,1.0000650774206306,0.00014319963946099785,-0.00023351696827262112,3.0297961338832717,0.0120690490341091,3.227682007949586,3.2430505042360918,3.157581969901099,2.87303935474083,2.1108943865746674,2.10022987892786,5.535212454545454,27.563717800000042,16.01637597517733,9.94639902061857,33.60314824713187,39.294811,8.03037436,0.17723175916877157,0.017068474,0.01617695,-0.0007310680000000014
b2c14,test,485.0,1.0795292,1.0792805,1.0820833705000001,0.0007090169521631703,1.0006002041471662,0.0033539000000000208,-0.000673219356833238,-0.0037970542617042115,1.0001820794756073,0.0001921376568962059,-0.0001531996530027023,3.036230367180065,0.010635540035609535,3.27702555299483,3.2479616757629026,3.165034759348391,2.8920624935280106,2.0025756188672954,2.039541921816264,4.859566272727272,29.44201898333335,16.934966996336982,10.17872926116844,32.870923570716194,38.206268,7.06488217,0.11461673369157255,0.01713492,0.016920898,-3.7829999999999114e-05
b2c18,test,487.0,1.0648464,1.0647209,1.0640950850000002,0.0026096324640502403,0.9937089742232554,0.002763000000000071,-0.008600090970934162,-0.012759234573828673,0.9999524430808442,9.578457806431009e-05,-0.0001871805845653532,3.028819737500946,0.011514471277446096,3.2127662278540456,3.2409896682666224,3.158849055191793,2.8859423330875575,2.109634411842087,2.0750812812399926,5.521021727272727,27.44892452631575,16.295924119850202,10.297031719298255,32.96208654226623,38.70813,7.3092761899999985,0.3837230700826744,0.017950749,0.01677506,-0.00044632699999999983
b2c20,test,502.0,1.0847358,1.0842696,1.0879494305,0.0009966484886833197,1.00045645244716,0.004758099999999876,-0.00100533475572043,-0.0053643704681862435,1.0002315528868548,6.142563555236464e-05,-0.00011641092001570214,3.038738142848853,0.010652812060060655,3.2959911632247807,3.2454220875024213,3.1634561693315657,2.9073779252398175,2.052461885558932,2.031120949598004,4.871719545454545,28.854589123711374,16.47619231182788,9.17795199652777,32.65491300264254,38.419262,6.51245636,0.19265762072308884,0.017566796,0.017116761,-0.00013643599999999673
b2c22,test,513.0,1.0813317,1.0811466,1.084204191,0.0008959281744755044,1.00029778392584,0.004038100000000044,-0.0011795764996905182,-0.004730978151259653,1.0000981468716044,4.240776778545648e-05,-6.40168849186572e-05,3.034447646722327,0.010639053782783313,3.280807947943313,3.2451167512337555,3.163436154597063,2.893658932400373,1.9932756372193747,2.0314282194860116,5.000794181818182,29.6395991843972,16.89811157407408,10.419870434782558,31.933023614947146,36.146839,5.26391761,0.11624292135375815,0.017196052,0.016892612,-0.0002027580000000008
b2c24,test,495.0,1.0691004,1.068884,1.072074787,0.0008544234136135384,1.001366739146816,0.004325700000000099,-3.429128014833358e-05,-0.0031438722689066737,1.0002326468553242,4.150091981949222e-05,-1.952086661028975e-05,3.041018075504297,0.0100950606909714,3.249569854456332,3.24382028235614,3.1671219150434426,2.9187814610074163,2.0727965720950117,2.0530588727643164,4.8157085454545445,28.131410138888892,16.38720119047619,9.36290515624999,30.079224991247433,33.931698,3.6171701699999996,0.235783550633591,0.017183732,0.016777694,-3.847499999999962e-05
b2c26,test,471.0,1.0789365,1.0786452,1.0806456135,0.0015624993567495316,0.997691348618583,0.0035898000000000874,-0.004170824304266629,-0.008685149579831335,1.000083870408514,6.845395031871713e-05,-5.5708710498219736e-05,3.025660175031258,0.012018965057871402,3.258777889013871,3.2395189161089255,3.1573141988796967,2.871983892703994,2.0577917864742123,2.0399314663392802,4.802512272727272,28.631072666666697,16.236036501831503,9.442199292929303,31.66198480032791,36.585075,5.636999900000001,0.19641247377509055,0.017986499,0.017301282,-0.000514647
b2c28,test,509.0,1.0732845,1.0731071,1.0767737569999998,0.0010320278050764851,1.0020079625942382,0.004578699999999936,0.0005401012987014238,-0.0027202929171658793,1.000652878874241,0.001101143751662635,-0.0003956835836191016,3.0372646765241558,0.009814171729293428,3.260262955493882,3.2496212200720733,3.166235214814026,2.8997810324446283,2.1038921136299047,2.050305421660866,4.941708,27.860374506802724,16.129423825757513,8.799483038194452,33.065054995381495,38.496201,7.0925915,0.2900420424821218,0.017316906,0.01686197,-0.00014833799999999786
b2c30,test,481.0,1.0685999,1.0683354,1.0721657009999999,0.0009840521304783718,1.0021949123723661,0.004557900000000004,0.0005407254174402388,-0.003551501080431449,1.000187566641185,3.42327442028892e-05,-1.9298657921557387e-05,3.035043732035703,0.00929627930134559,3.2422724097577555,3.2447287586821925,3.162771802501587,2.891956935721764,2.1003867018390467,2.0543021824964813,5.201725545454545,27.78813446127942,16.133806418439693,9.041371513605446,32.40830993001471,37.101799,6.55161332,0.08834775122209673,0.017788786,0.017394017,-0.0002526070000000019
b2c32,test,519.0,1.0750949,1.076026,1.0797206275,0.0011061294040340568,1.0020086414560614,0.005831799999999943,0.0015735140383429647,-0.0009246883553414552,0.9996956104266121,0.00044055858121532437,-8.612258666366925e-05,3.0352733212073386,0.01033396128763261,3.2673835534381794,3.247759148435295,3.1629789287991077,2.8919906905372597,2.08772409907818,2.05989796787542,5.228139727272727,28.15848515463921,16.146806912878798,8.88144747422685,33.25202507467487,39.249191,7.5747528399999995,0.3027728149408756,0.017704446,0.017273866,4.305099999999881e-05
b2c34,test,499.0,1.0694284,1.0701718,1.0747770005,0.001119343701940894,1.002821363944471,0.006275099999999867,0.0016350080395797115,-0.0011599942376940137,1.000062655644405,0.00026643798984903933,0.0001397065850969628,3.0330834125996153,0.008983990741181681,3.2502298885833807,3.2467871106469315,3.161361668318345,2.888843403629698,2.10669492171013,2.0938590175496876,5.225453818181817,27.798496808510652,16.035066425925926,8.828996232638891,33.433408646949104,38.83897,7.2603025300000015,0.19032598537202758,0.017596884,0.017337065,7.007600000000225e-05
b2c36,test,535.0,1.0792044,1.0802686,1.0851703750000001,0.0012474377615235923,1.003782798179203,0.0068653999999999105,0.0020695850340140655,-0.0014072225690270515,1.000240524912603,0.0001801238960794948,5.722381567882855e-05,3.029658941714864,0.010024182066889528,3.276956021400188,3.2336926109416466,3.150959474065249,2.8834642370345613,2.083653139519234,2.0541855898581955,5.626723545454545,28.360903367346907,16.176393453608267,8.897122023809558,33.41738994510707,39.162083,7.81036313,0.15960020286916293,0.020207312,0.020022187,0.00015295299999999734
b2c38,test,465.0,1.070408,1.0713829,1.074940909,0.0009579587089321672,1.002026764178118,0.0053403000000000755,0.0013152824984542287,-0.0019880211284507687,1.0002056783724844,0.0001812833553474405,0.00017898208564795965,3.0241877180908663,0.011786774433360767,3.2405591799090394,3.2415846631732466,3.1571784104136666,2.868198866768575,2.0695137558774896,2.102685254797686,5.6037764545454545,28.272557363945573,16.18656577441078,9.386612079037837,32.176799807287296,37.237236,6.68006129,0.1258492268581949,0.017686294,0.017577264,0.00012504699999999966
b2c40,test,499.0,1.0788745,1.0770298500000002,1.0813241580000001,0.0016489134996827497,0.9999402713458867,0.004245700000000019,-0.0023695055040192296,-0.0032750590636247087,0.9996977186130546,0.0012954242521102004,-0.0007820727211195932,3.033670091028726,0.01103034811525623,3.269399075436327,3.247686424220257,3.161808483634538,2.8811734056186262,2.0702490817131896,2.0413766245196086,5.617703545454544,28.453998969072238,16.12053082397003,9.11285600694445,33.34478576721322,39.397137,7.80368744,0.31738196398378676,0.017494036,0.016943704,-0.0002810260000000002
b2c42,test,466.0,1.0807577,1.0808355,1.0831442685,0.0007371941770882072,1.0017295273491922,0.003352900000000103,0.0007388295609159816,-0.002343029291716272,0.9999355885843936,6.166093328220764e-05,-1.5176977224993417e-05,3.034018945903814,0.012040502846908325,3.275689078643599,3.243898384193572,3.1616713935683283,2.887593358673312,2.0613464987605727,2.0664903053570134,6.036865909090909,28.6319487585034,16.375755649122805,9.24395385416665,33.14061407038059,38.997105,7.681145530000001,0.18764951937105745,0.017247235,0.016997622,5.426899999999915e-05
b2c44,test,457.0,1.072312,1.0729042,1.0763645320000002,0.0009971204398546896,1.0031637113933964,0.004940600000000073,0.0018794787878790476,-0.001231390636254213,1.000089170878262,9.978574372573435e-05,8.313685421891729e-05,3.0274559648975483,0.01281739530657066,3.247962454979456,3.2441129846133836,3.1606930884631095,2.8678972842788757,2.0635847000909933,2.1271499515854537,6.038246181818181,28.37803142361111,16.317787586805572,9.408782280701763,33.03018458714003,39.444595,7.558706089999999,0.1728584612631257,0.017666645,0.017411783,0.0002496535000000022
b2c46,test,429.0,1.0743216,1.0739155,1.0791342320000001,0.0012397438161878425,1.0041262837606304,0.005676400000000026,0.0025585816944969416,-0.0005305277310914658,1.0002144269490616,4.772127205867743e-05,-4.061656445117885e-05,3.027590060485628,0.014369205216808597,3.2567357792066916,3.244902652676023,3.1606907540451847,2.8626043753677344,2.066842769194577,2.1725903294183415,6.022529636363635,28.42649535353532,16.36471052536232,9.277239744897889,32.31344441378636,37.894932,7.008058420000001,0.14435590030406548,0.017708456,0.017551575,0.00031662199999999904
b2c47,test,713.0,1.0438014,1.043239,1.0488818500000001,0.00139301158555843,1.0015758930642624,0.006448800000000032,-0.0014953862708715561,-0.005617688355341854,1.0003807094813044,0.0001401734690900854,-0.00024360518990734295,3.0122606328121284,0.005507642735205081,3.151940457182788,3.2394976230689214,3.1480479834203483,2.8587082794458065,2.143609290269572,2.2749363231029736,6.021225636363636,26.592340909090904,15.916432972508604,9.262536430976445,32.406226646950174,36.923679,6.831849149999999,0.13267600913110192,0.017898172,0.017025596,-0.0006649679999999984
