cell_id,y_true,Dummy,Variance model,Discharge model,Full model,Ridge (QdLinear),PCR (QdLinear),PLSR (QdLinear),Gaussian process (QdLinear),XGBoost (QdLinear),Random forest (QdLinear)
b1c0,1852.0,622.2571530168238,2063.622460429047,4.050026572043576e-13,1326.3491978325565,1659.4573842843768,1660.568155708235,1757.5215672845234,1607.3111093285613,2092.418820981818,1561.9922970633638
b1c2,2237.0,622.2571530168238,1892.8832094408829,2595.7214835517025,2518.5018342552453,1787.5463960536767,1724.9525351625678,1879.1516270603593,1845.2756099069416,789.2192936024857,1468.1870655335522
b1c4,1709.0,622.2571530168238,1397.074978117811,2068.514654041602,1875.816716807206,1424.458509486037,1442.82286119919,1474.5381356311782,1473.2523706707518,1398.6198246213578,1415.0046343215515
b1c6,636.0,622.2571530168238,675.7693583086054,764.7650284883978,804.495130084765,650.3401344847385,693.3491784229855,632.9131628896247,641.5968371049814,861.5590506368496,838.9997143252142
b1c9,1054.0,622.2571530168238,809.7559715151577,979.0384782669602,1151.8436407843358,979.673942772017,1009.7105785016714,988.5473767787072,953.5244456840866,833.7430352195169,871.8790437106701
b1c14,880.0,622.2571530168238,860.7972017872396,826.4746322927491,980.3030480043725,875.7244809184548,888.3973491371894,872.5665652698789,912.5316508321276,894.0436014390197,886.1315493421545
b1c16,862.0,622.2571530168238,901.2477395562423,845.8925411564314,871.9824987979474,950.6665535775053,984.254352089363,923.6194780697986,1072.7172479852632,904.8288433818265,852.9655763081304
b1c18,691.0,622.2571530168238,615.4574173220537,1.8129071812452822e-60,222.59671730361748,612.3183547918916,580.6709683828066,600.5889576494936,710.0940932647773,486.07590789683695,533.5050311060926
b1c20,534.0,622.2571530168238,473.688201749373,522.7605805345072,588.4791593723841,500.08627372285264,565.9978010315679,503.24189865589375,495.5365898749878,483.81412233969326,502.47074098343484
b1c23,1014.0,622.2571530168238,846.5205737491858,910.5443516388693,957.779472209045,984.3260916484863,977.6636726749996,942.1878262596657,1164.0038677048087,952.6158438644055,831.1406143105172
b1c25,854.0,622.2571530168238,823.0187644221704,861.7606302565456,960.4564638474388,949.3596904148942,986.1606114603647,935.9167036343724,972.6436862447555,983.6077321954525,900.4682992665832
b1c27,842.0,622.2571530168238,713.7204730205765,808.3224078506576,728.6167351265816,865.3860561303613,824.5187540283944,874.5287975993494,908.7677966574627,865.0000030181362,859.0648894262957
b1c29,917.0,622.2571530168238,707.9930782912094,766.3831424893033,762.7608688403382,764.2902907925439,768.8874516807964,758.3951503357982,828.2251761741252,870.3894305123891,843.4109071782635
b1c31,876.0,622.2571530168238,674.7996469488716,869.7478418796411,950.3384479429974,694.0046692859623,712.9590099306198,689.7481094550342,722.6076968128839,784.8143231767015,794.5735267384604
b1c33,757.0,622.2571530168238,617.7619614084764,760.6039429136582,744.4391219285916,599.5917204157244,657.4723905121278,588.0263254541496,624.4934195469945,485.02777011912946,518.3512820295189
b1c35,703.0,622.2571530168238,668.9046291348795,648.4724141378719,785.979709873965,738.9266766680107,753.5378385538029,714.6255782835137,773.194405549651,782.0238230030352,751.5137633198052
b1c37,648.0,622.2571530168238,613.3038398175016,628.5611825977345,621.236679451334,589.3092722923122,635.5064895979788,565.3702693769304,603.3258143478329,722.9273007849621,710.7873926393048
b1c39,625.0,622.2571530168238,537.3181215771274,597.1985724761905,548.7076710769303,544.6330536804221,537.6788336122756,526.1775898127819,644.0998400683754,483.2425135972911,546.1667751568743
b1c41,1051.0,622.2571530168238,897.930547309789,954.5472280783348,944.2764360348226,1017.414400143233,938.6710510912377,1039.7105397585653,1087.1476370146806,978.690555509644,887.9743590518498
b1c43,651.0,622.2571530168238,616.6429054978695,632.6836479436049,571.6692256576723,670.9642981444658,582.1076691209216,650.3451810133319,753.086458787437,763.071031382686,713.8975141957884
b1c45,599.0,622.2571530168238,499.02062440720204,560.207482556284,153.65403744041623,513.39303189911,422.4582599640649,532.306708151677,568.9969345286707,507.3775820872253,477.94785179471745
b2c3,335.0,622.2571530168238,318.0103596877389,347.8105533818902,292.9220214870278,345.83767323927094,297.8162352538339,351.3666706306503,381.52974625750437,337.5854054694188,423.7851087815766
b2c5,480.0,622.2571530168238,577.3320319097401,453.00658281103625,415.42801891064425,522.5524817553996,570.8634475023781,514.9560498070575,487.3033682001079,489.8657321798013,503.90032910494824
b2c10,561.0,622.2571530168238,587.795007303907,587.7073803902097,532.3329371804151,513.8406727723683,588.4277377136682,497.3824871906679,496.81165135008007,474.56136233429874,514.6403693708388
b2c12,458.0,622.2571530168238,471.8822636817107,458.52264160413995,460.44333748700245,443.48708047259424,465.5057125636813,454.55782373468185,326.48688222944224,469.52381914674135,459.1908324862474
b2c14,485.0,622.2571530168238,529.2795386600682,543.3299899415474,496.23568573747934,461.02896575177226,491.714469580138,475.88594563625537,394.6925045281863,473.05426050120934,465.0846062103701
b2c18,487.0,622.2571530168238,658.3111173900528,589.2166112465028,576.694823073321,427.72236300808396,476.32545987946725,422.33664470857235,421.9603159627068,503.0280016205561,536.3822720919819
b2c20,502.0,622.2571530168238,574.8071462155261,271.96128471114446,391.78718365865535,538.008518323354,651.9771434167689,554.6730829620619,417.12588342257703,540.288314743925,538.8175034815604
b2c22,513.0,622.2571530168238,566.080652416066,456.8071844197022,502.79278888773166,484.48415841004373,534.2475948266132,492.59122318799274,475.2263638784054,464.83954115798736,476.0877801365849
b2c24,495.0,622.2571530168238,686.5373007511226,98.48396716121111,213.44234568528213,581.814286451686,655.4505506380376,588.4526663902384,522.5317103000096,775.0680825044368,722.8739252802336
b2c26,471.0,622.2571530168238,560.4230972278668,505.81649791383614,471.8369021100697,408.41181980637344,400.1647974878037,417.18086353882916,416.9636758982306,494.6650757150596,468.015614431884
b2c28,509.0,622.2571530168238,693.0193348171533,651.2230125385806,643.9989167765045,577.3150011792038,600.4408873522597,580.9987019320243,639.1948155647879,334.23310672361265,564.907090177392
b2c30,481.0,622.2571530168238,656.0105960431441,548.6204867344883,509.5057863936711,482.5396507612164,549.7297165268593,485.2290967681535,391.3660119665309,486.5282979787682,563.114285697338
b2c32,519.0,622.2571530168238,626.9522832259231,613.8500581153347,259.7178453782146,591.6605114760358,521.3930954584549,594.604419762227,619.1617387442499,537.8097433480903,557.1556164633824
b2c34,499.0,622.2571530168238,668.2420043706343,572.3414113114978,565.8978188541345,539.5644404262888,503.8031789861195,528.3424772780237,509.62868239430026,786.5432274800273,738.9221011162805
b2c36,535.0,622.2571530168238,536.8262817185981,553.4941683399729,481.3549508309166,652.3145738892789,560.5327750909667,608.9468203708196,1048.3246644107453,534.0392988976773,595.2289193164736
b2c38,465.0,622.2571530168238,567.013492255783,518.7151177140488,483.3766134533016,533.6828486383296,530.8080129153394,539.389296046242,578.0990101564046,490.99333565658594,500.75673785686996
b2c40,499.0,622.2571530168238,550.0280273309208,570.2624454340789,541.4387948008754,666.1433534306763,541.6538380125409,693.6930603127367,753.7012492183944,471.60600343806755,489.26304378280764
b2c42,466.0,622.2571530168238,549.1340947275582,348.1642783911681,396.6098594347989,477.3814830147799,490.77534600575683,479.9896073892328,449.99677993846836,475.46813424862154,492.43562510173064
b2c44,457.0,622.2571530168238,514.3759227733775,408.5900019703694,379.3550467464473,427.9110294764296,411.36857387588793,450.5333283360081,426.86845126659347,515.0473493716055,479.0512783590571
b2c46,429.0,622.2571530168238,469.7099146570174,402.77589864119415,377.4048536540424,477.9372523654225,402.80570585338023,486.06916115830717,468.20587562197073,491.7135080176349,510.64173298380337
b2c47,713.0,622.2571530168238,877.9292174055029,601.5427179006239,600.8693380969378,877.080418774249,810.1223270072861,887.8855637612487,1076.4160137137972,2092.418820981818,995.9163738055294
