model,seed,partition,RMSE,MAE,R2,MedAE,Bias,nRMSE,nMAE,MAPE,MaxAE
dummy,0,oof,331.00282051208086,213.19097833343926,-0.04932636270950708,150.00309232945688,-52.064138793137985,0.4912798885387821,0.31642159396434294,0.29694963026159527,1560.591217834185
dummy,0,test,398.8227857367373,238.988435857944,-0.06764083997469528,139.25715301682385,-100.38570412603327,0.5518947316708829,0.33071445112298276,0.2820162010115599,1614.7428469831762
dummy,1,oof,331.00282051208086,213.19097833343926,-0.04932636270950708,150.00309232945688,-52.064138793137985,0.4912798885387821,0.31642159396434294,0.29694963026159527,1560.591217834185
dummy,1,test,398.8227857367373,238.988435857944,-0.06764083997469528,139.25715301682385,-100.38570412603327,0.5518947316708829,0.33071445112298276,0.2820162010115599,1614.7428469831762
dummy,2,oof,331.00282051208086,213.19097833343926,-0.04932636270950708,150.00309232945688,-52.064138793137985,0.4912798885387821,0.31642159396434294,0.29694963026159527,1560.591217834185
dummy,2,test,398.8227857367373,238.988435857944,-0.06764083997469528,139.25715301682385,-100.38570412603327,0.5518947316708829,0.33071445112298276,0.2820162010115599,1614.7428469831762
dummy,3,oof,331.00282051208086,213.19097833343926,-0.04932636270950708,150.00309232945688,-52.064138793137985,0.4912798885387821,0.31642159396434294,0.29694963026159527,1560.591217834185
dummy,3,test,398.8227857367373,238.988435857944,-0.06764083997469528,139.25715301682385,-100.38570412603327,0.5518947316708829,0.33071445112298276,0.2820162010115599,1614.7428469831762
dummy,4,oof,331.00282051208086,213.19097833343926,-0.04932636270950708,150.00309232945688,-52.064138793137985,0.4912798885387821,0.31642159396434294,0.29694963026159527,1560.591217834185
dummy,4,test,398.8227857367373,238.988435857944,-0.06764083997469528,139.25715301682385,-100.38570412603327,0.5518947316708829,0.33071445112298276,0.2820162010115599,1614.7428469831762
dummy,5,oof,331.00282051208086,213.19097833343926,-0.04932636270950708,150.00309232945688,-52.064138793137985,0.4912798885387821,0.31642159396434294,0.29694963026159527,1560.591217834185
dummy,5,test,398.8227857367373,238.988435857944,-0.06764083997469528,139.25715301682385,-100.38570412603327,0.5518947316708829,0.33071445112298276,0.2820162010115599,1614.7428469831762
dummy,6,oof,331.00282051208086,213.19097833343926,-0.04932636270950708,150.00309232945688,-52.064138793137985,0.4912798885387821,0.31642159396434294,0.29694963026159527,1560.591217834185
dummy,6,test,398.8227857367373,238.988435857944,-0.06764083997469528,139.25715301682385,-100.38570412603327,0.5518947316708829,0.33071445112298276,0.2820162010115599,1614.7428469831762
dummy,7,oof,331.00282051208086,213.19097833343926,-0.04932636270950708,150.00309232945688,-52.064138793137985,0.4912798885387821,0.31642159396434294,0.29694963026159527,1560.591217834185
dummy,7,test,398.8227857367373,238.988435857944,-0.06764083997469528,139.25715301682385,-100.38570412603327,0.5518947316708829,0.33071445112298276,0.2820162010115599,1614.7428469831762
dummy,8,oof,331.00282051208086,213.19097833343926,-0.04932636270950708,150.00309232945688,-52.064138793137985,0.4912798885387821,0.31642159396434294,0.29694963026159527,1560.591217834185
dummy,8,test,398.8227857367373,238.988435857944,-0.06764083997469528,139.25715301682385,-100.38570412603327,0.5518947316708829,0.33071445112298276,0.2820162010115599,1614.7428469831762
dummy,9,oof,331.00282051208086,213.19097833343926,-0.04932636270950708,150.00309232945688,-52.064138793137985,0.4912798885387821,0.31642159396434294,0.29694963026159527,1560.591217834185
dummy,9,test,398.8227857367373,238.988435857944,-0.06764083997469528,139.25715301682385,-100.38570412603327,0.5518947316708829,0.33071445112298276,0.2820162010115599,1614.7428469831762
mean_rf_xgb,0,oof,224.0129251177575,93.88409119867772,0.5193893955377417,39.457708225980355,-35.833668892627344,0.3324837072772972,0.13934432881356018,0.11150273637856747,1266.0374408901218
mean_rf_xgb,0,test,157.23828102910846,86.25290799695462,0.8340482533803122,45.82063398909273,-21.62695777505366,0.21758781599362642,0.11935758742288867,0.10140807739815967,706.8434409520385
mean_rf_xgb,1,oof,219.09768072515013,94.29129651204154,0.540248922542122,49.910865005422124,-32.53714737256581,0.3251884198425701,0.13994870970872078,0.11414975186978318,1233.8351243652064
mean_rf_xgb,1,test,147.28514313836558,82.31594943329314,0.8543927045436297,45.13713804658477,-18.524956721545145,0.2038145699255825,0.11390958703826273,0.09966923092676246,667.2054831642299
mean_rf_xgb,2,oof,221.91822249267514,95.80397983612276,0.528335570350169,41.59648329320396,-31.43264618883513,0.32937471482043446,0.14219385944399918,0.11501144036634295,1247.4972036213194
mean_rf_xgb,2,test,153.5285804396291,83.92761488024739,0.841786433130811,38.02926362243187,-21.754157091596856,0.21245429733664206,0.11613982488123589,0.09957255452232079,719.686992205809
mean_rf_xgb,3,oof,221.0005505807922,90.78502009439477,0.532228340149465,42.09603358558684,-35.31388163427254,0.32801269091415003,0.1347446359640235,0.1091473479904546,1250.4168258451164
mean_rf_xgb,3,test,142.523824765176,81.01414042562493,0.8636546942807977,42.20535844076042,-18.807307366927724,0.19722581266308825,0.11210813145781844,0.09821870595367468,657.3734444005272
mean_rf_xgb,4,oof,215.19335876449023,91.55699482012818,0.5564884612025955,38.83952823865263,-34.01290311448337,0.3193935602861316,0.1358904136846675,0.11123907805469978,1206.5260173559427
mean_rf_xgb,4,test,163.5900246834304,85.16058147481033,0.820369992168704,36.90687208567243,-23.482062976064828,0.2263774187573417,0.11784601568126368,0.09819995113219533,808.1221733749105
mean_rf_xgb,5,oof,225.25899375719771,95.29265698939865,0.5140277458463591,45.46268216887688,-35.451705158925805,0.33433314306563516,0.14143494557505593,0.11139355819895455,1271.0172501316213
mean_rf_xgb,5,test,156.70911206820483,83.09018649903501,0.8351633602627786,39.55557281578331,-26.600344644133376,0.2168555469956378,0.11498098359063855,0.09582660186400463,692.1626155274214
mean_rf_xgb,6,oof,220.73285677425872,91.114064478635,0.5333608598452513,43.636160969017226,-34.49032199223277,0.3276153753165583,0.13523300910889208,0.10851723174954188,1244.8587121356072
mean_rf_xgb,6,test,161.24203737458356,85.3023282519854,0.8254894018710925,44.43658376549445,-24.28496059036394,0.2231282517786073,0.11804216620814428,0.09858526729268484,790.4181217837793
mean_rf_xgb,7,oof,225.69614669514195,96.86682035992011,0.5121396939026577,43.93350127956046,-36.84206668130148,0.33498197272302416,0.14377134501725763,0.11649949990567061,1267.6856904031497
mean_rf_xgb,7,test,159.89996440928059,88.14457395555712,0.8283823356409837,42.35750817674756,-23.814613760969657,0.22127107855391207,0.1219752926141939,0.10182988634835426,752.3844115519817
mean_rf_xgb,8,oof,221.94356955736205,97.60122993409574,0.5282278190224003,51.31047683549684,-38.725073671772265,0.32941233535519276,0.14486136791550555,0.11805627060772923,1243.3363304471336
mean_rf_xgb,8,test,151.33953866319138,82.20797600022577,0.8462659514211982,39.47038531902075,-23.23078425760831,0.20942508068445975,0.11376017238342995,0.09604127814394656,687.6520445514354
mean_rf_xgb,9,oof,221.91633610822916,95.99113705602477,0.5283435889495636,43.11005975826839,-35.9536253194076,0.3293719150172819,0.14247164130093454,0.11431875979993751,1249.7202407027658
mean_rf_xgb,9,test,159.80874865334556,86.11871159156644,0.82857808014943,39.3172614417777,-24.272014458352,0.22114485333071443,0.11917188517168431,0.10046767878681431,736.3495464351429
mean_rf_xgb_mlp,0,oof,205.5914257328915,88.08857857523903,0.595184445232257,44.562542426922846,-28.029402184061993,0.30514221166552824,0.1307425326377353,0.10670875984716557,1191.2033385852337
mean_rf_xgb_mlp,0,test,124.18142517853,70.92987647971921,0.8964908999978727,37.555572495199925,-20.499337067770078,0.17184342715226056,0.09815343191816438,0.08436080549133888,549.6882887309157
mean_rf_xgb_mlp,1,oof,215.09663687184636,97.38554317447698,0.55688705747225,52.75105724330734,-25.847857572494494,0.3192500040452397,0.1445412420414696,0.11904944085063815,1237.4442877492183
mean_rf_xgb_mlp,1,test,133.58500198218945,80.86200571261159,0.8802210075930005,45.30057788093879,-19.700088819379495,0.1848561854058172,0.11189760600737,0.10086810925785253,592.6630768980922
mean_rf_xgb_mlp,2,oof,208.31029625255107,90.40818928393661,0.5844065749074498,48.96498212046009,-31.213713193278714,0.30917760448720655,0.13418533741099772,0.11093082829590789,1202.4988995523595
mean_rf_xgb_mlp,2,test,128.2995720825458,75.31160947698473,0.8895118584345165,50.781774343528525,-22.05480786570759,0.1775421576708156,0.10421691535808898,0.09262163977361783,580.4581013306054
mean_rf_xgb_mlp,3,oof,212.56706014852696,94.40747646262393,0.5672479564055009,49.65908958058344,-26.526174601452723,0.31549556422276304,0.14012114592266078,0.12885707666942542,1200.6962330925098
mean_rf_xgb_mlp,3,test,126.52254884677784,70.88755073016748,0.8925513118085728,38.1805328374445,-21.891025243225485,0.17508309616041215,0.09809486114681672,0.08476934521306152,604.0045075588205
mean_rf_xgb_mlp,4,oof,226.06472488686433,92.3188544926912,0.5105449702241724,46.68356517308075,-34.71963866449029,0.3355290226021372,0.1370211784752512,0.10937466987675759,1298.3118240808499
mean_rf_xgb_mlp,4,test,165.1325818544192,81.21572532811713,0.8169664111428345,38.78824796492748,-33.15883534215655,0.2285120239163654,0.11238708654676681,0.0889541721820908,841.4286141982548
mean_rf_xgb_mlp,5,oof,212.4499327636507,94.25968924397024,0.5677247297162908,45.96844945983855,-27.072627855369568,0.3153217218110947,0.1399017976760346,0.11510360526370988,1193.9579234703951
mean_rf_xgb_mlp,5,test,124.14279075044325,68.55348406433308,0.896555295986279,34.29404512039886,-23.55889147363469,0.1717899644663641,0.09486495768515006,0.08023593540143703,558.5951785624268
mean_rf_xgb_mlp,6,oof,167.96413366552306,85.25057703943723,0.7298031363517969,54.76765361889045,-10.188403094456408,0.2492951592921534,0.12653032358155686,0.11636030266054313,945.8906482994078
mean_rf_xgb_mlp,6,test,109.72877142333327,69.95186585908961,0.9191823372885433,45.610591718978014,-6.43713853678597,0.15184370860202293,0.09680005159901696,0.09005467145571366,415.1334768655786
mean_rf_xgb_mlp,7,oof,209.3938996562397,90.45196991040592,0.5800716019417451,48.4027530404631,-31.084006965367134,0.3107859066719457,0.13425031734457873,0.10923309998105439,1203.1363676429291
mean_rf_xgb_mlp,7,test,131.89289225096968,74.95471935738198,0.8832362493592197,40.672361381006255,-22.022000603272403,0.1825146280037141,0.10372304744522563,0.08809821602497579,617.0389315065916
mean_rf_xgb_mlp,8,oof,230.9557733695756,108.38511949061937,0.4891365390856047,66.03209098284697,-31.88046891851648,0.34278839806518246,0.16086699605833313,0.13773720229070907,1312.9507308062116
mean_rf_xgb_mlp,8,test,125.51476706280437,77.04749774072359,0.8942562027487914,45.77458011236797,-10.394390039385243,0.17368851822469716,0.10661905390630921,0.0990911482101022,578.8729872721569
mean_rf_xgb_mlp,9,oof,226.3832317197197,99.2268855720965,0.5091647938789119,53.70123340298363,-30.191520029686753,0.3360017557380722,0.14727419303706765,0.12175025937647833,1303.3041662319552
mean_rf_xgb_mlp,9,test,126.47088724653428,71.04036261864752,0.8926390406433498,33.57803699475849,-19.080279186750246,0.17501160635084312,0.09830632367906152,0.08597189692294929,599.6197149985144
mlp,0,oof,182.86330397508362,89.83328231508298,0.6797417547624811,47.654354150710105,-12.420868766931283,0.27140875553788113,0.1333320509310166,0.11522328080273746,1041.5351339754575
mlp,0,test,81.78115658848132,54.55728609008596,0.9551077110618025,33.56947228641525,-18.244095653202912,0.11316953565669058,0.07549688694881916,0.07121548296435634,251.84502561183024
mlp,1,oof,226.92693469324146,115.6933149026475,0.5068042919354075,66.02041843652228,-12.469277972351854,0.33680872872947076,0.17171394117465058,0.1483807029995119,1244.6626145172431
mlp,1,test,130.98841961799627,95.31531366987413,0.8848322034603324,68.38799948541791,-22.050353015048184,0.18126301024532449,0.13189822984859523,0.13015354073037,443.57826436581627
mlp,2,oof,191.39334853556608,88.47448490944869,0.6491666450744833,50.27022877919262,-30.775847202165885,0.28406918947140924,0.13131530123397755,0.11466374695231761,1112.5022914144392
mlp,2,test,97.48718062726194,69.94320146582307,0.9362088731163162,48.41672563623766,-22.65610941392905,0.1349036798242233,0.09678806172991232,0.09608450571159285,302.00031958019804
mlp,3,oof,252.74673854766516,144.08118979777132,0.3881875429682934,83.94976948007809,-8.950760535813039,0.3751309108186458,0.2138476969920585,0.22380339980977443,1101.2550475872965
mlp,3,test,111.45215771282398,71.26660914220022,0.9166237775318393,41.71942312657342,-28.058460995820994,0.15422854680038903,0.09861940575178443,0.08923754597338789,497.2666338754075
mlp,4,oof,254.62437929963582,102.42382973270223,0.3790635395581299,41.345632675509705,-36.133109764504084,0.3779177364351676,0.15201915070376454,0.11969666245796945,1481.8834375306637
mlp,4,test,180.2976189862659,88.78843142467959,0.7818047781894615,34.86617347557046,-52.51238007433996,0.24949754530075344,0.12286626865133085,0.0945052608644523,908.041495844943
mlp,5,oof,193.498731045365,100.04987251703938,0.641405654071584,57.047177722366314,-10.314473248257109,0.28719403319070247,0.14849568394145,0.1331871206046311,1039.8392701479431
mlp,5,test,83.02425978814003,54.04585212762807,0.9537325805511683,31.244302358042432,-17.475985132637316,0.11488975358643476,0.074789159808915,0.07087245832646591,291.4603046324373
mlp,6,oof,134.30698865704088,97.26132433080737,0.8272395134281798,65.47857870448445,38.41543470109636,0.19934066518023008,0.14435687436877723,0.1547256489475979,378.83021428557436
mlp,6,test,128.58964045338305,86.92236164090906,0.8890116955094781,56.89714209176918,29.258505570369955,0.17794355701763,0.12028398368812167,0.12305061145144684,412.6033783862978
mlp,7,oof,191.0850547799197,85.67023574167416,0.6502959698114517,34.04351076109515,-19.567887533498435,0.2836116147544421,0.12715318800349842,0.10505944363511124,1074.037722122488
mlp,7,test,93.91058950996972,62.37068402592662,0.9408037239841879,28.443099746967164,-18.436774287877885,0.12995435931003027,0.08630914069022168,0.07974202862225654,346.3479714158118
mlp,8,oof,269.48063964947494,146.33099924508514,0.30449167273391575,86.50038588581504,-18.191259412004918,0.39996764500537474,0.21718690157285298,0.20066730438275657,1452.179531524368
mlp,8,test,114.38114420901503,90.09889236797372,0.9121839039261993,79.04771942386213,15.278398397060915,0.1582817059332026,0.12467969686187923,0.13739994806398895,361.31487271360015
mlp,9,oof,248.35163095652223,117.2194450329475,0.4092806081947018,63.79842521664011,-18.667309450245064,0.36860761907100387,0.17397904888324817,0.15524804460152813,1410.4720172903335
mlp,9,test,95.29712514152834,63.15083994042883,0.9390428222233276,40.15889813775084,-8.696808643546753,0.13187306039155844,0.08738872780132487,0.08463675681312328,326.1600521252574
plsr,0,oof,206.89227399270976,102.48825755011777,0.5900454214628568,65.57083618958109,-26.307258648921493,0.30707295227704534,0.15211477554137084,0.13843277293759018,1166.1290026131105
plsr,0,test,113.92954311111548,73.71101133021595,0.9128759682846638,50.67360668532672,-12.962995388663666,0.15765677607547857,0.1020019925494735,0.0939514017822305,513.1911763524097
plsr,1,oof,206.89227399270976,102.48825755011777,0.5900454214628568,65.57083618958109,-26.307258648921493,0.30707295227704534,0.15211477554137084,0.13843277293759018,1166.1290026131105
plsr,1,test,113.92954311111548,73.71101133021595,0.9128759682846638,50.67360668532672,-12.962995388663666,0.15765677607547857,0.1020019925494735,0.0939514017822305,513.1911763524097
plsr,2,oof,206.89227399270976,102.48825755011777,0.5900454214628568,65.57083618958109,-26.307258648921493,0.30707295227704534,0.15211477554137084,0.13843277293759018,1166.1290026131105
plsr,2,test,113.92954311111548,73.71101133021595,0.9128759682846638,50.67360668532672,-12.962995388663666,0.15765677607547857,0.1020019925494735,0.0939514017822305,513.1911763524097
plsr,3,oof,206.89227399270976,102.48825755011777,0.5900454214628568,65.57083618958109,-26.307258648921493,0.30707295227704534,0.15211477554137084,0.13843277293759018,1166.1290026131105
plsr,3,test,113.92954311111548,73.71101133021595,0.9128759682846638,50.67360668532672,-12.962995388663666,0.15765677607547857,0.1020019925494735,0.0939514017822305,513.1911763524097
plsr,4,oof,206.89227399270976,102.48825755011777,0.5900454214628568,65.57083618958109,-26.307258648921493,0.30707295227704534,0.15211477554137084,0.13843277293759018,1166.1290026131105
plsr,4,test,113.92954311111548,73.71101133021595,0.9128759682846638,50.67360668532672,-12.962995388663666,0.15765677607547857,0.1020019925494735,0.0939514017822305,513.1911763524097
plsr,5,oof,206.89227399270976,102.48825755011777,0.5900454214628568,65.57083618958109,-26.307258648921493,0.30707295227704534,0.15211477554137084,0.13843277293759018,1166.1290026131105
plsr,5,test,113.92954311111548,73.71101133021595,0.9128759682846638,50.67360668532672,-12.962995388663666,0.15765677607547857,0.1020019925494735,0.0939514017822305,513.1911763524097
plsr,6,oof,206.89227399270976,102.48825755011777,0.5900454214628568,65.57083618958109,-26.307258648921493,0.30707295227704534,0.15211477554137084,0.13843277293759018,1166.1290026131105
plsr,6,test,113.92954311111548,73.71101133021595,0.9128759682846638,50.67360668532672,-12.962995388663666,0.15765677607547857,0.1020019925494735,0.0939514017822305,513.1911763524097
plsr,7,oof,206.89227399270976,102.48825755011777,0.5900454214628568,65.57083618958109,-26.307258648921493,0.30707295227704534,0.15211477554137084,0.13843277293759018,1166.1290026131105
plsr,7,test,113.92954311111548,73.71101133021595,0.9128759682846638,50.67360668532672,-12.962995388663666,0.15765677607547857,0.1020019925494735,0.0939514017822305,513.1911763524097
plsr,8,oof,206.89227399270976,102.48825755011777,0.5900454214628568,65.57083618958109,-26.307258648921493,0.30707295227704534,0.15211477554137084,0.13843277293759018,1166.1290026131105
plsr,8,test,113.92954311111548,73.71101133021595,0.9128759682846638,50.67360668532672,-12.962995388663666,0.15765677607547857,0.1020019925494735,0.0939514017822305,513.1911763524097
plsr,9,oof,206.89227399270976,102.48825755011777,0.5900454214628568,65.57083618958109,-26.307258648921493,0.30707295227704534,0.15211477554137084,0.13843277293759018,1166.1290026131105
plsr,9,test,113.92954311111548,73.71101133021595,0.9128759682846638,50.67360668532672,-12.962995388663666,0.15765677607547857,0.1020019925494735,0.0939514017822305,513.1911763524097
rf,0,oof,224.8515814799959,98.48384651265394,0.5157840532169107,38.498160947135545,-37.66872968454968,0.3337284549913058,0.14617136211333664,0.11646090818071067,1247.8775551200874
rf,0,test,177.09509385121925,96.64108603137335,0.7894872945366262,44.03067394956042,-26.628095935151958,0.24506586082011164,0.13373284614403746,0.1109707331041653,783.6816328806394
rf,1,oof,218.43378356737261,95.19599609279084,0.5430309236232527,44.35214767918296,-37.203264263281405,0.3242030526448841,0.14129147986549465,0.11318346627277207,1217.5222384765063
rf,1,test,163.5056293202483,93.50735549385682,0.8205552849982154,45.296550628640745,-24.988514255729775,0.2262606316579496,0.12939636027616838,0.1113419401613828,735.6719526565848
rf,2,oof,221.79044443713624,97.78545441722983,0.5288785722909963,38.341160871025636,-35.3964500806047,0.32918506450632007,0.1451347969557784,0.1180903586610785,1232.55037648092
rf,2,test,165.21990738286092,92.13555562116035,0.8167727760540572,47.175046131888394,-28.17474906158844,0.22863286580607423,0.12749805067670703,0.10749883213353696,749.6719580444308
rf,3,oof,222.00349230912732,99.08860906466079,0.5279730362084308,46.82157722442008,-36.89155572519522,0.3295012736994722,0.1470689607461299,0.1182050208135467,1229.4178802058577
rf,3,test,157.69113831585557,91.66707416183378,0.8330909714844619,40.783199012454105,-18.46129296813742,0.21821448417732311,0.12684976161566403,0.11176894695805331,663.7938858713667
rf,4,oof,220.11953290358693,96.94261327786047,0.535950445390076,41.73827875271854,-36.80581245157535,0.32670506983228587,0.14388383812598754,0.11553216221652973,1228.5591147900104
rf,4,test,175.43892155303632,97.70087229286476,0.7934062632541986,47.659189598675766,-26.38137535921671,0.2427740339767232,0.135199388366127,0.11351799404229965,776.194053781071
rf,5,oof,221.05223595961857,97.44363843567471,0.5320095191328543,41.98313426161724,-35.446780262354295,0.32808940321258184,0.14462746799386994,0.11617991276398625,1231.3894807319925
rf,5,test,163.7495394201911,92.90048086136423,0.8200195111001681,57.3547941389742,-27.014802360253363,0.2265981567542429,0.1285565614370959,0.10866411096603831,726.2961783204678
rf,6,oof,219.02512703089002,96.92360078296838,0.5405533631552037,38.05493153063492,-37.39656359074411,0.32508073444347274,0.14385561946501968,0.11556762235724441,1210.7990893102772
rf,6,test,168.2195035654334,93.05181907264712,0.8100593381657609,49.50252252152066,-25.493713701886755,0.23278373528872864,0.128765984680939,0.1083447966204502,761.228699622246
rf,7,oof,219.62025241120614,97.6524270690433,0.5380531949607157,39.26834215655742,-33.84564057368338,0.32596402942584174,0.14493735555425627,0.1169015402683837,1217.9897279742681
rf,7,test,164.8827349595081,92.29950403971674,0.8175198546622129,43.28077940984116,-21.474818749152842,0.22816628342721296,0.1277249240442853,0.10852086183578874,732.7636961508383
rf,8,oof,222.36166743927353,98.6093846313786,0.5264486934801078,41.294190151588,-33.652476653519756,0.3300328831816614,0.14635768787599635,0.1194107899503746,1231.3316574762985
rf,8,test,160.33627472068167,91.52116259051745,0.827444490340367,46.42525092554175,-23.347945032376217,0.22187484887709236,0.12664784780737812,0.10930746076233425,717.1087766028709
rf,9,oof,220.09381042658575,97.69226528636432,0.5360588937990585,40.13074835306588,-33.40025541444403,0.32666689210433014,0.14499648409864382,0.11717962042137688,1219.7343656828753
rf,9,test,167.57560649642707,91.4643359773885,0.811510634401085,46.34915371609213,-28.64492438963928,0.231892704452899,0.1265692106042739,0.10597874230851231,767.1983604484108
ridge,0,oof,212.46995828097525,96.64436135544874,0.5676432333958761,54.64678874760904,-30.499363934847267,0.31535144401679643,0.14344116766483486,0.1255300980583532,1222.7916286567543
ridge,0,test,127.19900710535862,74.88935949670113,0.8913992822500348,42.14137351627963,-21.144132377778742,0.1760191854774163,0.10363260185369337,0.09080471075531199,572.6013566382974
ridge,1,oof,212.46995828097525,96.64436135544874,0.5676432333958761,54.64678874760904,-30.499363934847267,0.31535144401679643,0.14344116766483486,0.1255300980583532,1222.7916286567543
ridge,1,test,127.19900710535862,74.88935949670113,0.8913992822500348,42.14137351627963,-21.144132377778742,0.1760191854774163,0.10363260185369337,0.09080471075531199,572.6013566382974
ridge,2,oof,212.46995828097525,96.64436135544874,0.5676432333958761,54.64678874760904,-30.499363934847267,0.31535144401679643,0.14344116766483486,0.1255300980583532,1222.7916286567543
ridge,2,test,127.19900710535862,74.88935949670113,0.8913992822500348,42.14137351627963,-21.144132377778742,0.1760191854774163,0.10363260185369337,0.09080471075531199,572.6013566382974
ridge,3,oof,212.46995828097525,96.64436135544874,0.5676432333958761,54.64678874760904,-30.499363934847267,0.31535144401679643,0.14344116766483486,0.1255300980583532,1222.7916286567543
ridge,3,test,127.19900710535862,74.88935949670113,0.8913992822500348,42.14137351627963,-21.144132377778742,0.1760191854774163,0.10363260185369337,0.09080471075531199,572.6013566382974
ridge,4,oof,212.46995828097525,96.64436135544874,0.5676432333958761,54.64678874760904,-30.499363934847267,0.31535144401679643,0.14344116766483486,0.1255300980583532,1222.7916286567543
ridge,4,test,127.19900710535862,74.88935949670113,0.8913992822500348,42.14137351627963,-21.144132377778742,0.1760191854774163,0.10363260185369337,0.09080471075531199,572.6013566382974
ridge,5,oof,212.46995828097525,96.64436135544874,0.5676432333958761,54.64678874760904,-30.499363934847267,0.31535144401679643,0.14344116766483486,0.1255300980583532,1222.7916286567543
ridge,5,test,127.19900710535862,74.88935949670113,0.8913992822500348,42.14137351627963,-21.144132377778742,0.1760191854774163,0.10363260185369337,0.09080471075531199,572.6013566382974
ridge,6,oof,212.46995828097525,96.64436135544874,0.5676432333958761,54.64678874760904,-30.499363934847267,0.31535144401679643,0.14344116766483486,0.1255300980583532,1222.7916286567543
ridge,6,test,127.19900710535862,74.88935949670113,0.8913992822500348,42.14137351627963,-21.144132377778742,0.1760191854774163,0.10363260185369337,0.09080471075531199,572.6013566382974
ridge,7,oof,212.46995828097525,96.64436135544874,0.5676432333958761,54.64678874760904,-30.499363934847267,0.31535144401679643,0.14344116766483486,0.1255300980583532,1222.7916286567543
ridge,7,test,127.19900710535862,74.88935949670113,0.8913992822500348,42.14137351627963,-21.144132377778742,0.1760191854774163,0.10363260185369337,0.09080471075531199,572.6013566382974
ridge,8,oof,212.46995828097525,96.64436135544874,0.5676432333958761,54.64678874760904,-30.499363934847267,0.31535144401679643,0.14344116766483486,0.1255300980583532,1222.7916286567543
ridge,8,test,127.19900710535862,74.88935949670113,0.8913992822500348,42.14137351627963,-21.144132377778742,0.1760191854774163,0.10363260185369337,0.09080471075531199,572.6013566382974
ridge,9,oof,212.46995828097525,96.64436135544874,0.5676432333958761,54.64678874760904,-30.499363934847267,0.31535144401679643,0.14344116766483486,0.1255300980583532,1222.7916286567543
ridge,9,test,127.19900710535862,74.88935949670113,0.8913992822500348,42.14137351627963,-21.144132377778742,0.1760191854774163,0.10363260185369337,0.09080471075531199,572.6013566382974
stack_rf_mlp,0,oof,198.79378937265497,96.87091253914303,0.6215113857444404,51.13339897585888,-9.186786870991025,0.29505304678101846,0.1437774186976855,0.12347641384779723,1127.417984280568
stack_rf_mlp,0,test,79.93259984584218,56.290661255658094,0.9571142380452914,35.81219339565499,-5.823226886271297,0.11061148540494124,0.07789554784809859,0.07766137136387881,239.4241568448913
stack_rf_mlp,1,oof,219.58022487177305,110.19281916556376,0.5382215665814816,55.201320008378616,0.040025858276458055,0.3259046198864283,0.16355001396568616,0.14590683319765865,1224.589096551861
stack_rf_mlp,1,test,140.86249407763313,88.72372629009155,0.8668147898724109,53.39903684613691,5.30553522528802,0.1949268475918616,0.12277672907593967,0.11790649565847315,613.7164204254584
stack_rf_mlp,2,oof,201.25875152109253,99.5786295462331,0.6120669833444432,63.681878015748225,-5.81127226971394,0.2987115845773528,0.14779625729060084,0.13365940898657358,1149.977739918324
stack_rf_mlp,2,test,95.16502106670389,73.5055521293262,0.9392117068587543,68.4555148291268,8.119737788236828,0.13169025352711816,0.10171767616986922,0.11055599440927073,271.22447237803226
stack_rf_mlp,3,oof,241.23126098249287,121.750935623538,0.44266749990751786,52.92213403389974,-9.817796394185205,0.35803944759202894,0.18070476254579562,0.18028473287340344,1221.2669632872417
stack_rf_mlp,3,test,134.4701510642468,81.21366182082537,0.8786284108005242,47.16550335313849,7.097769319942937,0.1860810630522344,0.11238423104591827,0.10615938728958826,585.0638824085613
stack_rf_mlp,4,oof,242.7872369859746,110.35122791825479,0.43545456439139396,61.53458538382847,-3.340674095063225,0.3603488530417376,0.1637851268696947,0.14386165326042755,1372.470272386317
stack_rf_mlp,4,test,173.75703473108965,104.45768429532116,0.7973483958381933,50.71390178905193,10.424437092358627,0.24044662313287093,0.1445495285296527,0.13466094535859582,739.3882413294957
stack_rf_mlp,5,oof,208.00238709912725,103.43480936167651,0.5856342669388968,61.613457416297024,-5.1626194218746795,0.3087206006032514,0.1535196634748312,0.1363958746822558,1131.7175263192928
stack_rf_mlp,5,test,81.47947538787147,54.13049553516277,0.9554383050669851,30.445129563012387,-7.1615118843780365,0.11275206636653165,0.07490629015442116,0.07339029529051252,281.145831384237
stack_rf_mlp,6,oof,162.7641439029299,94.24542909104522,0.7462741760056899,74.8325377405938,-26.39523340839716,0.2415772480459067,0.13988063252001354,0.1318460179418047,868.9905906749736
stack_rf_mlp,6,test,109.53567130200116,76.5628177704394,0.9194665320112556,46.39788679947293,-6.436745927243517,0.15157649483325258,0.1059483491930564,0.10651587556347392,365.26739727498966
stack_rf_mlp,7,oof,213.9344834196355,101.78531344113736,0.5616623443491999,53.86075194550176,-4.401032148098369,0.31752511657272864,0.15107145420962323,0.12796092539255835,1167.9745338639132
stack_rf_mlp,7,test,92.08997553014281,65.83508753292418,0.9430767132757316,41.084295099523416,1.1311132456205542,0.1274349765169516,0.09110321493139652,0.09057548143811159,326.7800838823134
stack_rf_mlp,8,oof,230.36902418915494,111.08521969995968,0.4917289657905498,62.31075034414653,1.6373621547226676,0.34191753517793777,0.1648745296734125,0.1507947748266308,1273.056439985949
stack_rf_mlp,8,test,158.96156084413053,95.28280238032187,0.8303907671272595,46.28310416629415,10.30453162114354,0.21997250685161882,0.13185324041954197,0.12494508285278631,683.4562999493512
stack_rf_mlp,9,oof,249.30329494880476,127.7578133939409,0.40474475343661676,67.83640193023575,17.425863969077774,0.37002009458807544,0.18962027038631543,0.18007110657889697,1375.2194413888692
stack_rf_mlp,9,test,165.1776781908271,97.0199949839098,0.8168664275869126,47.36472618478294,4.75533102480478,0.22857442865193037,0.13425718392554484,0.1252391854432887,733.798105033964
stack_rf_xgb,0,oof,231.1393815351098,104.96261442131724,0.4883239507170847,54.910952928115194,-4.754188955139198,0.3430609123566284,0.15578725714139904,0.1375674155855963,1282.6936981433087
stack_rf_xgb,0,test,161.34766990540265,98.01034330522374,0.825260676972115,52.573496625471705,13.315954613709174,0.22327442707083495,0.13562763727123975,0.12851779995628754,692.1114442869255
stack_rf_xgb,1,oof,225.71243176019848,106.56134670269942,0.5120692884166202,57.38864062236166,-5.04680888982122,0.3350061432872914,0.15816012216951478,0.1406775909792828,1239.8296578547443
stack_rf_xgb,1,test,159.1388627186767,96.25165637466755,0.8300122000626362,48.11951848313058,12.509571808390401,0.22021785885751446,0.13319394971289372,0.1272134544081372,688.0039562662596
stack_rf_xgb,2,oof,228.9710919775399,106.41298419260009,0.4978788605381894,57.02764496733994,-5.35844303424466,0.3398427009513154,0.1579399200657618,0.13966943693665232,1259.4676888295426
stack_rf_xgb,2,test,160.60119025031037,95.16881474865923,0.8268738097673022,50.379385630590264,7.675665084478743,0.22224144148505934,0.13169550325998114,0.12364581694298359,709.4673307465225
stack_rf_xgb,3,oof,230.50061476629142,104.40264485940129,0.4911481343919035,56.20408905594127,-6.572106673270682,0.34211284409998366,0.1549561410091027,0.13713609991040376,1275.745578872454
stack_rf_xgb,3,test,145.47039453183973,92.19497333522348,0.8579587497415833,48.3232301811795,16.98216362759567,0.2013033036913864,0.12758027346971718,0.12450937917990174,623.2568297106559
stack_rf_xgb,4,oof,221.61418601062834,100.87789996227015,0.5296270817758459,46.69169847892988,0.964831562599831,0.32892345881971335,0.149724656040149,0.13406302211601034,1210.2895763281228
stack_rf_xgb,4,test,158.62005001989033,88.75348634088498,0.8311187565569687,49.113868899461664,10.63724318447847,0.21949992095269988,0.12281791131485517,0.11597602309760817,808.8302991913583
stack_rf_xgb,5,oof,234.98961057570426,107.97346982161685,0.4711353756056329,57.300511464634155,-6.686935926970843,0.34877548630190686,0.16025601877665402,0.14041414556360135,1295.2884104040302
stack_rf_xgb,5,test,161.72572573682487,98.38859626600714,0.824440849644683,51.394472076081826,8.431977902100932,0.22379758429529983,0.13615106728517348,0.12817336105575072,690.8493980581136
stack_rf_xgb,6,oof,234.82845414917963,109.19905637436706,0.4718605200690831,63.50748729747556,-4.682817454393802,0.3485362952547193,0.16207505471144837,0.14570836674284937,1286.5899991989136
stack_rf_xgb,6,test,166.7019789233582,100.04171913308957,0.813470827437507,54.95937733606996,11.902849888857352,0.23068377037926413,0.13843867429704992,0.13078017220665425,723.8321360315019
stack_rf_xgb,7,oof,230.28943201494658,106.41177563036932,0.49208011897508597,49.79059558708616,-5.48641716239322,0.341799403149899,0.15793812629760867,0.13966199198265675,1267.3928978589374
stack_rf_xgb,7,test,163.94567905264446,98.21316370950902,0.8195880906630031,43.06536770108755,12.370821824530518,0.22686957662716445,0.13590830205921975,0.12727769652920526,698.918055577155
stack_rf_xgb,8,oof,225.39645195337567,108.81826935600067,0.5134344620884584,63.028025664920165,0.6143719800082308,0.3345371608054012,0.16150988428888022,0.14810879975786195,1242.41468971952
stack_rf_xgb,8,test,149.61907987594353,90.81816322589383,0.8497414435673618,47.472090726233375,16.23401562663965,0.2070442935913027,0.12567503065755795,0.12205205581219834,644.0053057787602
stack_rf_xgb,9,oof,228.0038766493163,106.07298577924081,0.5021120019554793,52.029674481850634,-4.975464520346023,0.33840714388292675,0.15743528876878343,0.13917060287498464,1255.227799571809
stack_rf_xgb,9,test,164.73835566274772,96.80065405442112,0.8178392916243878,46.602865129119266,5.094445336935324,0.22796648999490643,0.1339536578790052,0.12506125606452143,732.1627165006007
stack_rf_xgb_mlp,0,oof,204.61851076262462,94.87857525905332,0.5990067759187302,44.80586755111267,-14.830702473689257,0.3036981950936725,0.1408203585875031,0.1181450771989134,1171.3913413574437
stack_rf_xgb_mlp,0,test,79.93259984584186,56.290661255657824,0.9571142380452917,35.81219339565203,-5.823226886271595,0.11061148540494081,0.07789554784809821,0.07766137136387861,239.42415684489896
stack_rf_xgb_mlp,1,oof,223.15304127481502,109.29284114580744,0.5230720055191007,55.20133423250809,-4.537912522413177,0.33120745338355834,0.16221425162822564,0.14306167206373815,1239.4044651693805
stack_rf_xgb_mlp,1,test,140.86249526958858,88.72372681499272,0.8668147876184278,53.399035755976,5.305535705099133,0.1949268492413008,0.12277672980230286,0.11790649622888465,613.7164263110878
stack_rf_xgb_mlp,2,oof,201.83530705206306,99.5019906250723,0.6098411392855922,63.681878015748225,-6.352212633882925,0.29956731788063223,0.14768250852982784,0.1332175090869831,1153.8354759099043
stack_rf_xgb_mlp,2,test,95.16502106670389,73.5055521293262,0.9392117068587543,68.4555148291268,8.119737788236828,0.13169025352711816,0.10171767616986922,0.11055599440927073,271.22447237803226
stack_rf_xgb_mlp,3,oof,249.3566463168472,119.58241170011917,0.4044899547196842,48.50205864124894,-17.786149098653528,0.37009927957539585,0.17748620329079373,0.1735933101954248,1275.7455778785995
stack_rf_xgb_mlp,3,test,131.98831218705018,79.89807758750423,0.8830672391918118,44.68017093678054,6.931285703877367,0.1826466710110411,0.11056371317831959,0.10469512032435874,584.9210604999514
stack_rf_xgb_mlp,4,oof,239.47222893147034,104.58945414353849,0.45076588124297634,55.08301148556882,0.09039393632992149,0.3554286629811137,0.1552334064539921,0.13655532410535712,1345.2394736124925
stack_rf_xgb_mlp,4,test,158.62005001989033,88.75348634088498,0.8311187565569687,49.11386889946172,10.637243184478482,0.21949992095269988,0.12281791131485517,0.11597602309760816,808.8302991913586
stack_rf_xgb_mlp,5,oof,216.68821854334402,103.2034220570187,0.5503052749220116,58.877019033456236,-9.491503870025426,0.3216122560192986,0.15317623459085458,0.1330836379229226,1190.9594713096344
stack_rf_xgb_mlp,5,test,81.47948479634988,54.13051606816364,0.9554382947758593,30.445184531388975,-7.16149736507454,0.11275207938607279,0.07490631856818138,0.07339031420053484,281.1462128646185
stack_rf_xgb_mlp,6,oof,231.6690017456981,107.3516238687423,0.4859764109287189,61.854906715386846,-51.968080874272026,0.34384698347718007,0.1593330646763117,0.13306656162876576,1280.4318550505632
stack_rf_xgb_mlp,6,test,109.53567133629768,76.56281777522133,0.9194665319608243,46.39788663097636,-6.4367459492055445,0.15157649488071243,0.10594834919967369,0.10651587559629017,365.26739826355566
stack_rf_xgb_mlp,7,oof,216.8575433567046,102.12155864170444,0.5496021981570004,52.11974496834159,-5.879303810903971,0.32186357072201305,0.1515705149257849,0.1278724209078111,1186.2944206614468
stack_rf_xgb_mlp,7,test,92.08999005975794,65.8350993437528,0.9430766953134397,41.0843096742079,1.1311197090877285,0.12743499662317004,0.09110323127533254,0.0905754938071507,326.7802951029223
stack_rf_xgb_mlp,8,oof,226.32349412688362,109.3076032739711,0.5094238010928551,62.21409951111707,1.0851887774637357,0.3359130922097534,0.16223616182424033,0.14917806636434322,1251.7095652561984
stack_rf_xgb_mlp,8,test,149.61907089248587,90.81815898455868,0.8497414616110678,47.47213295098936,16.234025372980575,0.20704428115990928,0.12567502478835837,0.12205205620665407,644.0052401970106
stack_rf_xgb_mlp,9,oof,248.09800359459035,126.9176777245331,0.4104865281861946,71.38203757016583,14.886622804084581,0.3682311811243196,0.1883733270600151,0.17792832664218824,1377.0854061052041
stack_rf_xgb_mlp,9,test,164.73836111449276,96.80065680923872,0.8178392795677694,46.60287469773135,5.094441077821038,0.2279664975390826,0.13395366169114778,0.1250612582992297,732.1627370403016
stack_ridge_rf_xgb_mlp,0,oof,208.64266042127565,95.69805985520232,0.5830793379985226,47.98811198236217,-16.911761247847643,0.3096709049113923,0.14203665124758524,0.11856236630151584,1194.4893700213665
stack_ridge_rf_xgb_mlp,0,test,79.93259984584228,56.29066125565815,0.9571142380452913,35.81219339565371,-5.823226886271232,0.11061148540494138,0.07789554784809866,0.07766137136387884,239.4241568448952
stack_ridge_rf_xgb_mlp,1,oof,218.03109274558324,101.2199266524756,0.5447142496048258,55.004272217921425,-3.0235330972405743,0.32360537223316366,0.15023229773933897,0.13539321379367644,1229.0415321947503
stack_ridge_rf_xgb_mlp,1,test,128.86442241456245,80.99788633731153,0.8885368490309498,56.92409659822795,8.111316486771566,0.17832380288661406,0.11208563889713961,0.1069270430357394,576.7653182247116
stack_ridge_rf_xgb_mlp,2,oof,206.181467007112,99.71066467836029,0.5928574936833874,63.681878015748225,-8.726412292971595,0.3060179607331158,0.14799222602855386,0.13183407812332865,1178.5324821778158
stack_ridge_rf_xgb_mlp,2,test,95.16505396104881,73.5055606569024,0.9392116648350904,68.45554643969035,8.119735838030065,0.13169029904662286,0.10171768797040957,0.11055596373440434,271.22543452251966
stack_ridge_rf_xgb_mlp,3,oof,244.4900366517391,123.67213426949611,0.42750786274742836,61.88426836573433,-9.513540407325614,0.36287617661168925,0.18355623751264627,0.18420398348634162,1259.229713595772
stack_ridge_rf_xgb_mlp,3,test,119.9491213945761,76.2076857209032,0.9034261833425216,52.733294150603456,4.596667045494089,0.16598672526678515,0.10545691411412918,0.09900498148550527,544.4217608342253
stack_ridge_rf_xgb_mlp,4,oof,216.26721055604702,98.58624878233087,0.5520510195738564,57.5848614639516,-0.8306299123303705,0.3209873889660414,0.14632334926424723,0.1318677709980699,1221.5221338719186
stack_ridge_rf_xgb_mlp,4,test,137.71613723138336,82.28924149367768,0.8726980903568045,54.108919216197364,9.981643497170674,0.1905728893189055,0.11387262833957572,0.10711332973466614,672.4298246629883
stack_ridge_rf_xgb_mlp,5,oof,222.6219995154876,101.15740851270897,0.5253392148346554,56.2856205207172,-12.14756790309626,0.3304192723767373,0.15013950727704414,0.1282233345058216,1249.5286187884947
stack_ridge_rf_xgb_mlp,5,test,81.47947538787005,54.13049553515971,0.9554383050669867,30.445129563004144,-7.161511884380223,0.11275206636652968,0.07490629015441692,0.07339029529050971,281.14583138418016
stack_ridge_rf_xgb_mlp,6,oof,227.83338274620644,106.25916957725528,0.5028563325477653,61.37853466735692,-50.53924332261134,0.33815409399777235,0.15771162585677187,0.13212033414925128,1269.7834158646533
stack_ridge_rf_xgb_mlp,6,test,109.53566303261972,76.56280923676039,0.9194665441709828,46.397876076669945,-6.436744525012743,0.15157648339000457,0.10594833738407092,0.10651586829623697,365.26744740068847
stack_ridge_rf_xgb_mlp,7,oof,222.59093986341233,104.26444667716687,0.5254716525131804,53.86135931178876,-5.996904012149979,0.33037317312481557,0.15475102496973073,0.1305212806249122,1221.6102575615173
stack_ridge_rf_xgb_mlp,7,test,92.08997553014281,65.83508753292418,0.9430767132757316,41.084295099523416,1.1311132456205542,0.1274349765169516,0.09110321493139652,0.09057548143811159,326.7800838823134
stack_ridge_rf_xgb_mlp,8,oof,219.91450175883568,105.97746557660498,0.5368145240908637,63.140299964445205,-0.3336702270942529,0.32640075919896694,0.1572935160961774,0.14386738087279274,1233.363521428883
stack_ridge_rf_xgb_mlp,8,test,128.16817564368256,81.94023573592477,0.8897380527080518,58.71713655909582,9.520982051768504,0.1773603300396912,0.11338967088098714,0.10787769410725782,566.7828424338245
stack_ridge_rf_xgb_mlp,9,oof,237.04788371293213,118.96081456854934,0.46183015449178155,70.13392676576325,11.879935959490794,0.35183040950732036,0.17656361849516808,0.1672945784607888,1344.5909250568889
stack_ridge_rf_xgb_mlp,9,test,131.68174520727547,82.12850766117263,0.8836098037761991,57.06316378315046,8.173659806509848,0.18222244073360253,0.11365020334648779,0.1075818773331208,591.342778901673
stack_xgb_mlp,0,oof,204.6185104390653,94.87857524339987,0.5990067771868959,44.8058680555647,-14.830702270339113,0.3036981946134404,0.14082035856427,0.11814507728233006,1171.3913395595841
stack_xgb_mlp,0,test,79.9325998458426,56.290661255658655,0.9571142380452909,35.81219339565641,-5.82322688627058,0.11061148540494183,0.07789554784809936,0.07766137136387966,239.42415684488554
stack_xgb_mlp,1,oof,228.99606136555803,112.34619898524768,0.4977693415498029,55.80567591616682,-4.886919747656459,0.33987976093208366,0.16674609609018082,0.14834255959415032,1261.983458202861
stack_xgb_mlp,1,test,126.5283917889418,87.98610954101147,0.8925413873963154,66.06721051249252,4.951608578057197,0.1750911816788757,0.12175600806307806,0.12143206243507011,511.1017702343654
stack_xgb_mlp,2,oof,202.58715567196887,98.08884707475902,0.6069289951166155,65.03686273460352,-8.405658023037123,0.3006832241004461,0.145585097381448,0.13031371972579947,1164.8366784957716
stack_xgb_mlp,2,test,95.16502106670389,73.5055521293262,0.9392117068587543,68.4555148291268,8.119737788236828,0.13169025352711816,0.10171767616986922,0.11055599440927073,271.22447237803226
stack_xgb_mlp,3,oof,250.6940372233001,117.73482575846995,0.3980849480514447,51.80191285456419,-12.844306393634769,0.3720842573905048,0.17474398552335896,0.1724877045850127,1281.857949256897
stack_xgb_mlp,3,test,122.0249206597181,77.38494547446828,0.9000547126713991,52.37463084561318,4.51138213342846,0.1688592358639966,0.10708601726228684,0.10402829174188476,578.68300149573
stack_xgb_mlp,4,oof,241.01357146762305,105.92120733264258,0.44367293094844806,56.35273511482012,-0.9637823841404225,0.3577163491953571,0.15721001667529488,0.13811274971888712,1355.7223056114103
stack_xgb_mlp,4,test,158.62005001989033,88.75348634088498,0.8311187565569687,49.11386889946172,10.637243184478482,0.21949992095269988,0.12281791131485517,0.11597602309760816,808.8302991913586
stack_xgb_mlp,5,oof,219.5222213482362,103.20004789621868,0.538465497824034,60.268895666595824,-11.116171450773447,0.3258185300925892,0.15317122660530574,0.1321497848449677,1208.878683337358
stack_xgb_mlp,5,test,81.47947538787005,54.13049553515971,0.9554383050669867,30.445129563004144,-7.161511884380223,0.11275206636652968,0.07490629015441692,0.07339029529050971,281.14583138418016
stack_xgb_mlp,6,oof,231.89964985799105,107.60658919774399,0.48495238451465106,60.906774599813616,-52.96707473030236,0.344189315239561,0.15971148845596234,0.1337587189188243,1280.4318344304672
stack_xgb_mlp,6,test,110.34296837057265,76.04063675174174,0.9182750659668656,48.20901817115549,-7.186639241033627,0.15269364012928904,0.10522575017538642,0.10695404064413318,402.1466382355395
stack_xgb_mlp,7,oof,224.1091829290945,101.9480028173994,0.5189762723725135,52.11974500722681,-10.601505152491457,0.33262657472099894,0.15131292048629363,0.1263954393172887,1237.0840856231193
stack_xgb_mlp,7,test,92.08997553014281,65.83508753292418,0.9430767132757316,41.084295099523416,1.1311132456205542,0.1274349765169516,0.09110321493139652,0.09057548143811159,326.7800838823134
stack_xgb_mlp,8,oof,225.66082561751304,107.75053394251697,0.5122923806332516,64.187099572384,-0.6188168033691664,0.3349295485924571,0.15992513363898045,0.14683967386214175,1251.0954998085576
stack_xgb_mlp,8,test,148.06855136496233,95.2234589757266,0.8528396175294903,59.3667624868998,20.68404720718438,0.20489865761683035,0.13177112045667416,0.13048435206969056,614.3976418099753
stack_xgb_mlp,9,oof,249.01643548938733,132.8647616784675,0.40611381965262416,85.46959247011125,22.48124709288436,0.3695943330098784,0.1972000879241662,0.18845139994271023,1377.0854081341693
stack_xgb_mlp,9,test,156.50200730678677,96.51445108340592,0.8355987643566918,53.679412841796875,18.607890697306434,0.21656895347385735,0.133557607508914,0.12914778764483187,666.9937371975038
valweighted_rf_xgb_mlp,0,oof,200.95803253320955,87.25263051997518,0.6132254091816243,45.172316426278144,-25.737503594047244,0.2982652524566171,0.12950180463795913,0.10659676376659435,1169.1547699813077
valweighted_rf_xgb_mlp,0,test,115.40240836889215,68.25832474138211,0.9106087525983828,39.68725448126054,-20.17770260723496,0.15969494090782743,0.09445651343079466,0.08202002454194322,503.6162885313397
valweighted_rf_xgb_mlp,1,oof,215.07127817812372,97.12268606867917,0.5569915324020445,52.39653577167513,-26.154919313846012,0.3192123662504732,0.14415110515551138,0.11858233958929736,1237.0437743799434
valweighted_rf_xgb_mlp,1,test,134.10306942226893,80.85656349399403,0.8792901557348983,44.725233796861346,-19.77013064383211,0.18557309201460562,0.11189007501392868,0.1006451455920783,596.3651948079255
valweighted_rf_xgb_mlp,2,oof,205.7963541455171,89.47237866144387,0.5943770228984985,51.449254840968365,-31.194588945185288,0.30544636982211854,0.13279639172890237,0.11052661309231204,1192.786214931652
valweighted_rf_xgb_mlp,2,test,123.56219460940886,74.47609633814528,0.8975206223011898,50.76946572400095,-22.163752591136593,0.17098653005156905,0.10306072439794742,0.09255595537384699,550.9374389238567
valweighted_rf_xgb_mlp,3,oof,212.57276145679052,93.40230171074406,0.5672247422171138,46.46832620743112,-27.957288390242887,0.31550402619926193,0.1386292488466734,0.12496932052558836,1208.7011749841965
valweighted_rf_xgb_mlp,3,test,128.84135901801022,71.66424634765106,0.8885767434992216,36.662799186449405,-21.38946931691579,0.1782918875409848,0.09916965986627606,0.08563417504064247,612.6861105417279
valweighted_rf_xgb_mlp,4,oof,223.55641340880376,91.88040625495505,0.5213462541275755,47.33700254892801,-34.507066994066655,0.33180614501017064,0.13637042631237897,0.10943089654141407,1279.0538414100843
valweighted_rf_xgb_mlp,4,test,164.32463644905036,80.84695555576188,0.8187530891672091,35.753282761052844,-31.114383113821695,0.22739398144575518,0.11187677945840332,0.08918532050556024,835.4188470917504
valweighted_rf_xgb_mlp,5,oof,209.74851998128898,94.27474525069272,0.5786480528952751,47.59684355507039,-25.24164571281264,0.3113122400533177,0.1399241440514915,0.11627998790696903,1175.9864912183823
valweighted_rf_xgb_mlp,5,test,117.71346242992696,66.57453251373833,0.9069925962488543,35.17279055160486,-22.906187985752467,0.1628929993099711,0.09212646586857139,0.07842843775056665,530.3871370222946
valweighted_rf_xgb_mlp,6,oof,140.3622433317362,81.56982366919036,0.8113104727312745,56.24044607995086,7.576679364879019,0.20832797482628093,0.12106728824344065,0.12326279396547744,726.5196269069659
valweighted_rf_xgb_mlp,6,test,93.18353740471413,68.6248627897822,0.9417167663803886,49.98539635822863,6.6207798757150025,0.1289482577509141,0.09496373223850459,0.09684049777710997,287.1765256962799
valweighted_rf_xgb_mlp,7,oof,205.82103381376533,89.21410127923089,0.5942797302054171,46.89957471176416,-29.596175720127526,0.3054829997959882,0.13241305214481852,0.10782483752223587,1185.8456355772382
valweighted_rf_xgb_mlp,7,test,125.72368168028488,72.59192050952461,0.8939038966314349,38.424486050505095,-21.505362308632243,0.1739776162423632,0.10045338411914052,0.08587046475506531,583.9969562648621
valweighted_rf_xgb_mlp,8,oof,228.13373024293193,105.44271380865626,0.5015447225101421,62.22997330947118,-33.46836557102478,0.33859987474515674,0.1564998286328883,0.13229924741469304,1296.5431898909173
valweighted_rf_xgb_mlp,8,test,130.7387853216748,77.67721645083358,0.8852707527090965,40.770923002368306,-13.41133331171798,0.18091756395210512,0.10749046459540083,0.09735246665920216,604.5546366091755
valweighted_rf_xgb_mlp,9,oof,225.43855782322555,98.45869744526031,0.5132526563978355,51.94608511310031,-30.919736804825916,0.33459965503736777,0.1461340354494524,0.12009090854551108,1295.3766838310366
valweighted_rf_xgb_mlp,9,test,130.68046496259535,72.35371680346158,0.8853730874294351,35.335653920866264,-19.879933111551868,0.18083685968926905,0.10012375558450748,0.08683551327556256,618.8661406335252
xgb,0,oof,225.6475971963652,93.55861607993522,0.5123495585919802,38.463287353515625,-33.99860810070503,0.33490991474989046,0.13886125323187606,0.11309262744761059,1284.1973266601562
xgb,0,test,141.83176794779942,85.41278948102679,0.8649755907476826,52.163848876953125,-16.625819614955358,0.1962681379133332,0.11819502349850501,0.10665482388213836,630.0052490234375
xgb,1,oof,223.98874021672185,95.48364183379383,0.5194931653755741,50.5296630859375,-27.87103048185023,0.332447811645149,0.1417184084558915,0.1190469587241954,1250.1480102539062
xgb,1,test,138.1032461442516,82.2786363874163,0.8719814137861547,42.81138610839844,-12.061399187360491,0.191108574282843,0.11385795289352854,0.10486479442008195,598.739013671875
xgb,2,oof,224.40150529268007,96.9749696312881,0.5177205835351881,44.02587890625,-27.46884229706555,0.3330604444323734,0.1439318619636118,0.11662439929614371,1262.4440307617188
xgb,2,test,147.62721267833354,85.31735447474888,0.8537155736557862,48.58160400390625,-15.333565121605282,0.204287928980594,0.11806295963689675,0.10651228120226922,689.7020263671875
xgb,3,oof,222.95511341861325,88.8277022198933,0.5239176625769969,37.218017578125,-33.73620754334985,0.33091368556918416,0.1318395522377507,0.10732157156945898,1271.415771484375
xgb,3,test,134.42645637531146,78.7261250813802,0.8787072748780667,53.78961181640625,-19.153321765718005,0.18602059792965905,0.10894195424921646,0.09872999949070688,650.9530029296875
xgb,4,oof,212.8950289186861,92.14670544135862,0.5659115438272473,39.93719482421875,-31.219993777391387,0.31598234092333227,0.13676567199159076,0.11443037977646864,1184.492919921875
xgb,4,test,159.59579865308748,80.26168823242188,0.8290346255719088,45.94110107421875,-20.582750592912948,0.22085017111230848,0.11106688101748605,0.09505905744996103,840.05029296875
xgb,5,oof,231.97258617569477,95.43370316668255,0.48462835139036375,42.15301513671875,-35.456630055497335,0.34429756853473376,0.1416442886560232,0.11096452370668364,1310.64501953125
xgb,5,test,157.10523849191398,85.69911411830357,0.8343289649307291,48.863433837890625,-26.185886928013392,0.2174037104761091,0.11859124223151626,0.10138794856524777,658.029052734375
xgb,6,oof,225.2060821334026,88.94882499880907,0.5142560214032683,40.4166259765625,-31.58408039372142,0.33425461075403656,0.13201932467966884,0.10705992171390902,1278.9183349609375
xgb,6,test,162.86616984736202,88.01534089587983,0.8219561326417121,46.78746032714844,-23.076207478841145,0.22537574160947596,0.121796458687587,0.10548897790157741,819.6075439453125
xgb,7,oof,234.3199558279637,99.61354697622905,0.47414531363591195,50.872406005859375,-39.83849278891959,0.347781573593488,0.14784808232064114,0.12209915546795601,1317.3816528320312
xgb,7,test,163.91007529656852,95.51957194010417,0.8196664415433459,56.84577941894531,-26.154408772786457,0.22682030781377477,0.13218088436902822,0.1139102750725155,772.005126953125
xgb,8,oof,223.57359499774714,98.62108407369475,0.5212726767444504,53.0166015625,-43.79767069002477,0.33183164621009387,0.14637505238276444,0.12070203506074859,1255.3410034179688
xgb,8,test,148.42744249280847,81.57041349865142,0.8521253731937348,40.9873046875,-23.113623482840403,0.20539529454376976,0.11287790738174557,0.0975760696281927,658.1953125
xgb,9,oof,226.8455363836357,99.00134128477515,0.50715804541972,47.1407470703125,-38.50699522437119,0.3366879160052514,0.14693943645655158,0.11807365890913957,1279.7061157226562
xgb,9,test,156.66077701782817,86.66547212146577,0.8352650283592645,45.85186767578125,-19.899104527064733,0.21678866049714288,0.11992849754873192,0.10428109133562796,705.500732421875
