cell_id,cycle_life
b1c1,2160.0
b1c3,1434.0
b1c5,1074.0
b1c7,870.0
b1c11,788.0
b1c15,719.0
b1c17,857.0
b1c19,788.0
b1c21,559.0
b1c24,1017.0
b1c26,870.0
b1c28,860.0
b1c30,709.0
b1c32,731.0
b1c34,742.0
b1c36,704.0
b1c38,617.0
b1c40,966.0
b1c42,702.0
b1c44,616.0
b2c0,300.0
b2c2,438.0
b2c4,444.0
b2c6,511.0
b2c11,477.0
b2c13,483.0
b2c17,494.0
b2c19,461.0
b2c21,489.0
b2c23,527.0
b2c25,461.0
b2c27,468.0
b2c29,498.0
b2c31,492.0
b2c33,520.0
b2c35,463.0
b2c37,478.0
b2c39,459.0
b2c41,429.0
b2c43,462.0
b2c45,487.0
