,rf,xgb,mlp,ensemble
qd_ref,0.0011319820448418025,0.0073560453,0.01397460519926488,0.013691861566702749
qc_ref,0.001254062727890893,0.004658555,0.012212944418343141,0.011962727049260536
qd_mean,0.0008787083524858904,0.006093081,0.008461436626359807,0.008285786484604226
qd_std,0.0021716399920171056,0.0041681584,0.0010580829777068967,0.0010361989675438828
qd_retention,0.0006372233199460227,0.0011185724,0.0027197533886808897,0.0026556865055866333
qd_max_minus_ref,0.0005715350518014561,0.0041709063,0.007109344966175301,0.006937809526179668
qd_slope,0.0005055571453177637,0.0021747109,0.004629714068138617,0.004527484941918063
qd_slope_late,0.001869318408869555,0.0018131497,0.0014982418034421702,0.001462212414786851
ce_mean,0.0008550431336189655,0.00047984187,0.003666110055176737,0.003601475859311692
ce_std,0.003222294477501492,0.00229428,0.008606239802959824,0.00845592449300762
ce_slope,0.0007697484093032441,0.014253435,0.02215450733345882,0.021661371550157744
v_dis_avg_mean,0.003640197318928149,0.0055273105,0.0074458947831130455,0.007330823798217075
v_dis_avg_std,0.14958161296397646,0.15203446,0.03530816054887481,0.03465582035528345
e_dis_mean,0.0011400935181209433,0.009602237,0.005926734769777713,0.0058120604696888945
v_q10_last,0.0006606526204177945,0.004304034,0.014028376333767004,0.013742219206403986
v_q50_last,0.0008629894479290206,0.000736317,0.009472343267543955,0.009261656974410991
v_q90_last,0.006328007220124789,0.020437922,0.012753872002432528,0.012532997717355075
i_chg_mean,0.002215267121947536,0.013885404,0.018378048187562248,0.01806644229467342
i_chg_std,0.025504966807129437,0.011975247,0.028750975673072023,0.02830334143911946
i_max,0.002189745063680486,0.010230625,0.00686787297733093,0.0067415900713520506
t_chg_mean,0.00483972816486153,0.0011125305,0.019905998232129705,0.01956458480783246
t_dis_mean,0.000491314108172585,0.0038972015,0.01099657452209222,0.010799141293961497
t_cv_mean,0.007804420714657448,0.01161861,0.01585389365400905,0.015553312689576432
temp_mean,0.0013824860413233528,0.0017948607,0.0033825103773012016,0.0033145694923199156
temp_max,0.0011479146197516527,0.00088917685,0.003067403113180764,0.0029961334432143773
temp_range,0.0010725139655232824,0.0012099979,0.00181693999855423,0.001784596270533122
temp_std,0.0016016989264737607,0.00025757749,0.012544179838448487,0.01230550216757895
ir_ref,0.002546471201106118,0.0056514284,0.02249730265922853,0.022034215664665544
ir_min,0.0023453091542656283,0.0018541745,0.02119487905812782,0.02073079374100095
ir_change,0.0021836321350390394,0.0043270774,0.007437391724142284,0.00728701794083643
qd_curvature,0.003528833218368136,0.010353535,0.01844387370225766,0.018043412720068215
qd_slope_last10,0.0015763075373137262,0.0017236935,0.005303600340219346,0.005176245115060619
qd_resid_std_last10,0.016001502106278,0.0056784833,0.01923946760508452,0.018836222056078985
dq_var_log,0.0037102813258777334,0.019772323,0.025656652830238397,0.025233784961205923
dq_min_log,0.007522674539758927,0.0004901226,0.027831298151925293,0.02737188483280936
dq_mean,0.007059075016006096,0.0025333704,0.013787445857422084,0.013530677300458966
dq_rms,0.003565664201040981,0.00017428101,0.011102879147818687,0.010908442016060707
dv_q50,0.007145607280993972,0.008783158,0.0025241288052467456,0.0024837392359144663
dv_dis_avg,0.10165405417204328,0.0651112,0.026489155199307,0.026005888550391706
dqdv_peak_shift,0.0007492502436066402,0.00013985366,0.006458889199808919,0.006319635735869865
dqdv_peak_ratio,0.006115022866711683,0.0059000663,0.007723708989503594,0.007576363959936573
t_chg_slope,0.0010399359117197141,0.0042572264,0.008455853535777515,0.008271661923037132
t_dis_slope,0.0022247151538076462,0.0037236023,0.0015156848001968263,0.0014878284123775749
t_cv_slope,0.001199820479983413,0.0004469816,0.00722686121208032,0.007066021979978283
ir_slope,0.0006782921100550452,0.0018673359,0.003327975527009554,0.0032593872691956275
temp_slope,0.005291344216657405,0.0077658617,0.010660075452560947,0.010452426636546738
