feature,ensemble_share,rf_share,xgb_share,mlp_share,spearman_value_vs_shap,learned_sign,expected_sign,plausibility,min_top10_frequency_rf_xgb,stable
v_dis_avg_std,0.0654972162040055,0.3735165375718802,0.3388724781088298,0.06544997706083418,-0.9883315776679361,-,-,consistent,1.0,True
i_chg_std,0.05349144976310382,0.06368782034045174,0.026691854772866633,0.05329506462604811,-0.9889798233530509,-,?,not assessed,0.9333333333333333,True
dq_min_log,0.051731058172233835,0.018784684104506767,0.0010924434855214805,0.051590278204815626,-0.9837938578721335,-,-,consistent,0.4,False
dv_dis_avg,0.049149415235314096,0.25383781864706917,0.14512757596271428,0.04910237670851332,0.9930313588850175,+,+,consistent,1.0,True
dq_var_log,0.04769019034338104,0.009264851520174533,0.04407090323857329,0.04755918498989613,-0.9896280690381655,-,-,consistent,0.4666666666666667,False
ir_ref,0.04164321526598242,0.006358730108711478,0.012596575248558053,0.04170276559547576,-0.9954622802041974,-,-,consistent,0.2,False
ce_slope,0.040938564464819506,0.001922119670641951,0.031769749432198964,0.04106733328012951,0.9705048213272831,+,?,not assessed,0.0,False
ir_min,0.03917983374264515,0.0058564133483966435,0.004132804590521312,0.03928849100596455,-0.9983793857872133,-,-,consistent,0.0,False
t_chg_mean,0.03697577572723205,0.012085165222570098,0.002479740151356482,0.03689932036709892,0.9857385949274775,+,+,consistent,0.0,False
qd_resid_std_last10,0.03559921813495826,0.039956954228896426,0.012656878471680427,0.03566378689346853,-0.9659671015314805,-,-,consistent,0.6,False
